Temperature_C,Pulse_BPM,Accel_X,Accel_Y,Accel_Z,Gyro_X,Gyro_Y,Gyro_Z,MQ_Gas,Saliva_pH,Disease
40.12823810258289,38.9864662067035,11083.725397373219,1849.6635416756035,9581.98671277911,465.22946891646234,-118.80697847774684,-71.16578022515316,372.0395734953893,8.061950392184261,Ketosis
38.2701339824823,62.46213047967328,10868.19843861552,3490.41874485025,13541.617294511589,-183.5710243669841,941.9727020136329,-205.6775975374596,311.87419508871113,8.173062069930237,Healthy
38.15336973801678,61.85556618581079,9175.513898314744,3674.906555341184,14966.398161227515,-169.0138223263749,546.1723477518126,-203.87415948550785,303.52139511406364,8.146295250595562,Healthy
38.404650456664434,62.371238012550556,12309.058331531467,252.07693909090358,8473.45644636168,-436.0772317711041,-15.813234687743488,-149.73668104279744,259.32238168297044,8.27899817837596,Healthy
38.36650396586261,68.26831401372166,3549.05360135338,1209.3412855312909,12306.14814350039,-311.3818782782737,457.25920679882825,239.23505098725227,305.6206127444079,8.437349042244364,Healthy
38.02150544346228,62.39395581651881,13661.655131720045,3109.4799754474207,5274.839580137973,0.5381943294453375,55.89515738378191,-47.02655744418951,292.25383204583056,8.51709785350522,Healthy
38.55970692298338,80.69387652517266,13060.621524344357,1797.2946349883632,4944.649063863202,187.00849733792057,1122.4134371294867,-137.87051929214542,374.4385872194288,8.135346553159122,Healthy
38.419146895211476,65.93633962793535,10308.622248780393,1079.7899379298312,6257.539451799031,-87.7626043484401,500.51639064588585,23.641303340688893,285.7066315172787,8.233590538176678,Healthy
38.17282507485357,67.40195988408364,7758.93340806185,4284.908624607946,11944.26661789486,-131.29750737005358,630.5989783977286,-116.95289098341067,338.61420800972684,8.363670342881566,Healthy
38.571408173510456,57.72759767800075,9655.075030102902,3592.313411611658,8552.067319450232,-366.7672196673143,1210.0345797022624,-150.07352706196497,330.13015246479347,8.67427309306648,Healthy
38.1658701772346,64.41579942645228,14012.904503813435,2504.4692830171666,12524.247636620292,-257.6109940557256,576.7063844591661,89.12522971527088,366.75401535890387,8.016612778982662,Healthy
38.88785641147669,97.4864662067035,1629.0792634076151,2875.701531858963,10731.472580716236,-376.67324708503656,1333.6705486286155,86.24820032698761,343.84903765076547,8.262289232554217,Ketosis
38.334354374028656,59.275819832703625,13359.068736523084,1731.1596698223968,7165.943200064059,-50.330150385359275,1229.6164697862118,-67.36035350000154,272.98283621709834,8.258154461436886,Healthy
38.28288254756851,62.66027355501015,10596.278757677948,373.07899169004213,9783.761720008528,6.115944436837507,-200.2387829291324,-195.62847475780342,316.2609784227155,8.54988399862835,Healthy
38.28483516466154,64.03870659474347,8463.266063591029,1559.53006010321,12003.154782053109,-173.0339507031911,864.6243852186531,-31.608585423845287,308.1440464622175,8.509574834762894,Healthy
38.351971891956026,64.88964505221,12531.002698234286,2021.6731850642059,15134.2147365385,-94.70163568259557,190.94532354201294,81.34474985670377,327.9477302926189,8.199726366108651,Healthy
38.386422968757614,64.66460936048603,4489.222783676732,-16.933856888724677,3845.0030990870464,185.71587122767903,-92.8790456414954,-109.02592695971234,326.0092476105305,8.376600430511415,Healthy
38.34836002952129,60.519196125162836,9539.41342416637,913.3440175821577,10901.75431285525,445.0087974513042,930.2741768965955,164.48691804260753,278.5679853841194,8.527926235704804,Healthy
38.05835560279081,59.11314619615218,8808.026763433048,1160.369128239442,7698.9759784807175,-195.12963382763266,884.7319013554172,16.291329510390852,309.4695747147082,8.521384755629065,Healthy
38.11797043646754,72.39345610382863,8114.746122272419,1577.2281747767815,3168.7586691217266,-178.8058427463479,49.13186437519414,-69.26285921917616,319.10160299683923,8.177599428349332,Healthy
38.28698615879066,66.34431204432713,9347.347210059459,315.73328042221897,5665.461007624489,380.56863826401445,186.8310615563655,-188.90100602301118,230.26975761797735,8.790164380222373,Healthy
38.38975790254393,67.32357258021398,14718.518581751676,1476.7251132204108,10053.77423248027,108.63218139672,-19.010034567601224,-12.573541897850575,321.19947486307984,8.412289855861854,Healthy
38.27365530800962,66.20048369928435,3221.9494344356517,511.6343193105008,8460.827192536808,-195.55120480903315,746.3644719940482,-82.61067118619555,284.23739348304855,8.280186930437944,Healthy
38.296850432828506,54.54907206351092,6772.085906885573,2887.7489139580516,8131.716951958527,344.22530485779953,39.44054875979782,131.18345785860555,249.5235258798389,8.140924980392555,Healthy
38.35358332438045,63.009764777119926,4997.09683336436,1813.0016377360025,12883.44866451597,443.28244406484146,727.3956741900668,22.96793537361773,256.2428727566135,7.93327414965246,Healthy
38.64506080266161,69.84481901194535,11773.16452464745,-78.72262055621195,12703.917081712134,-156.32206381315558,251.74159655165056,-193.21077228523524,315.96944121970364,8.063968974164197,Healthy
38.478988347619705,72.20319904762593,3451.1795098235216,308.22514696727285,7450.168284099626,90.51037853665352,807.1909783799143,-63.632839792314826,370.38253988230355,8.35227825084774,Healthy
38.41389059123882,65.01398318753819,11651.186310122968,1181.8446366215217,10554.046261053933,410.87635325540685,776.26437059151,-39.264924086575675,336.42608608217574,8.00073247127447,Healthy
38.01852028749502,56.7387538941691,4620.676144633462,2267.505489297459,13023.202773542129,9.072142001968402,889.3466838074426,-66.82911187024581,351.9835703845655,8.263799324609014,Healthy
38.376325332106326,75.75419653632451,10055.712370740994,2759.0818331062133,5574.664184006887,76.10071682934844,240.48038153237002,-26.696553330520818,336.89792970119936,8.160932081660995,Healthy
38.27342417448707,73.68922745546242,4956.585476918524,2793.4949937276524,8361.870716959389,-224.94585230137199,1105.082096764851,-56.41898135433162,317.18010223122724,8.477356761693857,Healthy
38.47178280619352,62.46872070936419,14208.793399000035,2384.52017774513,5192.998578705907,-312.43395661412524,304.90442153010935,61.28734086655106,280.86129907126815,8.034363679525132,Healthy
38.5288630193613,63.5864310615227,5379.36086485285,1806.540847750825,12807.869182276949,299.7312988449449,397.72302402674944,211.8398381340156,317.0578007120764,8.045262385268266,Healthy
38.20988378598168,67.05367711084409,3368.9089095468025,3204.3263832565326,13135.496339484234,-110.90984437687786,-158.8150514924621,156.8883754807136,340.2461257583635,8.57582307965701,Healthy
38.709106811677,49.80304369823867,13273.108100556236,1838.0861094290012,3149.4521470682994,500.3145123057749,1266.26497877165,95.19260275718176,299.30094623194253,8.431274606582974,Healthy
38.577701841090324,62.18772835284936,6698.062556931962,384.68997760378033,7053.25333733922,-130.23793812164496,890.7575589869436,-140.22745980776673,294.9888657483209,8.218354668411033,Healthy
38.42887549313814,83.83128912103503,9919.330081730268,1651.8932063643692,11564.308847435295,-377.64759258261336,-129.48115085698964,199.78124196061782,278.85595591578476,8.12528589156203,Healthy
38.43620745843854,77.17942979086473,6391.433385812921,1816.930140011305,3503.4295622849913,-257.4879168034678,1226.4448386621825,-127.56161459573016,301.31074693787514,8.074217833185239,Healthy
38.328041025186856,60.56165839959024,9944.277307829845,1633.074154171585,9822.273250353232,499.0841485699374,130.64954187996193,-27.960318945646012,329.2249938404157,8.587481559676243,Healthy
38.68279528081594,52.368259280526885,6785.595048174868,4610.362296452131,9161.067985482841,119.43567367305499,994.7826622428199,49.84896073642271,292.46828534892074,8.221636678767723,Healthy
38.4315397617873,63.16106116479706,6236.029883612635,3892.7583642151026,9689.158570155612,367.3754860898579,93.70984088087619,-175.40522924359283,250.5233368825182,8.70891097193364,Healthy
38.23050091489481,70.72081774195658,12540.40950797616,406.031658384479,4510.99104683563,202.79360571287668,125.9050434901593,-167.88348596328876,312.8017515547676,7.786184415356456,Healthy
38.30216942417277,60.45759879108887,13523.329748749442,673.7118113112479,10785.272792136744,394.8285724983703,206.77226077788083,131.8301064584241,232.9225565870089,8.351184945178526,Healthy
38.43547843698468,60.42379347924665,10748.658678486001,740.9169840247657,7115.417422913305,-9.934152331153559,1074.599778846749,210.36595581053507,311.63998889102623,8.45547305409821,Healthy
38.51701079045464,62.68751364962813,14518.646429212351,2456.065856969639,5421.130076002693,431.4642811672227,669.4400645924327,-55.57886532108742,305.30911010159963,8.280557481259397,Healthy
38.10529179083219,67.12462987315764,11149.113909892098,1507.9916607726761,12636.69771407478,-71.43766305446023,876.4171388392419,-195.5058938342164,268.72625287902116,8.455646410760941,Healthy
38.31612028020133,75.43226158631221,3841.312442882021,3100.0918642974593,13387.552950317895,293.4133184977636,643.1917663083416,-185.05758509086758,307.24200945144884,8.337418178033538,Healthy
38.31771876994741,58.691076718818806,6724.692839007092,4005.9877878263983,3184.3512969832664,128.25143645457203,-176.8859205576979,47.0974645058142,325.4210837653967,8.14593608255625,Healthy
38.41850341564887,81.336679219817,12538.004411953554,3104.7725113314473,11300.035668683926,292.3972460028873,656.4095682978902,-117.20030813349322,305.7288310858712,8.614741242425898,Healthy
38.12390415560507,74.33582687131891,11733.331526040947,4432.913823390465,3753.4855599364073,-40.37693518983552,617.8045497798486,-160.84362607298561,346.6726410148549,8.361541549795314,Healthy
38.61174532683325,67.16273150288458,10073.781470678046,1897.8401585493011,12563.562715604692,-235.4270286344626,1124.9339140266893,57.77983036990736,327.00336442192037,8.023821392684713,Healthy
38.44292036435024,49.32092470397982,5965.783472146695,690.4757786214473,12853.684700407855,371.38728979955124,-165.65967599230908,178.31735416760338,301.75237778816125,8.293704810185488,Healthy
38.33415478956018,68.75463205056937,6179.922882946441,2654.066378057017,12745.196858260158,142.0016991088031,650.7144626094454,-174.63284210620228,303.7180032201727,8.42155408700308,Healthy
38.30012863558339,63.78854136482926,5832.823186266721,2345.4936783599314,10948.011584898375,-417.9685048739536,1043.7242637339223,90.16375533831766,317.084761592928,8.348255905344768,Healthy
38.48036772661234,64.90943896762306,10725.694693467474,1607.312915193534,12986.761950800397,-95.12370486146423,1207.2627289481295,94.19609426442855,270.96593286258064,8.183419265104082,Healthy
38.261392980308166,60.41917788566677,5071.125191720621,174.69528930184106,4624.244005798024,-416.0209952828113,673.4281844427112,34.69618882891224,291.6779561377403,8.525916315466999,Healthy
38.24454819249768,61.79299151684308,6676.03261464948,1205.9662750005184,5185.744517522149,290.1061458381398,1158.512072589254,109.22503980263531,292.05364161537784,8.321790789289338,Healthy
38.3372486557611,67.82947478291575,6576.815200579168,650.3762663509633,14408.471160376583,238.29172294595404,529.9637750359452,-193.74276150242846,301.4510697947717,8.226570723733644,Healthy
38.40989147841404,71.31750092622991,6933.309364999123,4194.4430444480495,3339.5706576730854,-88.16206919325596,1134.5812801162579,-88.90344153597133,317.40708009481455,8.331888119218489,Healthy
38.77537683102873,58.51559560238555,9506.328461135674,1134.442504605685,5265.178577021015,-215.42093428912125,108.80957274813312,-88.7831086977911,317.4628611900938,8.320781478899047,Healthy
38.56945208818164,51.02300747175457,12258.303424215996,1877.6197580216408,3155.5221535977826,-88.20071240433974,-113.4856540315053,-185.37416004562442,310.5400369200888,8.066019103024704,Healthy
38.288368461687966,62.02312087883639,8261.054339767861,2822.9494675676106,13688.11902434436,87.3660998502106,280.2034058710103,-103.79896062946494,277.70660488670023,8.256894038545404,Healthy
38.340507621927166,55.53480813068814,1751.913407326403,1794.5007642108906,10422.194721948106,450.99192631689357,312.41634063871794,217.3129002751216,354.7860552582026,8.186500451603552,Healthy
38.24241917342046,68.05997430254823,5423.136494092019,2539.6957929103683,3853.3521508744343,-330.1745940902402,86.59006332891192,110.96005556936342,326.99517517466404,8.422088744476307,Healthy
38.64820509360319,72.01025896514179,10147.090784396825,2490.9416749788006,11191.62805077184,-303.0878810669638,66.4074400613361,-227.1367148947479,263.84488288492736,7.972956109602418,Healthy
38.47213937215909,60.79426166428705,2689.8228927338023,4139.259761168567,7561.6057764022335,279.3346553021139,-203.7533406788441,-83.52251863530432,258.21885456107873,8.258494872933717,Healthy
38.30609685864548,59.19942989907707,2754.375745863512,2209.905041448631,5748.344385850571,11.29692778030608,160.31806160496848,53.93442772080519,270.10225909307167,8.259876027464248,Healthy
38.440395730397995,56.95172478587616,8450.788570950957,2105.7910791006943,11218.124937392673,245.24454909605032,295.8450575574883,-128.54912383915064,313.3958379633398,8.001888607140405,Healthy
38.157625011842,57.411833205932666,10125.783067282679,12.309721768513555,13436.343067873579,-86.48936895043312,527.3295958886604,11.318833353749929,311.2263914267588,8.113721365399359,Healthy
38.19451699167325,67.73812793270059,11366.573470190475,3863.0668906121373,9014.286080806025,111.73607004734174,287.7196451052041,-231.6678589260274,288.5246196020159,8.25540826609742,Healthy
38.36010337408347,64.14242518397319,12896.734433978316,2546.409701907923,12365.033939020179,454.3290941778539,-149.0468310627998,-66.18945653698074,290.3974061129984,8.632792421937143,Healthy
38.353501060569656,70.3128522718232,2877.587240331588,2898.2729026247375,14578.185116447392,484.415830717359,-195.22503257084668,-157.74615258353862,354.42921695107486,8.260265015495346,Healthy
38.30935342606782,64.40686753322132,5615.395977102806,4217.570212200229,5319.287539875447,365.55350966302615,391.63303576986544,-164.54368800631138,221.3047965406745,8.322235999212916,Healthy
38.625895698610975,66.29113271349857,8458.022252204477,1531.6673916818538,10162.318891507417,452.80386252408107,889.3774129921327,44.588946868088215,261.78508354584824,8.090447370754426,Healthy
38.136800710219646,70.20025121117104,10275.873942539718,2315.681985027961,9983.552620918039,308.3445956915288,971.153225705044,-200.18863646131382,255.09354542080126,8.437351790586652,Healthy
38.619048994981476,75.48352104152343,2865.179873757802,2930.606194047656,13754.31481804759,-288.5231737777393,752.2329688337138,-93.53744028894785,289.33700649051616,8.108185417731395,Healthy
38.41791200572916,63.19771689345296,2701.854561677924,4250.7769172639355,8591.576055931002,305.29730549557274,611.3112261622398,-157.58283503319836,343.2086506408326,8.452827673526201,Healthy
38.450667108045785,44.88059134441191,7574.012741148035,5241.891472810424,18189.904760091194,-245.79234661062412,-113.16647658121121,60.63257168817141,242.82116533732818,8.061567717523754,Healthy
38.60583623947591,57.370705469930826,6559.284445568216,2997.770231624541,11045.534099614642,-149.37627044221549,314.7246583447033,93.43710667678407,315.31703701957804,8.668929038167068,Healthy
37.86942270693173,59.2364662067035,12968.166449734965,220.16311134734997,7271.777473292377,40.705106482346366,1208.6501501979164,169.0440030729526,417.22618977703934,8.277624587859789,Ketosis
38.07530729968234,65.49460230548898,4577.286700736213,3027.7432043752106,3844.4669895094703,206.6276953892808,1179.5285756145627,48.98453575776662,337.51229067968325,8.065195508821438,Healthy
38.18721790102378,64.60442491855059,12797.626254868785,1729.5876945602413,11704.738561810615,-300.57883007416814,243.28491198346694,-123.9122469277495,276.60437529357205,8.298129494411256,Healthy
38.48308823361446,64.36655763160213,10780.27710454453,1118.8561450513942,10263.947760340478,-5.262099090103739,-163.14492526058848,187.7633938735426,348.0338796998592,8.27907898114909,Healthy
38.35593344994309,56.19311024231813,2365.7386147245197,799.867825048721,13206.714414952763,412.21413489830206,626.4182714620285,-33.33785924693123,316.3846047757901,8.036765238203984,Healthy
38.187313345327325,52.10017171458332,6482.495910380747,3824.2376298191643,4002.558298766935,167.03853495769917,80.87690259766134,194.3476971932059,286.0436860607712,8.438376247024973,Healthy
38.064919635665106,54.742318632499035,7898.003153553224,3835.5697724835472,4533.929468143196,-9.63051266154184,393.5675241758127,-196.16366332396015,307.8409463799946,8.540611412555506,Healthy
38.3724639601809,64.40472137605657,3033.8876073814145,1592.2961832992135,9383.916637930733,392.46118268294333,395.9836371666821,47.93520194616154,279.41378110951547,8.28774799102623,Healthy
38.58966536945709,60.54544531078896,7351.229906080756,2259.2325349355096,13760.549881120356,60.84847440775205,538.5515500034397,17.040805203082826,290.2422856979423,8.380581156722549,Healthy
38.35489935124868,65.92819463292894,7463.9414522009065,3972.4815517746297,5113.464055837248,305.2216240415031,303.65261145957743,211.19786232506772,319.1077038054732,8.263929935875055,Healthy
38.44127183856792,58.5312041765413,1817.0559786505419,3278.271978170813,3608.902539416198,40.505008312332,954.5704237861975,125.75976911015255,342.11843176535467,7.844119885551857,Healthy
38.36631474902904,53.85464557048522,12880.097712597977,3254.435251489426,13071.238245539094,204.12516602895815,-90.77123630249469,115.08360083003451,219.4134395054727,8.265887772606597,Healthy
38.46725581873567,55.587351768041586,8143.32932012298,3999.4814101647767,14873.099816617298,-319.0303081737944,839.8693211846623,-105.27955861971066,311.3980670149142,8.340047356771183,Healthy
38.189392991138746,65.70598605241233,10014.72005392273,234.5944806242528,8799.524555999715,-68.68050192139623,-65.72300857232449,-61.79918066329347,332.2266286527041,8.886089456025179,Healthy
38.47808817639391,70.08740135091594,4808.572091181513,1987.2280027903025,6493.385322026327,-352.1365201409867,-126.85460298127214,138.3325494324978,293.5142607412413,7.956169546508113,Healthy
38.22478803580583,58.27464091763831,6227.648392214961,3410.4954809207684,6423.017169726719,-325.5524101051086,577.5122736407291,236.54282678541898,292.11576572040286,8.229614892371757,Healthy
39.53847357129528,116.2364662067035,8230.351627629798,1109.3241238883563,12286.682686327931,-114.98864469931686,830.7398864591474,-64.92729464038473,410.8036326244573,7.5515535051449625,Ketosis
38.38422859452353,64.60753585003977,12611.398635094709,2234.3511341518415,3633.678192162456,-292.4045848637399,44.64399838402255,-15.50033284795639,329.14624386424543,8.649553373924114,Healthy
38.32857274408391,62.35604102848222,13949.005218966682,3190.0984980189487,3434.819025091081,-182.7749255807578,-84.42659314259527,-44.89021438362222,325.86169624121015,8.308076572937166,Healthy
38.17803798068553,59.11253864950886,9182.744917902068,2118.7837595951673,10051.32762939276,358.61451785878853,943.73352624278,-132.92535323308348,310.4492712767472,8.02426817088433,Healthy
38.568964927583956,61.26818752172858,8069.1885393558905,4161.051638158246,4846.063866842076,22.7969125252284,1101.6317972323047,143.59154135815356,318.3890906735163,8.536573841926021,Healthy
37.967694402803176,65.45049071419854,9368.556943933194,4555.3039328654995,14639.69870193502,222.18701566867824,56.73386580893498,-80.8151114568417,331.92493216446616,8.059246196365837,Healthy
38.229719690538836,62.445937582911014,8488.14450717846,3041.107735344884,14768.317689973897,-336.34627981352935,188.60396158040828,110.59954551349762,356.0499981971292,8.29129457956769,Healthy
38.349233463100305,63.00938812594319,12457.52343344688,3522.2775563309133,8912.338983396077,24.81896744824129,852.9314124110148,31.037135172689865,233.5354029766269,8.231764800474522,Healthy
38.262872815357774,66.98264746720987,2683.9989919958753,2430.302263656569,13023.491496743569,-398.0705112248868,1317.945721465963,-209.41082447379534,275.2640367119008,8.54702598742468,Healthy
38.32056205553777,65.34593410711604,2495.97605208846,4671.690743943802,10740.104121790304,1.137220577426426,53.51437337420941,-88.41346435305016,229.86973897209197,8.685806656175062,Healthy
38.31144234670102,59.08294660070136,11581.105418562463,3563.807712223531,4487.145043990828,-227.76243122097998,506.12043126085894,92.66089940376878,297.48173610847533,8.63461773365977,Healthy
38.40733450069666,63.91014339186577,13399.276560710583,3509.7814802673797,6955.363479383953,-283.4267640169161,707.8888345740372,244.17129766944035,349.2480326086625,8.461994228844217,Healthy
38.245789772742576,65.9643655582934,9950.51604735866,2207.2048524439456,12668.318766031083,-123.00631396215698,1149.4394707639253,66.61311396558735,269.50589554670705,8.459368383586499,Healthy
38.38825730475276,58.097326907771865,7316.258229490814,1461.0827539370098,12347.297779336212,-386.65960599382925,297.92123615428216,-44.748977190305254,277.286815075724,8.165040152594335,Healthy
38.41837763716876,60.40098267551771,7294.769399608292,4492.724474474537,12784.49256784265,79.46729706355949,314.3987024068384,-33.02475293364306,315.3083830665736,8.014081507771088,Healthy
38.237388360210794,65.28409021013408,6725.521765523135,567.6356557350607,14236.005293659764,-195.36697719066893,752.9011467284647,147.6361027805232,315.53022610719677,8.682885767208035,Healthy
38.46019152079728,72.90671283949561,2806.738541736635,1936.6887166342453,12954.996388239751,316.7768299057402,19.659148722381133,136.65764565819984,266.46438278719444,8.387774339782471,Healthy
38.24299848848241,58.65974853563197,13450.710174337813,4437.834923853786,13677.761605860103,90.37277945398725,-91.9862418227342,-178.8020314921231,193.81241583718636,8.525382091724229,Healthy
38.59426955971139,58.65254923149873,12335.458502737096,110.00449081508896,6156.506469559412,273.8892792068083,790.9702466183487,238.78924766546692,254.4500649467544,8.348515716079767,Healthy
38.10776528275741,61.89536460690647,4341.113805327361,4524.492930474295,11677.003396248376,-348.1832337126252,159.34247185565198,-63.35945944055334,279.1289439153174,8.253210076475757,Healthy
38.324717030397736,73.2453654522107,5406.249270633338,2906.0738987264426,14354.2266258879,298.47911625892806,-202.37713289348972,205.2813259156573,326.4702345177902,8.266415373650707,Healthy
38.28695371031424,63.04164073121191,7258.881359579353,671.0808027098446,4754.677492280001,-423.75034387416815,-133.23735486708347,-172.7344277561312,287.0227101765848,8.501832366342985,Healthy
38.357396746201964,57.21940314551028,6383.242051278867,1884.673594524941,4777.951873115094,-435.02859301378885,453.59031610887706,-56.81559635431117,319.5480159761602,8.143824124104437,Healthy
38.53543182289406,64.69971703708342,8595.02090269035,99.00057443264359,9383.513182436134,306.9293292209853,430.4458807442046,88.18995452126848,312.59914257704395,8.274566285981782,Healthy
38.49275174252953,68.03420428017381,1822.2970003195296,2587.612658140363,11750.495854462259,288.465052800563,506.76973454664477,-192.92979721131763,247.5495736280426,8.589058951744153,Healthy
38.65377064482159,62.459112754865366,2537.3997463339783,4235.324047546834,12993.900563342242,-403.9243188278853,243.37532795199638,118.82588113179335,301.45438108967073,8.237184704065404,Healthy
38.47073289865619,66.9779519742933,4256.5830895827485,3884.2729584936,7632.61885071727,-411.0397195739682,1138.9250793406068,153.0258608094089,318.08528543250554,8.187200675774497,Healthy
38.386329257571965,68.06961946717622,13310.198118718035,2500.5141038639467,11582.472789795558,380.6460592768674,1089.9372709240922,-11.587034988740076,335.86435777768196,8.026663972542691,Healthy
38.47141117393641,65.29272318283867,14356.79670219889,2611.9993823909012,9877.34476197781,250.14891108521678,714.1217299045505,-99.18819301037527,268.51775277894774,8.35438785686061,Healthy
38.365394908029735,60.10896916061926,2885.2224997946278,2891.552190046645,10779.687482032172,225.7960571067489,565.1982522984074,136.5631504522841,361.64460046846875,8.848162458062777,Healthy
38.764718775910616,53.28563113292918,9408.330579052139,649.9717033459644,13885.213016368665,-187.92573379237916,1184.9821933405797,234.81760584569804,269.0213447286678,8.235797674922972,Healthy
38.47092950032596,71.9182685140091,11708.945622338226,4418.1891148314835,4693.294768046137,176.19665001307197,1087.0290051142008,-57.79282705451007,245.8245832905641,8.458115878387135,Healthy
38.05911097392347,63.26843620669129,7119.943015643672,4493.846181561924,13230.901648344647,-374.0886379734251,456.10189795006465,221.01180190418054,289.3416298855849,8.354098306019846,Healthy
38.426546392445594,64.4866105284673,4311.330238834115,3622.0035473240523,14396.903204661523,-137.06026362070267,1134.051569172321,-138.502509185134,293.00699827388996,8.481380039752628,Healthy
38.36476496071726,60.01017552817582,10667.00358011758,4454.472989575613,7023.9985088888625,342.82345815966676,975.5027486726165,153.08250567939123,356.7823039346998,8.134588476986998,Healthy
38.450518060791765,69.01865148843338,5201.705049865998,2936.711514351605,4749.555575902455,371.72919601956187,1294.4836433681828,142.48653843024672,316.0679251700267,8.47624172591107,Healthy
38.53624843732026,61.89362672569652,10608.889618200978,1979.4236088318148,12456.597542228781,-89.70965541998036,176.43933657602906,-206.47962400538557,308.17702762572327,8.534637698766465,Healthy
38.374470435352364,57.92217755630362,7977.500198317224,3911.9303356889004,13507.623610816421,-379.2468528304986,659.4232521091983,-160.14797597851327,299.3089013783866,8.402073327169187,Healthy
38.580201088344886,70.15805413537548,2837.459947799979,3814.0508762439663,10533.47088087815,-139.63004461028152,70.1657754732077,69.82980914819521,309.75954676588844,7.986511564721397,Healthy
38.650514835584744,74.34079155015792,7343.603919939971,4744.803332470251,14933.162016420358,-234.0681776256279,100.43864918137842,-218.54436658736677,452.9816801363374,8.131485810939305,Ruminal Bloat
38.744571866039294,65.32729775521584,7738.9539417469205,373.70134739173454,10025.19117621113,481.0295990836382,-36.48172604841852,-123.65101855339017,241.96320373207175,8.308455005610838,Healthy
38.31708497327745,69.21024769318323,6257.998225074754,1963.2277916822654,9092.463334235337,-23.51672454275534,-147.4378611743299,187.2601683991323,243.85711738023713,8.717090075334369,Healthy
38.261092233129204,71.35269342680394,10262.552645120453,604.0960461603295,7864.419257514979,281.42224301449687,788.1101950300006,-46.243466928862915,343.9637866451343,8.517948084587172,Healthy
38.655794319150985,58.29487126357493,2950.9500130031083,505.7053825088069,7252.352847049317,83.9301344381818,976.4984459628652,92.0661166781619,261.6270164916906,8.406674366208271,Healthy
38.07429998110866,59.98359280253663,3357.3844980315716,3599.2526477858437,6903.057702281361,-21.094877855563496,891.5502863128321,-124.68370062239921,318.43436654986965,7.937591567404442,Healthy
38.505549163702085,66.8001291167572,10363.579679394861,2707.5201384536967,9018.870570154171,300.4931581997335,628.6049991507841,-201.4162931758925,220.18487431781122,8.523102386462288,Healthy
38.30272061747313,63.52089463689566,11639.152802728224,2852.2507453547223,3707.255637151464,195.9152992518571,1015.2350973274989,-234.1105815207216,346.1075853761677,8.307648832920634,Healthy
38.2729042784772,52.72368437486621,13785.871892670028,3208.903711447412,4113.444460314935,-239.0903928012621,-31.286924429939404,-110.0047921016506,364.7383950450297,8.666133246778124,Healthy
38.306694816855625,104.88059134441191,3644.980413898784,2124.577555793707,16108.369841644608,202.82166620206317,89.51031769314989,208.03459160497906,288.2829327804671,8.210402097793365,Healthy
38.38096722107007,71.18068475630976,4606.757591154004,1450.2239229605525,9423.507848513027,-162.1088259825909,272.27156441835984,-184.49217603010175,295.35005610750295,8.186804716877651,Healthy
38.42794182804767,66.69239101696321,7018.792804774435,3026.0955582843994,13905.639043235198,216.13159298137748,655.3587637632943,94.26607313432825,319.9425404624322,8.393564795255582,Healthy
38.32875220560869,56.54755853049771,14188.457533641378,3280.570836668269,8173.197694867624,-143.01302590872046,509.3076168535331,2.9948568411025853,303.1267500500145,8.390910172325304,Healthy
39.24262983867704,60.87335432566745,2373.7944756100906,2311.6143605159145,6153.279693699697,-312.25329370413255,1111.161585150215,155.76616718537093,408.69494484137863,8.15879276936633,Ruminal Bloat
38.50955251049323,71.54568502334203,7319.556651059497,1036.6320101637489,6849.321246703454,-268.9981066961417,959.9374291793492,129.59459628518746,275.0104183002554,8.643459606128614,Healthy
38.5493063901787,70.54642154354302,12650.351842269432,4341.123847536435,3477.9323165722144,330.09884076358225,30.022414136474367,196.43471728766724,243.8244941248818,8.22234685489356,Healthy
38.462622126118845,71.90687263396573,8026.306606992875,32.91428993430145,11407.413571686615,258.2595912505439,787.3063575649478,-108.1169849146302,304.14174675488937,8.339037290202361,Healthy
38.39625810844244,66.85573312227619,13543.03292288533,4324.552989803846,6969.009155930821,235.6987067815482,1010.7856142799739,99.62477598294866,327.54395716242715,8.369976818841565,Healthy
38.26637554464565,67.888651048234,11109.98140148187,3314.043597339299,8121.760975481233,456.66113316641037,1295.923979784614,-19.948923752613222,233.57971962261007,7.88419802880927,Healthy
38.39348060233221,70.36111792698235,13985.561034558978,2328.774452891442,3305.1173874353663,-150.68238367074602,276.2125438749686,-16.993632985389038,336.0231837518355,8.61265135298666,Healthy
38.2039542921846,44.88059134441191,13299.470138158043,3931.835151624711,8831.055912863043,228.03356894052513,899.9688449448893,164.5275188874841,353.792384058037,8.432171420072152,Healthy
38.36828614196534,67.63302088089148,6409.987970034851,165.34551023712584,9263.170035965944,-454.036303003763,1308.4483231823056,218.71010447277501,356.1191271974472,8.286720416253539,Healthy
38.585497475590735,66.18856433375527,13956.129810601571,4147.523910234891,6374.8202717656295,-368.0210593065684,343.8549072864712,-155.68343224231856,316.97325931140847,8.514541952440917,Healthy
38.137722732469776,62.13692041928159,1532.4979588134374,2309.2372320904365,13561.387591603805,361.8467943880358,197.62555101641726,76.02383960294273,329.5681783118465,8.47929541066932,Healthy
38.22036045483947,71.74525604349269,12845.296292550323,2196.6737112580704,14286.412477004169,214.89751317989612,432.9121429378521,89.89414813978892,350.40214158718203,8.458628970497198,Healthy
38.26666759436476,59.36359785604533,7299.281307571497,4068.727990410056,13475.259326716847,-157.72575690332346,39.969578537309644,234.97594038440047,305.2595943932357,8.22073064832404,Healthy
38.31485641926726,59.4795364338634,14501.401775331922,2492.800831686788,3518.199607502326,433.65007882835323,143.43597195097624,218.4083449895636,279.59669392893767,8.331759751807633,Healthy
38.548415383924535,57.7912547720432,7992.024852906438,4496.464423198027,11627.657461724048,231.83251693033674,1066.147893879694,-75.54288710148256,305.41218671756343,8.587678157079036,Healthy
38.43935137169838,77.64542017055018,11769.93466423548,3460.5095011197122,4979.867178200686,-252.04850259348655,961.5523923572603,222.19915748914286,241.8523168271527,8.171018047788106,Healthy
38.35121636093606,69.35943588630126,6618.538883625137,690.5526915785431,3804.9504337076205,68.38328871786493,1252.5554857838613,75.5919691882387,350.6484040514272,8.153969007264628,Healthy
38.631781621219695,60.45181698998124,8309.726823014227,4542.732021734979,10288.095266410466,342.98819516343144,-229.16814257067801,-153.5041779820966,268.31872875919197,8.01861076137835,Healthy
38.499728053012,60.61540227098649,11361.61269027797,2731.32136457905,14391.635606148648,380.9757572433714,1310.4743294198856,115.06274518974554,281.99542313593,8.269992740648867,Healthy
38.67156318398722,57.26343747918023,3946.561471646999,3038.8353218359416,9782.871826646016,256.1284006182109,1035.701235013451,191.03782120407192,302.15763684920444,8.228864894069012,Healthy
38.50578913802657,72.35147179783127,13401.37860057945,3901.228488583874,4333.719845749946,279.2806162377123,1177.273877178339,235.4699775372192,352.2459741771113,8.321929403313694,Healthy
38.59799283914746,71.99018718814315,1936.0919111707099,3313.9656228078748,11830.833893318651,-163.84233590041558,1008.4819120732201,172.87881808890737,271.7958121675646,8.468780044694268,Healthy
38.43974151479554,68.44067777574176,3197.0602904003654,2454.844349381484,6040.966381651675,164.63677215684623,843.3856277024499,-215.2997179445557,316.94466044287725,8.190728127396715,Healthy
38.41252147092142,62.952287584961965,5770.917238570579,2984.101118299593,9401.424964789941,21.750913268856063,241.01775248798242,-231.62985913872836,341.16537696053035,8.649542560735917,Healthy
38.54665484394082,60.914482441974016,13295.080554830973,1140.264956871859,11182.419440033267,179.79939780296738,1062.657339540058,-184.5550943946137,266.40294443209103,8.35617949469375,Healthy
38.29813861574045,54.06869762939918,6101.015159211029,333.4103913641902,4068.841945353992,-353.4844117216827,140.0454927790072,184.58730865565903,317.8778427780594,8.32363688794863,Healthy
38.433281447321214,60.536457687458636,12402.7437886102,2592.3739753053005,3987.244010862847,-286.6498561689275,474.4189552939748,142.5473268548203,270.10488152977854,8.24746400017263,Healthy
38.35997994152742,76.04457839009311,13955.152445817273,4686.9110268873455,4874.427980073166,413.1990236823981,1242.553405338696,-95.21824883122011,317.9759902663673,8.597459476851112,Healthy
38.357024262000955,58.545653171085355,11520.072147907671,2491.2821451952586,12957.65980690952,355.02823743331714,-161.46810096361344,-228.153498323162,271.8553989952722,8.037455812451343,Healthy
38.23124793985672,68.62592366707273,14957.740555660213,3081.1506101065906,9514.853572508908,-231.27322841470544,1098.716279218138,17.575304648530796,303.15630156836556,8.233940185990548,Healthy
38.773395836531876,66.2497015446603,8676.540251750372,4756.259035699297,7906.484844509412,-172.01776248632316,888.467798198046,-206.57971366940495,262.607377754424,8.048593057786832,Healthy
37.239940924818875,74.9864662067035,11367.740483932528,161.1070022455906,5902.638573299062,-337.81687098349664,1206.4829432949757,133.57990851474904,363.9305067223844,8.173649736287576,Ketosis
38.16739299458079,66.17800475227779,1310.5670682843174,3001.4869458913126,12867.71267707163,-98.03580323134135,1105.353490981271,146.90314148726478,372.90961810798115,8.371868681014119,Healthy
38.54138783088656,59.07828910554977,10380.525669087649,3524.7094546325116,14299.062732083035,198.53243523419223,1227.9864041861758,9.400985978704439,332.1899593443811,8.368007121932074,Healthy
38.130433589510254,65.86026483628928,4465.8125367484845,2025.2333924524055,14561.802077349023,33.87783272094609,849.6127658210744,215.2455342289301,351.4885779527,8.438306226747772,Healthy
38.366197444762214,59.78099012000401,5515.815421659288,2637.271162120537,7445.060565719508,-303.1856736291849,238.533120191904,226.06492350778413,306.7519220797976,8.250025555270872,Healthy
38.318500286959605,68.17478299894682,4249.762975161556,1181.2976895951897,3520.5307739525188,-381.69846142918084,63.803986921469004,121.6159199867092,396.542804849532,8.395388789366553,Healthy
38.50246611890838,58.18647115780731,9277.967762426382,4494.011999030423,7698.585324147305,-310.14254248616226,851.262854602992,-218.36345408257938,331.192243278456,8.475753868377424,Healthy
38.279337814056,74.45744643035651,2846.895051513189,4015.7931530018263,6161.436465594274,-286.31533074807567,641.946983598391,162.43959366666613,244.46181439194697,8.22423955930764,Healthy
38.407669155799326,62.657002854539215,10584.337740804342,1683.8003410588349,4309.431496183924,166.40672704486929,686.2896187034651,132.84048939087754,297.3844262093881,8.28251019728009,Healthy
38.2535231674486,71.50000264929506,4354.633725582609,1249.4396948137705,8520.893696594054,189.5876485836532,481.4999062334459,179.90457689158075,290.580562071338,8.39308813441327,Healthy
38.363866334961564,65.88051903616632,12215.551062321789,3668.4952755286813,5943.181010253641,165.30852131902714,925.0075002695083,156.6359167165218,292.8698705269118,8.387883038982466,Healthy
38.266241519365984,62.01148276700812,2678.0346425763755,592.5561091158143,10340.695525555217,-209.28036758208987,-9.910183819964686,-132.46351084298075,323.1451911302317,8.438341551647826,Healthy
38.50489142390168,59.95078784694467,13452.17481959889,1761.8372311641149,9034.491243891604,-81.02889105630979,706.0528067785143,179.17033455298844,304.8773306059188,8.13873022046716,Healthy
38.33715366107683,59.77315074112417,11153.363783842413,2232.20851150816,4412.893387261164,474.8786980672039,820.8197471611422,4.534531356257181,274.488327021485,8.533320885414923,Healthy
38.38434620655943,56.0502975044527,2130.51790143624,142.6608690671219,3771.0669277228462,371.1120859596242,1232.135632877729,15.67387860378248,268.8673793156015,8.219245727633558,Healthy
38.537961279503634,63.73938397217765,9417.373332363159,3108.2946872894445,14188.05541431206,-434.6079487062391,1201.7015069670342,-101.04512839845697,324.4463251597532,8.40504134272924,Healthy
38.28316405291432,71.22139924854682,10983.076111379709,1867.7168077358808,13527.874884710975,19.998771593746056,236.10663290774914,118.50294537688566,321.13149480340127,8.33010231277353,Healthy
38.617256333763315,57.16767384319077,7018.230407921788,1200.1948873679767,14643.56330991024,435.6748961290135,6.060825975553712,-60.39811649441947,242.09872941081144,8.006846002809366,Healthy
38.30053060032961,61.74302829172697,8539.954350825901,848.8941122192223,10505.65856615836,91.92825396082742,-102.05513481148523,202.89524734870895,336.76043088012415,8.317261198505413,Healthy
38.52141302912282,64.77674826743592,13602.168940320447,551.5250790949749,14238.99026089378,469.4274712322528,517.0496537006596,-194.52752600933158,299.0518277862729,8.028499066539768,Healthy
38.445316554247846,68.88073938771228,8110.058292843969,2918.5445172511445,6726.956995118631,4.943486513992658,1267.0171395286334,-179.67850572778602,273.30823796102976,8.365332694348721,Healthy
38.404710442782964,53.70827425533777,3264.579184165408,2909.832868081001,3865.47068531438,59.9153157421277,265.2425241472858,208.69479476569728,295.21068101850153,8.007632998875732,Healthy
38.43477863201906,57.86205502058339,12407.63418367018,3755.123131368477,3923.0968044161655,-149.98034380767274,-194.0187875616532,42.99287926025333,352.3185128818858,8.202458071498143,Healthy
38.13054837696086,72.29255030559843,12573.740931893706,1826.4006506407447,8736.153535941707,-335.5725697905528,1039.9348061713663,-13.227710297633916,323.6183518485891,8.212495488236902,Healthy
38.60505238147349,63.939286865363854,1469.6058984246847,3085.185231040093,10962.398606217856,190.0803451635615,938.2599479614032,-188.65869995780292,265.5023271355538,8.083715684694546,Healthy
38.54241995427086,59.89996635861748,9398.981709315718,1403.7429450140683,13524.695757951838,198.53665293918877,-162.73786517393353,-64.03323060099275,370.68788207412575,8.470830929649274,Healthy
38.226087526471574,63.95994373869961,2310.1491773926537,4286.543485810471,11181.719426563832,-160.93919534297802,818.0221276136847,-123.29345994622352,231.33686945847683,8.253992082372273,Healthy
38.40817351599535,67.78460629880719,2644.485290488412,2542.205661246442,11472.285634865744,-289.0323499298886,775.691886846294,47.58088187703291,316.17781794033965,7.90812493096962,Healthy
38.41143094363649,72.99669509840277,12004.562427662535,4186.036536404337,4313.377408528546,411.63393836748236,937.6373999768375,174.60586106721863,309.53006507784823,8.378898720645903,Healthy
38.373818505169815,57.24515498735116,8142.288113464954,438.5574815620844,3802.294121565259,-280.76842911936234,917.6924827388534,-7.693936255431801,332.44930108759377,8.058814513270624,Healthy
38.253932061355265,60.06259046357528,12046.783578721916,-125.2951333236083,6480.433821672708,-272.8724716096988,907.8652618987529,216.00345911804897,318.1011203335888,8.088311769867618,Healthy
38.79432360374664,69.02098204680951,5922.442883333302,4659.859049727116,13727.260465795545,197.10155045914374,-24.045220370209336,46.711049439649315,313.805224299918,8.452341210031749,Healthy
38.3039579155501,66.35219507817348,7272.309614352297,190.86417293656132,14817.33602826748,-8.444789267645422,724.9362621837005,-0.013043001521555908,312.35654144080337,8.218096498147814,Healthy
38.392278677203976,51.74743071236538,10074.191467567915,942.8877781049282,6866.134495469299,393.71591810520056,-91.20940280917648,-43.65874401006916,267.6694491603903,8.390790690097269,Healthy
38.510937928302106,65.5027947182603,3019.627402906517,3839.526916015602,10503.499969043653,14.483971144303908,230.3625970277763,157.1509421417348,278.7262138844595,8.380280729438157,Healthy
38.28870298220523,55.36836387835667,6965.106627005315,1128.076584589619,4793.647447481877,451.2977915501004,192.5315944770049,165.63193427709095,310.6703002269382,8.333478934231874,Healthy
38.31420353757009,70.00333082484049,14672.78032259175,2318.3464300432406,11070.14393952971,86.71942727453049,987.7474233877488,-107.17641607665573,262.1220641959351,8.324093042570453,Healthy
38.3058849994321,55.133729760758314,13990.609060690884,3647.2797389612615,6322.928960125537,228.913198955728,568.1007011719187,-120.82328161125582,280.9383165935709,8.085234443166648,Healthy
38.28802350027933,57.754015471702225,12969.681182200708,3823.4148492036766,4737.061972633712,306.98832422566886,1070.9755426411152,157.5466671440135,307.5342420618593,8.299273720423537,Healthy
38.433764094981115,61.534333012687334,13697.32966316436,1376.7246363045156,12367.598717173007,364.9166028324389,357.65853068744593,103.68408947385922,260.2447651138269,8.220313101905255,Healthy
38.0363950502831,57.73799210306549,14862.34901221659,145.5160180189323,12495.145821840457,209.19588872598985,411.0727079769309,187.35036281975533,299.9172631676694,8.489964838093726,Healthy
38.259946442132495,61.110258198437094,14504.676033348775,250.10303286405042,9490.880011132766,-240.91843632463227,213.9405068636139,33.93130902666914,351.3520813335936,8.217632017536369,Healthy
38.70839704058833,55.951541106583264,8096.87192873725,3011.8298431474705,13118.539024064854,-344.8309998147215,-136.31342490738814,109.81392095441927,282.9135824520601,8.467688137100486,Healthy
38.38452390225445,58.36007263324101,10204.726789096447,2760.2516870000654,4992.647396678032,-153.47539616957823,13.215638429480578,35.06255811596974,292.66964924192297,8.118319102449659,Healthy
38.374341186721416,69.03776627177946,4587.970487485007,322.4186741610281,8839.17437625448,-320.1234320555447,1168.4236315118478,121.25454760775541,237.80342796781343,7.883286165483758,Healthy
38.24993334118065,66.27520224166848,12542.085304269423,1809.563014204998,11912.64219695941,260.86063358636994,-88.43766991399775,-163.0576409773097,241.1535099651042,8.096649849232072,Healthy
38.240103901666664,68.89889658683596,5319.977042677114,846.9529556683622,3064.184576879743,-91.01828933655905,364.845385348912,-174.1931884498385,299.43519242372116,8.414703752162954,Healthy
38.31308332331478,61.26605151283647,14110.265112124018,697.4923109292188,11467.837712256589,388.67772938600064,442.26672264708725,96.31198826491693,309.2857469103194,8.164769877651365,Healthy
38.40086297130631,72.26191003839665,12465.374442704753,2788.5285802360577,11936.995406906588,275.50433930673785,618.1301488798345,-220.59752566120858,339.4456716989854,8.186279382526282,Healthy
38.51558073957408,58.93915998042258,14035.346928920115,3933.063105309746,14623.993212598645,-313.8435604989907,772.6149492367075,105.95233190332132,298.84552222251966,8.19534347357248,Healthy
38.15070043575432,69.54988380479601,11493.548592840823,2229.8388086833766,9237.135088263401,-146.63551645562407,616.9196115556293,-153.79962691945647,296.88857520535174,8.52597651972642,Healthy
38.42624156699183,70.23154203053832,2209.0078173693855,3027.967566947037,13560.898110586611,264.84813432974096,626.9187594838403,198.01420591189896,335.8987563147192,8.172806727280102,Healthy
38.28434477273317,58.18667049155084,13269.880654599594,2220.031829055368,7791.237127759613,-438.72386959136924,410.10388279921,-205.0973842416293,354.7806421063609,8.733610880256867,Healthy
38.437059042650084,50.99906283553862,9071.117217091505,3646.230957740219,11113.28702059044,77.64822690001868,28.28095519619319,-196.4504740878889,356.03774267088505,8.33730013039205,Healthy
38.204179235179055,56.50051434247042,4789.726739722592,4650.849581997583,6059.819611885479,-117.02176064727044,1273.1681119113507,-62.32146992831572,318.59784691059394,8.08022397072724,Healthy
38.373933738303194,58.964295107117316,5230.707562058629,4668.32585657382,3094.5094084445727,-316.64688019484623,149.82660825231062,-66.73814145073348,321.61339101067233,8.188189021634102,Healthy
38.400532737626996,66.81801142174261,14027.29574360307,731.4555952850114,13938.294992151048,318.4743830555426,458.5830444903876,136.00173350060803,289.7818919853564,8.375151229992555,Healthy
38.36213048159633,67.88973475485233,3204.738073974374,3617.7881219479605,10481.7448283755,85.29788638353625,-37.005926215974796,-146.09374990096435,295.76525429441796,8.445886519479991,Healthy
38.265314936788535,65.48803307803382,9526.386875702723,2229.9159630014856,8828.018312070451,201.23297171367807,1014.6459827006752,-182.08572573955652,277.557301085065,8.480655311049107,Healthy
38.46435865791696,49.64554868335094,10025.42880196022,4157.2140502988095,13337.934327190424,-290.0752533973781,176.82641581939947,-209.98862538167543,291.18917038231945,8.486555730015755,Healthy
38.39551698775856,60.94460902529777,9795.904563075517,2145.9603127460186,6333.942433565971,-367.36880552464106,2.063268877185351,-3.109884311466768,304.3988101339264,8.5300911888542,Healthy
38.48679676971937,65.12670456306218,11845.170717761965,4550.650039163667,4581.815304542195,36.05135507801185,1212.9953035947615,133.6795051533789,258.67877371870674,8.515031656978842,Healthy
38.51125090312877,61.773040750161485,5430.6223448930505,4361.827379741396,9355.775589541665,-230.41392095966904,315.77673573955485,237.72043837465674,357.36313731734634,8.149244805287628,Healthy
38.46725148985569,72.22175529055122,6350.0018709469105,4904.641513920049,13446.721576474854,448.2878622018018,717.5783683168041,210.95219456746446,288.8293317346,7.9353156339894335,Healthy
38.28302662469596,62.04127772825112,10803.629003889977,666.8583168748482,8828.182134012251,-219.27980619499843,1011.1597819764579,6.577031995413727,246.48679478774133,8.284413171893629,Healthy
38.37549573706303,72.90792467829992,8743.487662313237,788.8549955247502,6603.2561940503165,-395.83920423024136,800.961365368442,11.176702425387202,296.25354756663125,8.177703336058885,Healthy
38.44455109295269,69.83752939939492,11767.260619591707,1809.6923894133515,11314.362817065577,-1.775123527904416,-145.70736209745473,42.31481830057872,307.1022142391179,8.367542510149006,Healthy
38.55247265836203,74.90916276667247,11214.232715191232,3525.381237705381,4404.6384069638925,159.63378836329946,691.5108952919894,-73.76824457202763,344.4186710187919,8.551276598971928,Healthy
38.17233269158323,67.4358886595556,12494.343761171049,1292.1565321945795,7918.669957264456,227.48609269638234,1212.3025122551762,87.8195671454842,289.19859635110635,8.15308271449479,Healthy
38.306278138656076,46.745153183451954,8762.935936256203,707.4659760645582,8417.747227150527,101.6538074952328,727.7045941806061,159.59967734555661,332.36450909213556,8.606178106904778,Healthy
38.39646865121303,57.65987572056741,13073.252836364447,3634.2154378327446,14718.072396041913,-135.17433530278268,280.9003211437501,234.32978865210114,272.60797518020627,8.332137737126029,Healthy
38.2890261235742,63.82236104526187,8260.729123723511,4084.5802184208333,4194.549932164132,407.92854017782963,544.6633996874248,15.028100011747862,354.04910427095706,8.28414460432145,Healthy
38.28159821369756,60.42854850663643,10927.260935277829,1713.7644578419804,13392.200377862946,340.1230447618842,449.61843298949634,39.98299806616134,270.50119383285056,8.122270983894646,Healthy
38.57518534482265,71.72924870124022,13249.296397580965,573.681585350562,13356.124674191713,-0.054723377881927604,1143.5332997438682,190.24743694372796,306.6078826011594,8.368941858113164,Healthy
38.72857182731885,62.338326510401146,11151.900281485949,4366.342242388731,4640.560351277704,76.34148588033692,-57.49080427734566,-13.029138832137232,281.7418271329849,7.834623950106008,Healthy
38.60049964303732,55.81292994245702,13356.82750927821,2885.640572982021,5329.610430136729,-204.24799233696348,1304.675724321743,-155.37516635794967,368.570040028636,8.337192105530182,Healthy
38.20583447265185,57.147151555939146,8923.822645133485,4139.851676605175,13004.513389367426,82.89086173869521,395.9432710278842,-67.3399412610043,319.9797178392298,8.406238735355219,Healthy
38.606496703029755,57.95103830456189,10698.35113175775,2963.904930766146,9920.913993030033,353.5313164569331,1377.3470023814928,-180.6345261518733,297.5320124084163,8.422007017765623,Healthy
38.50909977301452,57.833215281170695,8832.477168623718,3094.414627452347,4863.058242447162,-12.724712304679485,1319.5542688725882,23.410221867217523,256.7464961310561,8.114791046493043,Healthy
38.30138751768202,59.29980540848036,13159.798872339405,3541.2404173371087,5480.551057307209,-146.858890229791,613.5962642512754,228.25417312626314,294.38383050251093,8.484005045026022,Healthy
38.45752151812088,64.70279010652477,9650.175429945917,1065.256286521334,13821.831649420845,472.6529765257629,760.2141536344963,17.067950623198712,325.86727608635636,8.072746838875286,Healthy
38.63729483439635,57.16793738188338,3980.6829452035317,3901.845394933892,14260.476154075463,414.37099067124393,994.3625837477632,-29.05425194475634,358.88790745588346,8.357869410439134,Healthy
38.41665402714569,53.17635145886531,6948.834198736242,1873.2084493540917,14628.44135858407,461.04480294757985,769.2400046620088,-138.49204694285157,319.7021306374785,8.467164484977156,Healthy
38.26222048754216,73.95233539014328,3569.8492184937522,251.59993899863503,13252.696163112403,71.03852749638267,1173.8411592578864,-198.2993740442556,281.4127158504823,8.815705022839742,Healthy
38.058363708981496,70.000394253637,7281.475404869611,4219.298652556256,10703.329378769702,106.80570356056128,391.5288767082191,-72.91722377425991,337.80356086397654,8.031301820605561,Healthy
38.25788288186762,55.10243883649153,5354.032167113468,3643.6199510065626,11679.085921330603,-398.07659659053525,560.965997561996,-197.96321465859612,290.3603302281662,8.437703119989513,Healthy
38.20734663596233,70.49910314209777,10221.31878595763,910.0455939509002,9055.35888673873,386.61268846893546,-110.26748851437094,18.457574557223314,274.47856879178926,8.083961689228918,Healthy
38.26777728321088,61.06720795729895,2476.8837089059525,480.0656642393451,7901.522018638356,399.29463452443395,1170.3172883389532,153.8305069362379,345.67029914774434,8.68087835949503,Healthy
38.66949478694156,63.72091799316192,5667.2984262433465,50.052606395932344,14114.366598351458,-260.82098277511943,583.172772657613,-195.0756104821585,335.2827216719873,8.472515088332667,Healthy
38.16136504557126,61.31961012922095,2788.4806196533664,2123.709994395508,13963.374362940396,-120.081657283885,1219.338580660676,211.96546532670183,335.18602781275854,7.887467955270595,Healthy
38.21297376578499,59.41615372756102,14043.654815830334,2094.7944144834914,13983.308470155098,-146.10324703084365,-40.15035194528957,-224.09883756386898,368.1209736005071,7.965757934613377,Healthy
38.44434442154346,59.55364934499816,3595.1467381993916,2754.1454115591714,13890.416948417134,-144.00700670026694,1248.8796727257577,-111.8525466250963,340.3775354587041,8.329989124130512,Healthy
38.74979236560367,46.57414418485645,4387.607145940058,3691.919343574251,8431.667151439853,-227.7816892892982,630.6951132630135,40.72955361044452,288.33141323500934,8.279533215848682,Healthy
38.13085017598157,58.72189115769577,5877.004556528383,3245.0782607525666,10719.151564034464,-290.2069323240995,-121.27399827366696,34.00475233544586,356.99577231931875,8.413756450599804,Healthy
38.73226250728166,65.61892058816233,11554.513786637084,2053.390049356501,6941.445529915947,-130.21053998784203,277.2419246018186,-149.75779067056848,339.3382767663464,8.359646954338718,Healthy
37.825998745079474,61.870262864050524,8874.379086444358,3974.038128562058,5704.728848938951,-201.68448628501272,822.8352590194388,6.521949345371241,264.47937925868644,8.137446600254547,Healthy
37.984241990993404,63.98955131176902,12612.794578228884,2164.059139163827,13493.453596558356,-183.0740267672847,105.88765373850731,-45.55767522754955,237.27024611230746,8.06809083813313,Healthy
38.58666708227141,59.95066817252582,8625.815381634335,1012.648903186232,10402.17024005064,-354.6514393047887,282.96014779407517,-40.96646483435447,321.9818718153766,8.456545290570874,Healthy
38.15799314218933,56.03618518309883,1955.881401104949,4209.882502522621,8974.451446032348,303.7196412602299,1191.7662886088176,37.24921834682994,305.1527246417212,8.333458325439988,Healthy
38.228558250643424,61.446586148108054,14288.052715526537,2268.9920310394637,13587.576487160542,267.1920080107638,780.4329336228925,43.21144673109083,215.78202839218017,8.219478679663984,Healthy
38.57385995723681,63.05936171836436,11552.416769164565,2760.014072486363,6759.464233015673,-328.57301607211537,22.897065946816156,203.06226347032526,334.32878755638075,8.490396355900101,Healthy
38.15789954587016,59.38662593925769,1636.5636602179202,1340.4650157014266,9740.826534360041,-37.15436255293224,299.87391853378915,-108.96915504990417,351.16254374585714,8.458301409421718,Healthy
38.51029433066033,72.40398404835852,12822.178352493973,2254.021616721626,11436.761556926709,-381.4771115540165,538.5967204151879,-222.27250073490006,305.3802357926909,8.446520641806973,Healthy
38.559669530294606,63.814256032868414,7880.01768555914,3241.445638450748,3090.302162453865,-318.7188284282189,184.15717315569475,102.85531904954546,309.87618484814124,8.565390067777164,Healthy
38.702819283040796,72.01287674501111,14079.268696474106,4301.616700844614,6570.65040427207,-119.22857480654324,1029.1234501309368,181.56136984866683,230.8161004868478,8.530363939480502,Healthy
38.2461743746933,61.25284891495246,3966.0241087410886,2831.024084978878,5109.493149087938,-84.6157154786472,887.0766532087838,79.13635848836716,251.38627734591446,8.394855124481039,Healthy
38.73705077330677,63.508825148944624,14107.254763482691,1669.2739838073467,9238.829899802742,422.58061520373496,869.5461204633027,0.841876732226936,389.6097254512939,8.67635553892895,Healthy
38.316889867630685,61.973383764129615,14540.286522168324,1839.312406695011,11508.886113939892,302.01963923603006,696.2020204365804,93.90739151251844,266.92373729817535,8.475915174701992,Healthy
38.32383842534381,62.36634293759449,10939.272680108726,3602.2392348559683,14497.300953221522,140.3227801175666,-225.93585586024835,-108.15974275459723,336.45066312995027,8.146028909371747,Ketosis
38.46302631817132,62.251393613398584,14882.80134404554,4791.913652698577,5304.776496503965,-258.6168087386867,337.6721535601457,-80.53353531755025,270.90077364799265,8.150421105884382,Healthy
38.43536703768387,60.5495701193875,4850.016436622965,4251.158141978993,14764.73731959125,-286.3603432377924,1349.7670467729406,-221.63586595293467,244.68474373891019,8.327621915792175,Healthy
38.11403481280386,62.52897033318742,8166.3051624291575,287.63462028908,11228.346051276865,-131.29066418830644,-72.90143301230296,-183.87860149095337,313.0668792835039,8.588921621619374,Healthy
38.25634676705556,68.47431047833098,11673.089215569044,1996.1844236320853,7810.081324102896,-213.27571761531195,540.3511982230866,87.1759899400083,287.0268817329471,8.075327873252986,Healthy
38.38820768546842,66.17294045627278,5954.521621792387,2249.32466809125,9801.22890439287,-433.3463133387572,1307.3666026631804,-6.940426241630167,283.66447331420255,8.182312947130793,Healthy
38.42453494146273,71.8068901801101,8677.84466185559,690.7099743605572,5418.191428240675,168.1499287459347,1033.5603506386497,-145.43153425660074,271.3709558841038,8.194975455098673,Healthy
38.5615419583196,60.378409873658654,9888.0069140044,4582.967976091293,5918.724785369773,-12.160986702416128,1025.5974509717084,-20.54539343297343,341.84743875211916,8.398205713331958,Healthy
38.592209163324576,50.75657878172791,11419.629587435658,1972.9042189574711,3498.7082120751347,379.50538675535114,457.43814463907165,-160.99160493067026,356.607410029496,8.054306146337034,Healthy
38.21271590601425,49.81440406034538,8181.987242153114,162.48359874260268,11727.33459510748,-139.0293828972122,645.1933058910829,109.32038825786952,333.8414267804498,8.142135359364367,Healthy
38.581041758376706,61.90890395879846,6284.884106175446,3869.666309285717,14617.508601965259,114.245988788251,1157.7703944860004,40.27698606280974,269.6270337468594,8.386613565217601,Healthy
38.497734726466604,64.92018035672803,13724.371167495345,2567.1191534478567,14599.797327311142,305.39778875575286,437.65007851356467,-193.86395435078404,222.93729079399537,7.881230880470683,Healthy
38.43073536028322,62.546972576235746,1175.1274336607548,3068.87550810286,3981.856758391211,176.64466795214395,565.866729449905,91.99118755115849,309.382967831525,8.37747755639596,Healthy
38.24174436536084,74.3723413185408,6086.921118531865,1625.9941535801474,8468.613525306697,-354.3521452741204,1259.5063761417287,231.56881747948324,310.68830546943536,8.435816742989143,Healthy
38.22296821860473,67.35585732070416,3963.9581152814535,2782.9713794758973,11629.8980067185,337.0970273743328,1150.120174918247,68.32509641960347,332.15719530384604,8.539242196886413,Healthy
38.47966147596998,64.1761796416356,9883.573428106127,300.6081508758416,11396.587590022202,-268.2326408539984,485.6355896319638,18.02900262096694,204.21100558798958,8.269209462096004,Healthy
38.26733419404881,62.90359843010084,8202.306054852608,3663.363911685581,13441.49893875553,-97.73603436044948,-77.76335860031077,157.34668372848859,271.2791539658606,8.456847655996086,Healthy
38.690011093476734,61.80004674336251,13594.777078412946,1672.815243634768,3328.665069609634,-297.69704396019523,878.3729978342873,-23.973391970622156,245.84554864629132,8.125989923219942,Healthy
38.235696626130945,60.34804496124015,1725.7197309730836,2765.57976131338,14410.743889742495,-123.81593643861379,434.37460343642147,-33.034188631274546,376.31623390982026,8.30352885876893,Healthy
38.16563723408551,54.340132233320816,12192.51807594777,4651.873287354236,8282.768179446899,-447.78902627919297,-35.77591519635553,87.97627905282678,305.55411653160337,8.328530404401604,Healthy
38.615067610208676,63.90225603146858,8274.698307369896,4534.792679233475,7341.5475004060445,272.74051267163105,-116.5908274124572,-133.12609987458683,298.63019974982876,8.521254594287466,Healthy
38.10183634459249,62.1754095505712,4827.426163113541,1338.680158584123,6829.165566630471,495.2854530719052,1342.009975475465,212.5255408945102,327.3457127414701,8.697742151099797,Healthy
38.27931653389302,53.97168965244865,13217.428873950901,1645.8920363121565,5074.307929094628,-368.7008907513639,707.6020316027533,176.00980772184218,360.8839292242589,8.180322574470061,Healthy
38.331880430868665,56.06199139222211,2452.6659577414957,566.1431414283288,10016.705110772768,-217.2859365470821,635.1182694744114,121.39930020058137,275.68868014143544,8.734875327693448,Healthy
38.45798646129727,57.59603759577065,10506.820671340665,1202.595495938374,5039.417119110497,295.63684667397627,689.77680942165,58.37645869149701,239.85544392285303,8.473023177889923,Healthy
38.53896768626656,75.50378082818338,4891.578934724713,3094.3095028833136,5497.282097317253,192.8908404553252,1029.3824923456339,-119.1924748854176,320.43271712930687,8.54873464993722,Healthy
38.20686524099664,62.31783657642511,13842.467292163634,998.867018975023,4663.85394437019,-307.08744193432545,209.12472738918797,-126.39642450880456,297.6382152609094,8.324710899822538,Healthy
38.520793636827776,62.50689226665827,5215.129305057481,4239.520831302807,14351.899168036674,-114.488428996094,1066.6896769591845,188.39124724915973,299.97131879576784,8.109881993775645,Healthy
38.5500708622316,59.819933768770824,5249.287953589819,1155.85534472724,12940.570007290431,-53.93877030148663,1171.3303412756657,-107.71879369884559,301.26086254864424,8.326536968438864,Healthy
38.46446811533466,67.9430416425651,10919.211996088165,2797.8788416177326,5796.714467429456,-427.0334044258163,629.8171144644111,-131.20256429836363,309.24469793938965,8.453487419905459,Healthy
38.35145353700427,61.803418875970095,12948.339580713207,2477.4933326986265,5402.059537153771,88.42714603409561,634.655722283135,6.854288469465748,282.35664850314373,8.308375579553063,Healthy
38.3371537614943,54.79040037501626,13460.041063249633,2276.5451328573376,3261.0504325882357,21.25970087031237,268.9255668705157,196.38409196426494,308.0196825264286,8.280170332819054,Healthy
38.49175274131168,73.0199239275643,5674.937527241959,680.4555649054957,6519.736145964374,292.72627905637916,980.244109672386,218.55568074851806,302.04167002883145,8.419007932429455,Healthy
38.17336489469462,57.86224327432863,2864.150524674289,4165.125337969361,7216.12993887747,220.667079148227,-88.9683366365424,94.70356298729288,294.66959374957094,8.21920489302731,Healthy
38.47880740643706,67.2946365326937,5067.508075687189,2754.228778351022,8839.211806568606,-423.4256024829567,538.2528532224497,90.6848484626852,266.3340306925218,8.088469655160191,Healthy
38.26864190187704,59.682316273920776,8068.298264225667,3532.685465997729,7871.161312028645,131.6596038404666,1316.44396852086,149.10605297638168,330.22260618645646,8.742333434779475,Healthy
38.1714379080967,63.89513961868077,8954.794092106356,274.2366041090868,7853.814420190146,-405.7940929557707,105.96809077757666,-130.48870846537085,302.50248019107994,8.352296096127867,Healthy
38.4333926243994,64.90871022402928,4690.145745130254,275.3870023184236,12924.346243165157,440.67134209156654,459.0738058027632,-52.928430109962804,316.5947619311284,8.407014656428961,Healthy
38.25203620525274,68.06044232665715,13883.566497796946,4087.9088948702074,3764.4853668043215,-169.52845534267226,1130.0159724249315,-67.12028064987334,300.37383381933194,8.610162959154916,Healthy
38.210800794436814,60.63752072912662,7082.689091479522,2679.524658938092,4636.542826846061,363.7312892359805,1138.8275169679046,-135.8405251615628,291.03714583436414,8.115291969078704,Healthy
38.641807748202716,67.02708453580257,10907.58405550266,716.5024035721185,13137.344631306922,-206.13071260915171,692.1365837411208,31.204625039656243,306.1286597484232,8.146619812593816,Healthy
38.413827412044384,61.645858686032305,13244.002867584739,-17.444655817309467,11256.880817204146,-11.046453110010297,585.7013958653822,-133.36047261608297,384.18883708735393,7.829443027802739,Healthy
38.36874855312241,66.73843340840244,10516.99968684962,1208.1478904041176,7151.9204541821055,159.87780096066493,150.8122156110781,-20.94977572776593,279.30776785644787,8.6607179022084,Healthy
38.46662886542149,52.97064290309716,7928.930406622969,1993.63972182888,6832.227243790726,-388.84881112090125,336.03692751091927,11.093002031550082,395.7408435687356,8.342352682839397,Healthy
38.37897556003149,61.43848105657703,11906.455966967595,2790.3615601826814,7892.027468328264,-157.73408762422036,-24.049319160022833,175.13843503734057,291.50768736820623,8.472600191758868,Healthy
38.246824876153994,69.03999311699036,13665.108356313107,285.70844875084913,9704.661135135573,-89.65657438738315,638.4996238434014,62.110507886541555,339.25094230263,8.752486605665581,Healthy
38.36440017982515,69.18599295723882,1471.690309641218,2316.7201277046065,7493.560987134679,-257.18388251777037,142.3760617982016,-97.7760147432652,311.4766401894309,8.36761590193289,Healthy
38.184133215551626,73.23093943159556,2394.876519092796,1914.418565844728,9365.889549680125,-411.10353294144284,1134.1575115396322,157.21669964412027,283.28137442208435,8.437447131127406,Healthy
38.302838545595314,67.35633092884835,3409.015208322605,1427.4220896965178,10275.487477175877,419.0745200169514,332.95905362765154,64.73247141171107,248.08707821773075,8.345156591888312,Healthy
38.48684260525252,67.88502091101448,7540.152163238121,4313.03594803535,8829.617426441768,401.09063495110627,1164.3246869858813,228.2930211273032,287.2110240879528,8.568870901325033,Healthy
38.44078302187639,63.75220800471543,8207.142602807256,3617.0233493093483,8578.040653837124,474.1385152889371,898.7177294657631,-122.04005748917382,288.7455205390339,8.325533498188822,Healthy
38.35865304383894,68.02247478407995,12827.908784852196,321.6427128919895,14668.037816423606,397.9892303666185,1013.4829016028755,-81.12638698030852,258.6833268019144,8.130924760790933,Healthy
38.71724160047251,72.5446421332521,3333.143868594021,3211.4265186592793,13516.590637895848,-381.2238979868513,-23.860290061635624,177.0641915330653,275.0985639438196,8.255913729998218,Healthy
38.23934255983536,73.48179630044731,12945.300247066823,3405.8509004835187,14357.414191035808,494.35785700648034,59.5534897365344,-63.666473308152405,295.9167510913546,8.304663943921678,Healthy
38.276077933986734,61.40846415759049,11956.148143456678,3804.7527733243796,3465.7891289713425,-250.3149310128477,1081.5836768075478,197.97034741102624,299.1357987383198,8.595088841318844,Healthy
38.44700961862199,53.99925733838336,12400.609817703727,3072.062748749623,7332.55173185883,-109.23436282448645,87.57298934576932,-213.7972794563137,349.10664421200806,8.421767992536411,Healthy
38.259624760987506,71.2121813481184,7616.878375361147,4622.505732651851,4579.802328151806,-431.14451794796423,1243.1666584014522,230.32463470356527,312.23749044136787,8.139903502620157,Healthy
38.274452883804315,61.677102934134105,7157.306311145814,1626.9278334230803,14638.362391191426,436.57273914035864,684.2695601007202,68.15836783034119,253.44870269058097,8.455954927146255,Healthy
38.397684322082064,58.8876661987351,13884.201968140664,636.2401853597678,11130.849022908347,-237.49638355831382,752.1771696376509,-9.735211207836617,318.17810790635855,8.435359118608309,Healthy
38.5584622639499,64.57445235865603,6977.010203107849,2044.2258003854924,9788.273659715887,39.990330927738576,-45.53052047831852,8.082390979516891,276.4002286752796,7.795980467597438,Healthy
38.48975017885296,73.08306997238088,13588.089406659225,2995.3852941693544,7871.08052951729,270.07115684418807,434.29492634471643,-135.94334874207922,360.0932308342505,8.494077436659872,Healthy
38.32840602989383,70.47243993762532,4977.731559960739,529.430888697467,12146.464890867412,-252.91553550963442,1205.1317660676486,41.18682946607312,342.7272307452201,8.077611348381325,Healthy
38.457917789674994,65.85494756530858,10030.445903631771,1957.449810090744,4259.505174298154,-316.8719528288856,-223.71128448534955,-183.54612900080002,289.017090384875,8.162033164970884,Healthy
38.34586752593365,61.74720780506293,11625.049596740439,2553.462820921857,8776.97663356613,-173.78943817651185,291.66637513126875,32.35627390841549,295.2266859423699,8.156091451628871,Healthy
38.235559450491536,63.922108278753456,2339.478028123094,1693.151359792258,8654.020247998096,-397.8427755783904,669.8002945771901,-221.51595846814536,264.83228981465794,8.446916250406744,Healthy
38.670359829113174,62.080003329189765,2444.5717423283513,1947.8913413797113,9057.793408399733,-9.922565068445941,561.9226819180217,-134.10300501272627,262.99297493106445,8.341928970490304,Healthy
38.352267135675895,65.00720590231535,13157.371344688645,4528.8145028984545,5492.091837424865,426.40933858080945,879.1810709147865,196.55166911923357,329.9542439903851,8.318950340568428,Healthy
38.32818330189101,69.34777063522435,13161.388303874242,2889.0071064309923,5585.456214192704,-301.32800048671345,155.81796861971998,-31.582633800034085,311.59893645992463,8.103930852065766,Healthy
38.52086631087647,61.24193965889617,7269.648226246591,4090.1524403248563,8749.72049577778,-390.70661696443165,1284.5465346590104,-56.04862435008437,300.0295981046211,8.267929305892824,Healthy
38.00485012677031,47.033729826612614,5291.979407867726,521.4455085283776,13886.473626581907,390.8821113555125,208.3754917490363,-2.199387314404527,252.54654787965694,8.166033489325605,Healthy
38.3784115873484,71.49626318946466,11960.858275420429,3398.576680815854,6084.566457313303,-189.271080964127,1245.8619270131026,-51.92013371634526,327.86678525930444,8.443287113818503,Healthy
38.669098492084906,62.95881246524769,11271.810961671099,1815.6374279916297,8565.18943611105,110.26836183342577,1302.1745937299902,201.77811369282452,241.74460350421973,8.085550117302764,Healthy
38.44662244001814,55.51068759140405,5561.759757282807,770.8413540399683,10512.34758846592,-12.48266237838715,1194.2519725117281,223.3961537754984,313.913619027666,8.21905052094541,Healthy
38.035626984668006,63.29817488922491,2571.6024060982854,1810.2913640577428,8496.097851104336,208.78507827982682,783.7945470457929,130.63959425489156,250.77746060576786,7.957134408518634,Healthy
38.67431895586942,64.81095931482781,3295.792484517884,465.1787002904596,3071.5412227863353,59.90760879259396,331.9038858907224,39.52801003629583,273.1730574522479,8.493352483136844,Healthy
38.60052427175795,61.37249929504942,13668.691189960613,2824.1283715078894,13382.460800816241,87.4815341274385,368.5658155842162,111.30609326396782,325.0571860059054,8.266231419286719,Healthy
38.340289356226606,59.309382777091784,6115.918219686216,2874.8415238654425,9589.968461059434,199.83484920062898,929.5063704996589,182.18720368208398,383.27147890051697,8.423266191131487,Healthy
39.05873856204929,83.17423655492709,3786.880364054974,1153.2839423737119,12306.992831565942,345.12389009396617,1064.4351496772465,164.19685499583588,328.38180394486835,8.062245663711595,Mastitis
38.27719072884172,72.35527616573312,10124.324947444837,2564.0158221946367,5908.048729788758,-273.0413349337936,922.5866488448826,-138.77851124790152,368.3087371089181,8.622520138631788,Healthy
38.48646792711799,65.16873636806027,2627.1645838281675,3728.883734790249,4864.711241735709,31.628739723528227,1172.2060204167642,63.63917521335823,314.60682551872094,8.363513295887879,Healthy
38.392746092950645,71.81756778559244,11105.903951138152,2104.294611924207,4027.600266251383,426.34843536057156,517.9941553315574,215.99407558386383,316.4222197581197,8.23944243858259,Healthy
38.49371108565807,60.73323055467653,14750.500097276152,930.4030877343357,10518.15542136911,-416.341544097068,626.0981880548482,86.53514698972648,298.70673389164426,8.289495293188573,Healthy
38.30636861845711,61.9122857621227,11831.280993923967,3472.765748996876,11511.407738266082,455.48368831169944,1186.3975200693023,97.96396683388417,349.64399088242055,8.116265171075705,Healthy
38.490506889040724,64.01221650048421,11220.374824896126,84.73605680944866,3244.28299079695,-206.96445173686052,1088.7428978740827,183.46013522235566,304.94109767650696,8.270574231168496,Healthy
38.539783685271026,66.99460491151127,4651.443645977724,1535.6022832844592,7572.538384637151,487.0227384052183,493.7503212891596,-47.21153535347814,335.76854562599954,8.355982596139484,Healthy
38.18489761579981,55.48075694464896,3871.523180388901,1496.3260676672246,9733.727061794767,363.40457867353064,440.4572025226893,-93.91265214826842,360.2557987045061,8.190197771321236,Healthy
38.43568069428927,59.54913978856982,10961.378048824108,719.4630153907119,5868.877284919654,68.40209555370775,-41.55849573219086,-152.40830282767865,391.8122720843712,8.562867876251685,Healthy
38.52641214393538,51.726932034042385,13488.692977973793,782.1345935271406,5911.118455585254,138.33033525183055,381.09671013075285,20.631941679522416,301.16754161978713,8.367351175640543,Healthy
38.693864190763755,55.20967806852046,14667.477480845631,676.1178507475358,13711.099564041055,472.7915590868355,281.05327194731274,-7.849742713181037,273.2932737183422,8.602652618607749,Healthy
38.3260164889278,58.596449794343776,10589.694485513828,742.410256573115,12998.40881779157,-184.51349889053137,79.42703522194108,121.30934804289127,285.53801187671695,8.359572682422481,Healthy
38.473586626892576,55.65025430848307,7540.985075178817,3916.453354476188,5171.073813926126,-51.355349264737654,-160.0023059900061,79.04438601213124,354.3121999343884,8.22636179280423,Healthy
38.50157855010416,66.9277836334042,4709.611150588213,1197.7150454914126,5123.557217146957,331.118438110544,-208.56031701923155,69.60868273620126,311.7728291423912,8.438725294435178,Healthy
38.83216003357731,71.01478346967417,8254.659662439826,1891.4780619129153,12440.888175311356,146.39303766018244,1127.555815411311,-194.29773972389722,297.38799146227825,8.284340395542033,Healthy
38.359830923905754,57.02954419082327,9545.22493724277,3826.893230314066,11856.259821898559,306.0955508671455,848.8238419322744,231.79361375853762,289.46214466667016,7.953493891601811,Healthy
37.89950280379144,50.27031085841039,4936.232299993737,190.95940345622375,12895.35736398349,390.4606948133754,158.96711584346133,-141.25228107671387,248.46408466430003,8.160746282431862,Healthy
38.378632431497756,53.412281544071405,1727.2018387544194,4796.096983058375,11801.4367464167,-236.04087260359125,1226.9503102813826,48.05807896447146,297.89371846799423,8.144526916976357,Healthy
38.023927154399836,58.37458974055726,1464.245007251303,3198.9271582488977,3129.9889992221906,-229.61581664177078,267.2097860604475,155.46969433708801,210.7525726696686,8.507887177243692,Healthy
38.34775981763645,56.42675807145609,4696.937870946399,1600.338472838626,5660.547988424714,-393.3707880087726,151.79345086334536,-196.4962194109745,312.1818791329959,8.478352303573494,Healthy
38.37175583004788,61.21708586717142,7445.797077245826,1022.343945463821,11130.373425644417,274.56221270175297,57.4545667307591,79.48605823559188,268.513418994782,8.697901923072513,Healthy
38.26611321037057,63.72073887350595,13205.358604858851,1188.3918417294808,8990.775547689946,237.24263482383253,960.6473857148599,68.08309679113937,262.1246824493784,8.34857057817446,Healthy
38.343335807407655,67.43684872029168,10992.20670305385,2551.3861976482017,7664.820836886756,163.8287214012242,-17.216109740650268,108.31754898301335,230.42850096380505,8.309281699224215,Healthy
38.21143314511715,53.70037259894336,10535.882959564704,4671.13211468283,4081.1338797509934,-9.244193903860921,365.4931538139724,89.47077882248703,279.2724098925594,8.144181614937741,Healthy
38.38311591502446,57.525364792897804,7291.898558531064,4236.411567879179,9449.533594085628,-344.8014824802284,964.0678031463447,-112.5816023013644,314.29787241761323,8.475936549976431,Healthy
38.073156440578096,68.4707662571256,8971.597630739303,3945.6417608506868,8732.18692060449,215.588134386665,1221.8003165681907,58.86541934240455,288.5604414655033,8.455865084780573,Healthy
38.23922044916636,61.746271592853596,9607.700617175193,2827.9117762822507,7135.991656179512,-233.94400474453602,801.1985628244249,-191.53776069286673,294.51295261309923,7.970292577826914,Healthy
38.416850495023304,60.335423119833806,5275.215341643171,4549.369830624153,8184.344980339662,274.8483060393563,0.7383140183230807,-2.727352988886251,294.9626605882813,8.236690729460193,Healthy
38.19375678095586,64.35622042789296,7474.819421249895,3818.3577467315704,7025.804773729065,62.40443276614533,175.12725136854215,66.55973452837544,266.9982141124492,8.376685794766468,Healthy
38.64240905851461,57.3930320153232,7803.8731718532445,455.43442684431557,9696.60206033387,-77.37662561253924,928.0618165386443,-94.07496338146771,324.73129556604454,8.098017555539926,Healthy
38.658727380452625,57.5716428999592,12816.570071693008,1603.9241183428617,8745.935970206268,245.2097766202137,769.5069905446525,-37.476551571198726,217.4066266477879,8.217412214136242,Healthy
38.42785196089829,65.03978765530412,2575.255231113135,393.7128286264078,3447.4768273341797,89.87892167753515,953.4610306175094,131.63949077480814,363.39247893047656,8.485882555074335,Healthy
38.150895661969535,58.70520599423916,8059.151049947948,1075.3264948526626,5048.730690827802,301.121838546696,893.8887540238352,210.74999328048548,216.63085956938315,8.116978436815213,Healthy
38.464426283262604,63.28209167203545,5768.001730192589,1377.6052267932173,14920.882044953136,-272.6834657767051,400.9913560498955,44.28844952322592,279.08882468557425,7.851700477214853,Healthy
38.34726918351498,68.95628570856354,7165.753358574585,2035.4672087680835,9214.252392556537,410.57194309515955,786.3971932069154,-198.15914876979184,327.5150424219207,8.143695981876425,Healthy
38.123981237665326,64.94516760539642,9167.126179805067,3768.8072057119193,8565.4344160914,-417.82028034515366,1170.0175949727218,-224.3421521410487,242.70713659842286,8.417162973407592,Healthy
38.349079280296216,64.7252810625166,1424.464249750773,439.35007696945195,5734.515014397174,423.32001837677626,-47.51398275051292,-196.57304072149492,276.22958078287417,8.015849400882184,Healthy
38.341134017521874,70.93002946437534,6724.1367354542635,2839.001976752601,6971.844084831911,279.8730893371626,-45.01595087613225,89.80658139430268,256.4287189802434,8.501248907963612,Healthy
38.545549702562354,61.28646639047674,14359.15399063923,943.1970043846229,3563.821736568836,219.87208079304384,734.1079296478281,191.58644784752497,405.9596707604027,8.305568210451046,Healthy
38.33930602302654,51.247988975333136,12144.11579404345,653.4109643329557,8937.717770219771,48.59764355824373,-153.89258981496118,-13.626014565749081,276.95563632649043,8.413599177647232,Healthy
38.27207187715458,57.4515958811199,2911.222934800563,191.1638193711974,11394.745371504565,-37.642292786899944,545.4241132477493,-183.600495648168,240.097763673235,8.567075925210027,Healthy
38.51863426349899,61.05012946916231,11910.110312293751,3491.0768661530074,14179.930433589649,-286.4071903155483,375.09168247945126,-188.0560965617388,276.2317810483353,8.189102562062288,Healthy
38.47149193094328,44.88059134441191,2672.0756445632005,1698.6185066976918,10192.211340626287,-60.43025149988213,1210.1754210954145,-8.70793855373008,257.43406482359734,8.273904796446573,Healthy
38.2547636159358,62.81861123753548,2547.762545871661,1862.6617473594076,12971.0562715157,-165.29044931684965,947.1512048834031,-219.14678962243076,362.03512437396574,8.512755668306099,Healthy
38.293404376441785,64.59694811108722,4205.621636125181,2699.3745723272737,7042.049883458703,-348.46769486361774,1155.753375569141,-23.990654904142428,284.2850803151659,8.53381810244996,Healthy
38.373877264653,64.10020332954528,11285.348555425042,1418.5576221042757,14607.830270077975,-329.2262377641082,77.61497760614395,220.38602927619363,270.77281643858765,8.101396350669933,Healthy
38.324123108615716,64.91165525229582,12604.542315310986,3978.157200098435,11150.97437134583,196.92668270051337,1106.0545610843078,-70.73707319902195,318.4333799498925,8.415791060623201,Healthy
38.50385998132231,67.68892039177865,2511.866457183987,1354.3259379867281,12546.7155864045,-418.0326798953655,407.4733505981056,81.69034031619462,362.90195129538176,8.831141284582824,Healthy
38.27200749422151,66.14093762913691,5094.0986334885565,366.1249375854327,9732.381032749587,-378.0158563764412,-180.83216523715805,69.68108823006406,258.98640105931906,8.034141498433588,Healthy
38.48756868355858,60.778261157940825,2294.272286385436,233.61249646881652,10526.218271433681,-266.3005533399285,123.43684781769792,40.770087494381954,292.12515745227387,8.664522048298753,Healthy
38.30498603066588,61.8166358009354,8888.844561053711,4347.316048470256,9328.316928919196,406.4523999821393,589.2685045990816,222.97184032028767,327.56932639088456,8.203685073953508,Healthy
38.56771398129762,64.40712589838365,3992.2426784289764,3051.4854252067757,12616.961968665963,137.49843834950556,732.7040955362086,-134.8874041472195,314.6602181687533,8.407832742212225,Healthy
38.69218144738474,62.28446645816575,9080.119560834459,3603.4247200895775,8283.977355851006,-227.5305734541766,107.02376408659336,234.6935155959505,263.5897505508822,8.444498396747047,Healthy
38.270488486674076,70.32196599563227,2537.224320488216,2796.2542482685367,4960.291454002906,328.4548158032136,287.28312795852213,-233.12758680371067,354.9752839170047,7.972738319927818,Healthy
38.561214516153456,64.36896127856737,11330.6664365909,1880.7143633751916,10636.925190397435,416.8995690986999,-219.7122404212024,90.31328617762614,281.2585171315076,7.9257194524119585,Healthy
38.32615443291462,57.01620525813889,11688.24850096267,1932.6330830772736,4152.830850840479,-213.0449013242876,1218.9073435656426,212.9412771956413,246.05548287078025,8.09488760161869,Healthy
38.4830450828271,74.35768498037925,6110.107871350232,233.86008993327187,8976.287401950915,-254.04094994106083,182.37950975480896,-62.74014472701539,412.064309605726,8.280181255627244,Healthy
38.7855584454076,65.96526254038251,13068.628469032767,1323.7579159985014,14780.87431122334,-334.80508147647674,694.6710378012366,-222.42990962634093,306.5449352488889,8.569389909189804,Healthy
38.4926709962246,67.28890912539796,6676.365347307848,2079.7986350367123,8689.494370185497,-39.28656471418868,816.1676274339575,-137.26453252877997,343.7280410297556,7.997548204502859,Healthy
38.19001915517361,69.2458603816552,4493.653977312112,3100.0466048453454,8599.273518354912,-405.58597660306464,1114.0363175561238,26.22623099411822,280.270389020592,8.154356881609617,Healthy
38.49816160505038,59.782332999579154,7707.645936431221,3060.857755839799,6196.720938896829,175.22507227830243,47.098769644158665,69.40183386663605,253.6635246447824,8.195552314502027,Healthy
38.55575460976562,53.32578918739095,5788.977450103375,2506.4831051115048,15281.257855899987,164.87676811665978,910.8069723791411,170.05013307338706,326.1743280281555,8.206332775895362,Healthy
38.2407346581355,59.9685133110395,9264.043026705167,3679.1547897519513,4433.561739795935,450.193111159012,-194.8178993635678,182.17604454684036,255.4348094910384,8.168659864379462,Healthy
38.48682240098758,67.26433382685059,8233.334048920795,3543.9171718535918,7120.523050385333,-190.59269396796492,-183.24682791025634,-122.33594347008278,260.244010637487,8.727856689656793,Healthy
38.37783597340418,61.66455873889582,8651.488984350879,4521.7681218612615,9501.761769793138,209.50967620071287,612.1626489965424,144.08260239586303,336.16757864749036,8.233482487995289,Healthy
38.34179121580962,58.443390681221814,14055.238573905779,1505.0135510003524,9729.492928088202,313.75106122036107,126.37317928951279,188.7156153961779,373.83654782003316,8.437011823990622,Healthy
38.06358450344779,64.18583211911181,12903.755439018149,4247.797826771608,8185.529499545265,-127.85985651672667,1257.3086999711713,172.2768317275584,276.6189859701418,7.875658223063709,Healthy
38.339046873589304,67.897217616669,7525.764211791322,2790.4233614067753,4388.370363675532,-264.0740011117964,277.10554682329393,-117.24640349318864,268.98160246221425,8.71581475661575,Healthy
38.235831154487705,70.31100778536478,13069.095585452467,2579.9326653297494,13439.757348348245,-315.4480189419303,892.2474685622605,71.0724066626089,289.4920606614799,8.387489533653216,Healthy
38.16715657260935,71.36685431598197,11989.328030975468,1755.1286945699312,13465.87744021345,487.8228166591618,-22.492122327523475,157.23055839347563,290.3099093197082,8.257808847473118,Healthy
38.42528990427636,67.67424638308376,6485.90193969197,561.8823937277348,3500.906640822357,468.03924021078666,105.15753044804876,1.5925421143665819,308.83451304512056,8.644588981088415,Healthy
38.27424629982549,71.31839472639649,9101.69677605127,1791.2191213823762,3229.22527529342,-347.99960296921347,112.4428130647496,83.50650005963712,311.38480847894493,8.519070168995245,Healthy
38.451653168689134,63.4508474498613,11435.393579397958,2133.886127190753,9579.843475408139,-82.66372561310006,742.176235582825,-149.3127552785019,271.977397615801,8.264916324205636,Healthy
38.21836863834837,74.92926431071578,1774.4106443849469,3674.312795040143,14249.511694839872,171.7088303242258,913.2425905281774,-121.2080738071696,329.70951411555484,8.349253738381105,Healthy
37.92677335004575,62.540804282127155,1702.4826492452294,4443.336337977897,10886.136514391552,74.79693113197241,304.3243571639677,236.3726206420523,336.94545198449003,8.540690263899844,Healthy
38.187578476687015,73.0823815749118,3258.359252474558,1893.447575527257,9809.486507930802,-361.4756554126927,-188.27137543381423,230.98299832856014,340.25910833858404,8.204450763708302,Healthy
38.45964365999226,61.93488726081271,14154.26452904127,1445.1802211168638,6435.991084188163,373.524063182241,797.9112517443275,-28.219017270931392,259.056207896034,8.398430428247039,Healthy
38.18213524225926,55.53688656424792,12347.509326129139,176.2852910164288,7396.576620680968,105.63976466759061,647.0426169367549,-177.352014847034,350.0044553350264,8.546857296864266,Healthy
38.06650798058412,59.64984339338368,10414.258498678528,1496.7288506175123,6650.711235963819,-178.34225798552887,790.8899029290999,170.25728131316598,275.4261757986294,8.451661998186617,Healthy
38.05705696603156,58.44100468578453,5632.6805597171,1526.3906873466724,11570.260425456327,270.6108954746703,591.1521742486607,80.40428557273837,263.4415741695177,8.194302902626529,Healthy
38.27767551454228,61.037045526466834,2607.590071580439,53.40920801175844,5584.937703351432,-170.39319714283863,719.8109676015177,223.6846678731828,296.5352137644166,8.208272103786017,Healthy
38.973533546060494,75.31591208635587,10355.63676830478,1573.3387295186117,11587.92748514097,65.67918665962824,1139.3556226206942,27.384737328159392,429.89843609600393,8.330876263698961,Ruminal Bloat
38.623071611736435,61.77646604427686,9035.790353198166,4332.179973545422,9839.856260983881,257.66931860695377,315.56074509000473,-100.76927113281931,308.72820670045155,8.305186883858276,Healthy
38.30298858881826,63.56072428619372,4128.051896631241,2327.5177738964894,4024.963982829844,42.09343035373915,191.69691163278696,192.96479050084307,294.8069785327347,8.26152939967488,Healthy
38.23632974702741,56.49082523064475,3159.3650224838784,14.652020958287267,12764.253316393744,360.587412112765,120.90844193999266,182.7563701335705,320.9591288987452,8.018987871533826,Healthy
38.427248552617705,58.86973627600757,14821.215707186002,603.5882008512312,14876.655751222424,-414.521524188531,667.5197467162827,-162.5860465199804,297.71718368995477,8.293776603407554,Healthy
38.381936650833126,66.35258735392739,4657.575394516613,563.3784490785342,11638.89980297963,140.01784374186755,289.2320262463896,-43.183393072721884,270.5885187052537,8.35352279912258,Healthy
38.61604057843283,56.94309242899998,14178.613153041213,3285.842531646299,13608.565114601217,-188.88469681366865,-207.29710946501677,-25.1332721916306,258.42519103489053,8.609882910436692,Healthy
38.11136242541752,60.80897360741968,7421.542430355839,1319.0039691765292,8041.919107922477,-157.41711956919002,948.4765287351591,58.571918244972906,260.3024542030319,8.347196674287762,Healthy
38.440441955984326,51.294106520062904,3676.417489996262,873.6248435801388,12532.054826114369,-403.4214857743833,355.34206063443077,-24.967097257605328,248.58593217777704,7.9539251049156565,Healthy
38.03985458393419,61.41426475498483,4386.55568047724,404.1146412845542,6102.950582755309,-444.40498431278,470.42856286694854,-102.58148013696072,304.8952891154602,8.651842920847752,Healthy
38.3987192146841,71.6683481609493,10706.158091614074,1956.7500846137632,5515.763148404248,452.05736688109147,-111.33843647020399,-72.81423508002489,275.289000185552,8.052500621143395,Healthy
38.56544503719181,72.78449342426015,11229.388424770172,4020.688702480798,6966.3895452498255,-152.85596626801723,1157.188792088505,22.531203815848016,313.49287102715823,8.411397983740525,Healthy
38.33940596056997,66.19835767219894,3091.9271302558673,25.794355951012676,13241.717991893105,273.88409749159905,795.9695859739331,-185.17140094028022,286.81858385065397,8.193248170203336,Healthy
38.33774933210647,66.59257611008823,14492.155290305513,4049.6949217655465,6942.381953354803,-368.0512560025136,926.6242731222296,-54.92700864867723,280.54833599324564,7.912168064187123,Healthy
38.42226875925471,62.49454315244946,10178.161768116832,1991.769245294834,8067.555291291877,58.567562957735035,305.81685473915513,-153.44778758256365,316.1020221873102,8.303517220797662,Healthy
38.624403031550194,65.63456454202266,6391.54956695287,4114.059231455956,6760.959507029798,13.114468786495351,696.2418247894675,100.18721033065668,409.23270283793335,8.330681590490858,Healthy
38.36075148926517,63.03786006538948,14676.059341821912,702.8147486266776,11219.839295056296,-121.65363172111518,595.6981460825061,171.4929129521227,314.172163421942,8.429761411964202,Healthy
38.49710247386838,67.56379356346862,1445.9337573315315,2203.6888232887577,10309.932729532942,72.92889379016175,-92.21022014103778,105.005106004222,329.3569084838162,8.023622232067394,Healthy
38.30183596155379,70.15814042649242,8728.966043378658,966.3347748180058,13307.186054836933,488.296637739521,310.08110899676853,0.718276812770263,316.52325487242456,8.50783875914118,Healthy
38.51246824511554,64.39673004635272,11290.884792428189,3382.1001189567423,10379.86654654285,-293.07524883767474,474.01824270143584,-196.23920200504512,238.50567112460783,8.510527620660497,Healthy
38.540190505629724,71.3034504610265,8537.184797361442,2416.5583100117483,13523.995842842858,433.05043934643163,-185.27600588339328,0.2136091764114365,350.5702598467246,8.24822955798928,Healthy
38.352852772591625,65.05824297232334,1813.5254626558562,3257.5648405985285,11362.760709291717,-280.14542756003095,784.6959051785508,38.14931083233122,347.9124353215948,8.19122397285026,Healthy
38.60575346349197,52.21806461513042,4952.424023537276,1556.2195440012617,12788.969403469433,-14.4594665571992,986.2714982981851,-234.24468291306306,320.4483630132321,7.765033837626004,Healthy
38.28733266630277,63.883373850060494,12939.773530588309,763.6198315961942,11491.641019788147,-7.885729857420028,255.09245862715034,213.2388348375601,378.86308173707926,8.156628535579664,Healthy
38.463254127929694,71.9349297865789,12655.216078301091,1905.9132946996267,6311.892202041172,443.932594529397,-31.88547939060072,83.9634561254948,286.80195648057577,8.442768239992382,Healthy
38.29532311684407,67.68563931873292,2521.284803651588,2884.0676313342005,6078.016061479431,134.87746792826744,555.7759345181483,-149.34134209705635,318.8322059543688,8.321042826110872,Healthy
37.91790486476152,60.740066413570936,1847.9304149558766,3146.5872395592687,10027.89015111605,32.416459241606006,701.1553444087525,215.6441981524242,353.53188979350494,8.298003053002224,Healthy
38.078710573989845,67.96741568453302,12661.948037622013,2613.7997700271217,14739.39643719172,490.18487116622634,-63.22397386437399,14.356956578976645,282.7230939374162,8.589572426251223,Healthy
38.86378170073579,74.7771960806852,14249.500792752327,3287.3667729134045,5785.822793511254,-291.06514110279414,975.6162320783947,-47.36332101988275,380.17247727346876,7.864776102944177,Ruminal Bloat
38.40062486380283,69.57235584527896,5543.2216100442765,2739.30114259077,9590.464157213652,-62.98477246250668,865.044357093537,-143.50515544318324,261.75119438443755,8.31677715592631,Healthy
38.20016452602764,73.92493493757097,11514.462246678966,2297.379537966976,8119.4214899287535,492.08180093522986,387.4252441320555,-64.84821437584147,331.04234013252716,8.286468004215648,Healthy
38.46196789626273,65.62464189168142,1947.8646441531328,4293.537059181864,12340.672489572658,-41.81681353427899,932.7790529675033,107.58333974439965,294.90145565336485,8.228146818354729,Healthy
38.41559028349663,69.87850467603275,7521.505076274161,281.5951845527502,4567.176631458011,84.08153238647712,1086.7083083788177,-109.48398357473577,364.32411317070745,8.221224362733647,Healthy
38.54467704234868,55.178452710023855,5004.3962782384915,1160.5025274568043,9510.49887912313,481.0231911683178,367.94337951014927,-223.54563031880406,400.9398467253402,8.807639809191473,Healthy
38.47333951161683,69.27934943489996,8199.637593131107,2816.024971249777,5984.7751644156315,427.64063015257193,-25.99699485308429,183.30295849814146,336.94548546326894,8.220463752355009,Healthy
38.979118961037344,107.60844479711209,12899.937547940546,3526.418715711543,9580.912380076114,-254.20449041819379,1217.713236140723,58.88877629337732,352.6605347043717,8.07691544988524,Mastitis
38.391579129933675,52.15427855822116,7499.095114404447,1981.7978982760344,4640.451273486919,126.51113388386936,1141.404515546134,-51.89270137789866,261.80777568535586,8.312422599870668,Healthy
38.35549760076453,65.4927191359297,10460.82300356443,281.4098037657445,5363.911202255248,17.320754767573064,513.2507065305834,94.3984035709257,256.85684777332364,8.475643297625307,Healthy
38.46588949681577,59.98875369326232,2718.085658168162,293.23308876533565,3988.815272607014,229.33316063633887,836.3056977337121,103.61844901453148,189.13897486490194,8.340226402949792,Healthy
38.19200620251213,66.7290197643021,3555.89723377923,848.1812695492313,4584.050192104729,15.385244773838302,722.9660517603594,54.653675274020756,314.7951877373674,8.12679680229862,Healthy
38.25207493572393,56.693597264127604,5003.687178192388,518.4517275334142,9761.97828122415,36.867314953342735,1161.6299631203551,40.92623192283351,305.69427419502335,7.944844846721996,Healthy
38.31438621000589,63.39387661344175,12207.008470980183,3304.4460328314512,12327.966066277806,-350.40374321811856,765.8253766311507,-223.23393661768517,318.883130391231,8.174563362732647,Healthy
38.425238449262416,63.23372467855275,6675.414323313731,1029.4707039123832,3766.6502907665144,-350.6935622845761,519.0551430227601,-7.263005484282079,283.42319867585843,8.299628194672941,Healthy
38.65192051674424,59.90867544745029,10539.577713166718,1074.2930778293942,14497.79022883041,133.5193121626774,998.7071467376607,-37.48381491207357,273.85077106988103,8.581898716836942,Healthy
38.67692534771317,54.59869569080115,5039.812629335935,569.9391009850435,8523.23549544622,-163.9321991883659,920.0650462078918,-195.9299608033548,314.33136587748754,8.559453577673468,Healthy
38.604360231869215,53.395448482075906,5158.735759755817,2691.3753566719774,5283.938605981097,490.28931458822353,1060.5535702602926,118.70534679879343,319.5847492402164,8.233460118515362,Healthy
38.62577274208781,55.135779194773406,2162.7703878038637,1104.1794285910055,2925.4640837056486,-365.73736334863406,685.6712191745253,10.679960409231123,309.0474481586532,8.345165687084327,Healthy
38.417040917276005,68.82097987559641,11458.293893005604,3490.0690645316045,4891.574954188096,-452.94974115315205,202.588754537721,221.15419088058349,299.4795918176269,8.3302659002129,Healthy
38.49756219146817,60.28445979214244,6772.368101845042,4199.800418959095,8037.518379455788,-98.93267199785495,1072.7070670226217,78.4480357733694,351.84233394635146,8.400452447984582,Healthy
38.65965893654198,62.333595043801765,13256.238485574198,2351.8426386742144,11826.630976931458,426.0011434390452,593.791130924028,226.5729422327987,296.8805048865406,8.70123033048807,Healthy
38.743579673519335,74.74228704398001,2393.2817488614182,4451.187211048244,4850.318469313551,38.26620849899939,1088.6045459445827,-140.43820939339324,341.42970883559724,8.625772242970934,Healthy
38.35422561569833,67.22287958285204,3861.914451585061,335.49286412164383,6309.799797320984,403.08684308865185,728.1106185265879,-43.1581708389983,324.5957345171733,8.47239491847155,Healthy
38.33294728856019,72.11439756271399,1861.4245494397983,1458.7059509624823,14674.95133663059,-67.91622829865561,353.2460811961055,-8.824214442560418,265.7964425376399,8.45093252457823,Healthy
38.32377212678309,69.84162724553624,9709.179248690758,1537.8288312145241,12446.847335267641,77.925306218254,1305.0079369668545,143.70802927372426,271.7266103768887,8.44021982900443,Healthy
38.308125793800926,72.41933304016756,13703.538703202006,2878.8929402700032,4191.047474529737,114.3450115992841,536.3001166821252,79.0912355320466,295.9015769522292,8.395208293802893,Healthy
38.718433748865564,63.545255884472084,2693.1531196309543,4059.5948657755393,7577.028857363221,-224.83103548202698,1027.3503636480802,93.0134846403601,319.41397558920863,8.145891915449667,Healthy
38.78442526723003,55.33514821929059,6164.375960707943,1844.7497729036106,7246.5365194551105,-240.3369432557439,978.8724047108326,115.92679633087519,296.01322368941703,8.009946532294943,Healthy
38.11170668794399,70.81215460396423,12358.166664870858,568.4947213900052,3000.692282767697,-197.3113030814851,969.4994776109509,-145.59079702505747,347.94018238333604,8.470000222210956,Healthy
38.310745000889874,67.99842022361129,9584.253376135819,3492.1833566883015,8672.567598187166,351.88753090776805,1315.466025907834,117.62844796765125,325.5022720435049,8.363341404632278,Healthy
38.56901993836675,63.035890663152514,8181.810345877697,1817.7987672166585,7445.035732396407,-95.13345747199206,1038.9088721903927,245.59799358411797,366.36400378028657,8.41644362796952,Healthy
38.15623648504889,68.78792728351522,10088.368425121418,2092.1136171115027,14135.430720046654,-171.8768836518346,510.10054865788936,-71.31535279825295,232.32714824028653,8.17469924387991,Healthy
38.45426231640622,62.85022683525206,7459.2358037903805,1544.4213792067806,3205.5070384991322,-230.49679292071164,562.1041428190103,-59.25804203993063,334.0761938511932,8.194224196722253,Healthy
38.227318600316536,62.26171133371123,5655.592236604888,806.990546864698,9645.126884780735,387.6257548480253,1044.0673766237492,121.13535507818064,290.6848197205687,7.8523954896103785,Healthy
38.37694471610275,57.53681723566976,8000.561217025587,1393.851226935716,5482.198385914406,-32.21114306922772,1226.8580250242144,-24.740936349870235,256.1198162888535,8.071112766786705,Healthy
38.350292259110724,64.48774612602924,2409.1400300924106,2240.372933741941,11659.902058531352,-441.50775387179897,1058.3553900429813,7.149472979409872,297.66793811212136,8.527770615098266,Healthy
38.321918883907905,57.37683805625649,14597.795830496047,1144.1184341677774,10667.104549688693,437.89510188132704,756.4159656165939,136.63952823049743,287.2798196866397,8.646230698150664,Healthy
38.368056339737294,70.30269187855495,14367.635749897401,4266.605158125978,10682.829584324674,-147.68609063351607,828.1342520621823,169.22064819027983,308.3128106240053,8.304309950094968,Healthy
38.42607244536974,66.7600483274454,14656.001277124018,401.38324539260293,3578.569746976609,203.5362481868586,320.96148062287693,-145.59320790527553,334.21576256232373,8.348056794197028,Healthy
38.58339704000397,67.3016948130187,12923.058160659246,2532.55410963799,9405.467609913945,202.2701381378311,284.13106658305253,-84.36758786653465,314.2439096322398,7.859322220190425,Healthy
38.77816834983656,63.41591835464354,5379.2272897138655,1375.639043621122,14334.40585872697,-251.68176272883971,1282.031588206146,81.75079013301072,259.2312026860735,8.151336926203028,Healthy
38.45556297991203,72.34673290684267,12086.320303884746,1065.4301514339818,13704.789431790825,-270.2104673666276,1167.213952010867,64.70813289939527,303.24029048123117,8.190300482514099,Healthy
38.36516031647391,60.30140894660087,14593.253493436885,501.889438073948,8280.349653325258,-50.50130891473499,207.4578854301077,-35.88613637839832,293.6268109971742,7.7532236546065905,Healthy
38.24709779755584,67.88431910333298,10328.940136475108,3595.4192544899192,10596.970813345839,323.03952871876606,409.1437742429158,224.43440243282984,255.56653511881436,8.178995425875064,Healthy
38.42651767707634,69.06446798104743,10278.480270430728,2275.199839821609,5207.4103540384895,202.18795440697633,-217.17874262759892,-53.59591085336463,315.9106548042707,8.28445904320396,Healthy
38.32770261069118,69.06035093540505,9043.849655077856,3042.4057374246104,10688.754185692576,-289.72387291697953,132.62283989957297,51.60077101525545,334.07403160318717,7.954645934120182,Healthy
38.81233803175947,66.5106340703457,4629.956471077228,2933.4018233983934,5302.365907912437,93.7397842297452,272.63083465960455,-164.11990463250422,298.6554526325365,8.546108461665273,Mastitis
38.556480186901915,64.27747630605681,2897.964073086876,1303.140669571694,14715.200438501144,-169.36905204307786,627.2650767255135,134.62640007254112,266.06289978136095,8.232995678082741,Healthy
38.200441631282594,61.01553391419313,11912.132168863232,4140.761725958091,13767.973737113374,-93.01206801343059,1340.420360893686,4.225520467266904,297.1400100618174,8.548832030978346,Healthy
38.506431649761105,62.76023851233349,14289.668298037726,3196.2331688495733,6853.300290801262,-230.77648599871725,-37.80414034152341,173.88223602658138,308.63829081270694,8.256683701327837,Healthy
37.87638444549889,63.0526272527526,7927.632903065368,671.9964678315218,9869.616688898623,-452.57630557317333,1074.136481803262,-157.2342813915074,330.4330184612891,8.351638571415592,Healthy
38.05263838052791,55.10354208771193,11364.499126750072,1860.9964409219408,11466.812958341903,-321.92142170195285,109.1666892369002,-233.0010319300564,324.06530780516266,8.183159888501557,Healthy
38.131020264487525,70.26853675084982,2900.306307389179,2249.391103138587,5308.481280358944,407.8609185670708,1197.418443767489,-61.21834204005638,430.4566579978366,7.948226456976062,Ketosis
38.489405414787235,70.03317856285663,2681.6848585542493,3093.735042428578,3363.375636033159,24.925341739715257,154.9927593825132,-220.876699509711,390.6708676269683,8.480351031681444,Healthy
38.50845279474265,62.089562702341006,5604.158442718699,2893.0020200184563,3769.437754554123,-287.47036860750586,1236.8858758497356,204.67307773047122,310.69357888332564,8.204164757160195,Healthy
38.46368927332832,75.97830950494043,12995.260073246605,4248.8546325138395,9257.423340992304,423.9578085973989,570.4841145669769,-161.69429786254926,283.3189824158331,8.12070565796451,Healthy
38.36255109087768,54.760256205343595,12228.404540238993,3541.956407994447,4917.589723254596,103.68119838146792,186.6359696472001,94.30529154989998,283.23861163790104,8.30683272629562,Healthy
38.11804096398351,64.27645473311715,10015.53947081633,4249.369936405656,9558.624253923148,-136.25841530442557,1049.3413321970665,-236.47913171458111,271.36060544777865,8.407640723992275,Healthy
38.24663058770946,57.4632647914838,6655.927444021431,3013.489008767756,7881.567065007179,172.93329891947698,1100.9912196053863,-126.82560886086483,355.5592559117066,8.320149263785138,Healthy
38.233586311609095,56.4217798911077,12603.377212462037,1482.824868170013,11851.50537413169,247.58100399102517,-130.43230525530532,48.307398862660605,313.99419007865345,8.344040718858855,Healthy
38.29141251988551,64.52317908040527,13180.477531370318,3877.091444449994,12535.840654642194,11.724117043186455,1291.4952085807454,3.0672576810094956,229.26216509254397,8.336245745586789,Healthy
38.10684365000619,70.141848861445,6824.594733272263,275.6243724406886,11938.729211406899,-367.74932744909677,-232.21548972997948,160.08456914762834,297.50593700981335,8.033483723843815,Healthy
38.82832581379024,73.24089065197515,10027.788091915416,3651.7868543988748,12655.506973203625,262.08143638664615,1161.7460024782456,164.34458674899176,452.32855617298674,8.338935237743433,Ruminal Bloat
38.42796777060703,70.70018761561126,6060.220045736968,1406.0897085216116,7336.706204264382,-0.36344139243774265,909.8699767542348,120.52813673677173,366.5232104280701,8.682942483505618,Healthy
38.298144122417014,74.05655853967671,13071.568067739569,312.91825029588745,9060.435065372845,-132.57789614075008,898.4335911297323,144.4586272355285,301.717551486289,8.384392011984264,Healthy
38.35815750133063,59.14470802054777,7070.799565180747,161.0286026945755,13042.08182030698,84.79255569726064,1299.0866751899432,84.81334833067363,322.6009618450271,7.953360266728831,Healthy
38.41779005967358,64.74916105174837,2928.1366935751466,4416.65369037671,5433.917047901117,-216.85353581603636,1174.6059761156223,35.903154088563426,283.8543527350493,7.8778632084731495,Healthy
38.04590415266853,59.00591250835904,9239.729239933846,4233.809761414156,14352.403310140939,364.14320723930905,443.7600044613248,-136.49523558945543,295.74976420440686,8.521142494888553,Healthy
38.540260145600094,64.08149096041346,9168.353771330576,1825.1529098400772,14944.212412299392,-65.42165784902627,490.69228911717994,-70.38173360520538,340.2733237920851,7.943825958560031,Healthy
38.26981894544693,67.02339802066601,10881.706746998463,4043.9052317666974,7295.152824180382,156.48076398547312,553.3263637877546,-27.42111813765629,327.3277278105047,8.349969830168593,Healthy
38.14262976457626,71.73819827232734,10173.082499332368,4769.1342251186825,14150.516934820767,-443.01490984036184,592.3292026541291,200.0888632937323,372.99900692506395,8.46105861533066,Healthy
38.63835719659537,63.728669988507534,12358.856900854877,4696.002685961716,14860.959599846803,-8.292672177214733,-62.36629611188823,-55.3385768305715,228.26246977913502,8.206877857181313,Healthy
38.52951426103397,64.54035906247547,9229.377585038863,1823.1211360599375,11095.33182199657,177.489523345337,-227.36311825198982,47.09988215269891,290.01862414097747,8.552444468415912,Healthy
38.48930368484384,49.022211398973056,13000.295889267174,2791.963053006629,6437.614102452964,-28.764384110750633,767.7996317692644,103.61535876187295,341.6123713289607,8.246652480950251,Healthy
38.398480898191124,68.53016104785819,11998.360270577403,4670.33171081068,5393.280996735166,187.95236025227368,1062.6134674845073,37.38773701454201,295.8400730883892,8.20952586557932,Healthy
38.32571910278329,64.32345401244604,5455.592013431493,4610.221437487343,3304.0693157369333,-88.25860908885234,923.7334079906759,-73.4073179977012,267.82850296476727,8.244383853933956,Healthy
38.47787085046027,61.391831062937186,14019.79196592167,973.7989735310498,9205.273759099342,-42.32284783281557,738.2767120934823,28.401872712923254,272.293815794347,8.139675710318153,Healthy
38.448566818402426,72.58823013084536,14491.25197119347,2126.162476166802,11861.620409858273,-181.6807147826729,367.3978117410154,-123.05393423817472,316.3657550611156,8.026311837058717,Healthy
38.3276781551371,69.75559943559831,9604.426909511283,1679.7729342804314,11504.064057010879,377.0089822104366,1061.397144076223,-134.76246091803134,298.54041886522435,8.365908640562958,Healthy
38.54547564548482,72.48247802033575,1931.8710949567576,4142.542936488833,6877.373147407485,30.168862233748083,474.4161508976208,110.7247934989016,362.2368673758047,8.665227591812755,Healthy
38.537962009174485,66.35137286786534,8667.865582877359,2595.8633159853293,8931.501910091758,65.57373297901303,-42.16291572035527,227.45320858971866,295.5982815701668,8.181143627470629,Healthy
38.40300884263669,71.40689734050358,9916.468451664789,1091.5319360639764,8426.133965458846,-181.01167456001718,239.75950726535712,79.55709391545349,275.88719282843095,8.398988241002076,Healthy
38.373693209421184,65.37845052740013,4911.469172048325,2410.7161021736983,6495.538968356064,-360.8750214805716,1232.65920207459,-61.23125261422106,329.3546840934154,7.989193624625162,Healthy
38.23614753268395,63.93705018087638,7234.40839310025,2378.8148231874616,7543.914556977128,376.34787234175604,1062.885354109149,238.38400375328388,302.89290159575626,8.628475704642224,Healthy
38.520578462401765,68.75987912037992,10126.42688571512,1860.6544652048751,9673.300337566638,441.30605778446125,27.1906492913771,109.1890642171626,292.4412571178134,8.257686228389776,Healthy
38.327189166313886,58.55629100864009,7503.945691847053,2219.544552475042,14333.208632787233,326.4761636603708,-157.18950150828607,-154.43329341281276,273.8083840107639,8.436178976966444,Healthy
38.4511575067084,66.58462729154752,11574.883069778698,1706.3765145393268,7259.148254871892,-192.23185654196493,105.85722237346329,179.14127158928082,316.27745329158677,8.677526997076232,Healthy
38.46186384146581,50.48948561333747,3265.5752824612246,4194.183878755359,5718.502261166885,484.6580768661364,-197.61025033052783,50.19181847482113,257.1024298741686,8.34830164071912,Healthy
38.23347899289657,58.888758141791875,13130.475250039464,1967.1208095199888,13492.7857565211,-309.5299770316518,561.1398599811932,76.49944706901127,331.5582395006493,8.722407489100032,Healthy
38.14823565169261,60.899545764236436,3327.0533752229358,2659.5634465488906,3185.6747973867223,-226.09392415358343,1322.9624244581673,230.46906587826288,276.270235649296,8.325052101814453,Healthy
38.330687022582474,65.17387209521564,10414.440171939528,841.0572632096648,5011.7464545455505,-209.98695607290045,248.65109995405345,-166.59242202117258,309.49751666783794,8.23924281044226,Healthy
39.015857723488445,79.37309279641863,12519.635078530267,1143.1709428882828,11072.567141424503,310.89547116800736,313.9317766650537,108.53352509535851,360.56666756055375,8.319617327090588,Mastitis
38.40664656142171,56.04153816008106,5168.001675811193,2471.275680976067,12354.27484094956,-359.56512171099405,623.2531079800013,-14.24341546602528,304.81416263980435,8.100761246332283,Healthy
38.11685000160515,60.31118253238626,8925.738071517142,1929.8233494333713,11065.504040498738,352.9806682385418,434.5284736479474,-180.6031393732279,335.1629940296714,8.595100859291353,Healthy
38.01670649669539,65.46696015588343,10869.507762843366,1660.429142346627,4802.09537356327,-199.38318694602356,964.6849085511849,153.84668343592307,284.71392486480573,8.11276502854043,Healthy
38.20594155602401,61.136948891395825,11080.836971509354,4320.247366338449,4844.300213782945,204.10464594606793,1313.9886263239327,133.12963096418903,299.1126009152616,8.0423509501871,Healthy
38.186243165444736,136.62335432566744,7248.667976854211,1923.6217828441215,12252.369336165075,285.8735264446567,1324.7268517865643,-27.05470015188412,391.7574927373578,7.987803116713582,Ruminal Bloat
38.59095712769249,68.00190250800165,7031.259687032994,2922.631153162119,13436.906667337851,-348.5900484648469,-230.15159762579776,-229.13730001616398,246.62557172086514,8.39554808584078,Healthy
38.237001233226486,70.8150006466004,12193.444763443244,4588.537732373676,7123.426539493294,-417.1604968300603,215.43062056157908,62.03845323878909,288.15854641711076,8.14434450005094,Healthy
38.435358721994916,60.60673384296967,11775.534016608439,2154.9946127981643,8484.026400160476,-128.059710789977,157.65794801415745,171.95886609647033,290.98443158667766,8.235894301402686,Healthy
38.604724271894234,69.08939644848951,1420.2229674628488,2814.1828890054376,3643.7192882208155,-90.20161192530456,370.8156971084936,75.86257673893277,313.7548005898256,7.905196186310416,Healthy
38.13607559177701,66.07887970304593,9656.135419553168,2351.8704859707195,5802.186131892453,-320.1778526460158,-168.37866913795892,205.1099651482868,278.7132909699707,8.206167788296419,Healthy
38.40128307981748,58.50004136501441,6699.016881334163,2676.0357777940712,11255.534933990679,53.003800162240125,300.13927926489805,128.18934845658,279.8563288270674,8.430657842717746,Healthy
38.48695563703754,59.79374888666365,7314.767124199303,3989.0949750102363,6342.382294531369,-284.41890493576466,1074.4101566958857,80.63460132711413,412.29852065271484,8.655939880084482,Healthy
38.27700500746753,69.89961517941833,3195.3152866861883,2671.9656124615526,3245.927341778174,211.31553716375186,1200.2063095033798,-168.64477775515766,317.0222243351128,8.359036920900643,Healthy
38.468015633476334,49.75523590763449,12381.959863330258,1819.3473646677999,13766.799079173954,-110.81850570831939,-85.1109777871676,-71.687462376379,258.4665492201304,8.30424555386631,Healthy
38.455542446262214,73.12562899691254,12602.02915546303,757.6003781115965,11864.062185719871,-338.4770373341508,878.8868089199523,36.923163126789355,299.9814514031064,8.114191148631926,Healthy
38.14770185733664,66.01625415711209,2695.9459769852347,4656.747563391908,12418.4953373107,139.92752890031312,-219.57690968793486,-198.57107774800335,286.7983596009934,8.23113353138245,Healthy
38.45202813753729,65.00401403712404,5463.655026108592,2258.3705744628746,3985.6426289493866,-185.3837992995741,528.6058636046353,-178.95892553737372,367.700384827943,8.195610281368138,Healthy
38.216940126790114,62.67194821220883,11365.877961852468,2511.26993063247,4865.369505982235,-415.26628776305455,-180.1681140246053,199.1578633016377,307.7424239002454,8.462727012704455,Healthy
38.36644573254298,59.77767740148386,14522.003773194763,4436.917668243079,14703.897800671808,221.76486633724483,1275.9066143138377,176.12949089468125,264.6448766468987,8.671037172705951,Healthy
38.37991762235475,69.33050454076292,13367.814684463554,4144.200361337247,9905.702461473398,475.27920553017753,523.7630371396968,154.76676741421386,331.79140866067297,8.434077190733188,Healthy
38.68373528862909,73.15051209391993,3721.8334993511053,1936.910542478886,3994.657464982728,346.85045135250454,-190.04052386965986,-81.49838346265454,280.1686928259224,8.194874935417888,Healthy
38.38609177633588,58.55566454618063,11823.86718392674,1567.3187911346479,14917.827474213509,289.96390448641966,775.7392489035135,10.834644170785342,243.88520594295207,8.001116764697203,Healthy
38.4773079930767,45.76145936064831,11701.275557798406,4298.535718693503,7538.565996111589,384.81140283434036,524.1586198296038,-139.74889766323625,241.05650644984004,8.203160815290182,Healthy
38.25053022525592,76.40248511112145,4956.453709730614,190.96764422119122,8348.085722534111,355.1753058697845,1041.2258871176357,-31.71866306383779,330.15732255587045,8.107319659310857,Healthy
38.58151873093746,55.97383019801236,6116.320638555686,492.12350572501737,11440.427174792163,79.81230013725067,737.1753670264679,-52.60051266298741,322.6945098059688,8.294632723018474,Healthy
38.247088599378856,55.00956319514781,9912.3243491092,227.13231419689055,13596.670272090392,-124.60397731850873,546.4400365720807,-221.24346290057622,268.77952833261133,8.066494539209751,Healthy
38.70818595390489,66.76566045931892,12401.686129413734,673.8862207693924,12580.161168790688,-150.54010219819705,879.0972384931148,-119.26223756430687,285.7316295362985,8.566096099841024,Healthy
38.28260735906354,59.482699525847245,5241.6546273139475,4338.221324479924,12430.089407490696,335.4645191212336,1335.4641694294892,-90.45896887927181,248.96172322342318,8.195373187032928,Healthy
38.49595636457092,68.59574423187021,4073.4434340937187,3543.6196056586364,10938.39143185714,-76.85156894580594,380.7164689060406,-160.9157346072218,241.76844663228897,8.158179792840187,Healthy
38.35667629369079,64.52586731663477,4823.082824912901,594.1607294966054,11076.78407016498,-444.2809005940483,1223.4312909834819,178.96714981417375,323.4870274972389,8.173362681408577,Healthy
38.22828902541131,60.36387735717956,11404.819522593907,4104.496092828693,5773.208485586263,160.76452664757403,1017.883215414943,-207.7942183124365,307.93946436104727,8.438365410808318,Healthy
38.299489035167305,68.05229026538386,3475.620887878419,3580.8584395905914,10236.467549288747,-303.66016498284847,155.7518851767768,70.88667841329934,300.12005619706576,8.28148614864664,Healthy
38.20509137618087,55.25717212674609,1041.5463905225142,1043.9367808058682,7878.636066656311,-407.5714994015261,587.1700479694556,165.89899016623113,305.24891148923376,8.143225318646488,Healthy
38.55653481396175,59.589480627865505,3281.6702269989046,2762.852020476116,8399.907093578711,-436.53763662481293,1130.5657560113962,-21.25469748888131,230.93765773372934,8.264911729894855,Healthy
38.31562805939509,60.15932703568339,2999.9724713185833,4772.758901227511,10700.64319226301,-167.80122587211358,375.57814679839305,-51.63035189119918,705.029058489012,6.977551182747597,Ketosis
38.194504204721014,68.87324431149193,5658.282583806405,1559.4300780754984,3690.006300186077,232.90433861901693,959.2397086634589,-191.2329423131244,731.3435161477233,7.028004074315384,Ketosis
38.573263616706505,71.21095583153792,6115.809300367023,3354.187432911907,4840.084364937098,273.8871170743882,-66.65345621061351,-166.18047242449438,729.7040056518259,7.174860714175653,Ketosis
38.27200649118945,69.52588056421635,8177.352020172163,3061.291841849755,6766.678419504716,-392.9465928780686,345.58837422643194,35.100547856895666,657.9570650486673,7.014264806993539,Ketosis
39.1466911994168,84.87335432566745,5461.062617677002,2249.5713361827675,10984.01970577482,86.97088071857743,1026.4768913079415,-126.16680693707862,683.931607583311,6.935953892965882,Ruminal Bloat
38.60391070702723,70.9824382646412,9091.952943245558,4066.7968307642277,7166.282895851494,429.8528007892956,527.7224168791543,208.00258808453094,734.1469723534899,7.108869054604658,Ketosis
38.102858055977684,69.14778424936156,4226.128526126439,3604.0834389811866,5156.78336643578,-97.6169580327792,-114.5380435303955,-20.962400404978208,761.632610238206,6.887378614139918,Ketosis
38.210480160598976,61.58527122744407,8877.29329157875,1635.5149989359804,10220.537725227889,-245.95137964732146,1161.9569370878276,-133.84026567435404,701.5094630534392,6.720946239460082,Ketosis
38.18491426149562,62.766511932741764,10394.909581327573,3678.349430966283,13145.310302524726,419.5259920091754,465.4992480828914,15.11004192079384,734.6266215767291,6.907163846489132,Ketosis
38.49464307193103,62.85310748454498,6179.015560701495,2329.3463474315076,13245.213889884617,118.49518045816424,49.88691460867119,-29.132305662059863,647.4689530551625,7.108790057773637,Ketosis
38.34389199296887,73.31089835281756,6069.216977493267,3392.7102980120576,13899.275379972754,317.9616895662867,1318.2522980542567,157.5942602571722,727.1070707252353,7.441272281911035,Ketosis
38.24249646351507,75.9723349208451,6626.267184121334,1232.8339905251487,9713.130162359199,87.28722244059102,868.3159525331736,18.728881799893692,678.5684106316094,7.018653600952906,Ketosis
38.370196260265786,66.57303451560804,2123.3677331333447,2388.499023335218,11195.890433747,-222.8197289496511,256.463202960601,-31.029527068240252,665.5780508342812,6.871886980097318,Ketosis
38.348705069640154,70.11686960961664,5614.370926066882,797.925506939991,5860.92448597823,-95.23012291206169,-146.76817820333395,76.6083360389677,728.4885837697445,6.954263837403788,Ketosis
38.79011676206252,64.14221746980475,9985.26897396323,40.655701465649145,2991.8652570416925,448.47013785004845,-115.65818008296105,173.88632578639232,681.6300092994995,7.066967326191106,Ketosis
38.101628990274776,70.18342655236472,11002.924283508375,3361.792986947735,6230.315684631801,405.1367544443634,1183.5575669588327,131.26058057001705,640.5323033566566,7.056714287669447,Ketosis
38.159844615411444,63.887692315184424,2557.6239261966402,2613.6792801551337,10938.626562701402,349.8133858952873,838.8920436269052,26.141922292670962,686.9111175245557,7.527656150059214,Ketosis
38.36531808004789,65.92617446024619,12582.3130323577,3580.6862033784496,12974.795258072623,182.35949676707207,257.37956145481945,-91.57424837584173,697.9994990005549,7.261093309963631,Ketosis
38.57578991475331,62.89054334718663,12848.292499754887,705.8469513757952,8886.115998448497,367.0399315815232,1029.1958500624448,-80.73885673147129,720.3225688255477,7.42070628089327,Ketosis
38.08014864608213,68.52098020653648,1367.9337550606579,2042.3303661662048,7582.217376444657,154.8821459174954,328.84133973913083,185.71493746994065,744.6951070282952,7.1175368561706165,Ketosis
38.14635638290692,56.986956987463806,13987.36636154668,4177.61569611543,8848.0990642334,-409.7887531965299,1001.3352609519134,77.4447494110785,648.428323781982,6.8466678212584755,Ketosis
38.43993123603925,56.11803865279338,992.8797560229514,3856.4316790764624,7688.623169174438,186.158648434095,897.4917787970944,-88.40533176087641,737.4283781314696,7.086628603555042,Ketosis
38.54438128857976,59.215041318361,2133.5876206214425,3427.4832064052534,4073.3806498024833,57.29285007192239,94.75324128492139,208.5555749096485,756.3345968058361,7.469499940481803,Ketosis
38.56358688805095,74.15003008343304,3900.1625161783372,2332.432584763189,10723.52848798134,-45.25177366642062,-168.7850861456485,-8.489937145127627,712.4181087029206,7.366931495867158,Ketosis
38.50338588029455,67.73070051977459,3057.6614414479745,4465.82605022033,3866.6419406437662,174.32839479133193,244.47905523277745,30.431924296652895,627.5839932568624,7.258049796745477,Ketosis
38.16398967301819,67.50798975323536,5466.492036197589,1217.3394580689037,10961.240947012451,40.00006223096672,225.69292070916902,195.64152118586247,728.9003619402315,7.0611613839075815,Ketosis
38.24093465007373,68.59351100031299,1517.4254395300368,1418.8089113761466,6999.032654772189,506.8402494376137,301.4421742687615,101.14341421404492,666.3832136439265,7.097299990251753,Ketosis
38.35617826108803,76.57875130911295,9515.144983271972,3857.800349430049,9880.769363199632,-248.36166674021126,948.8540196033897,108.83336080003036,783.2401248823696,6.702909205248801,Ketosis
38.06501432600299,67.28057865697059,5563.221167802742,607.7025947767988,6087.863445833924,52.63179181786666,296.5813058511959,-46.42408135497668,689.9847689881999,7.1076815820633605,Ketosis
38.20347632055938,63.80104310365195,12588.94380889542,2014.7232094518456,10296.995749449963,145.9546800908568,959.6134159411913,-96.35419044906274,719.1293963682381,6.838800060141282,Ketosis
37.23392742556511,120.63059134441191,6507.604288760677,4356.784952109188,14119.577382801988,143.27629834862884,971.1247632938389,2.2011895541100213,613.6108849604857,7.553412358347183,Healthy
38.51265861264846,62.502250433577544,11723.711894351949,1360.3230609248008,9890.29626384957,317.1552664916478,471.4735721896982,-137.83076314919694,764.3469747712732,7.03309100397527,Ketosis
38.240778373024895,57.83679504274313,8700.262521073655,2017.5173907042445,13688.63696981575,468.2078479267097,531.6735326177142,-76.10311799123326,670.605428132209,6.665188987251419,Ketosis
38.141579787601735,56.64466489247598,10575.860546184202,4295.390452189639,5724.987107974122,3.4154284898079084,434.05195264474577,-192.31000832442075,758.2947758123089,7.014136659343435,Ketosis
37.923909690123594,67.597061622184,7597.075168391971,3141.3258117302244,6309.452934245488,386.1905811483277,993.7238324864861,-31.869073064856057,663.8872694261773,7.3426033034601845,Ketosis
38.30856198342908,72.07435214570856,2655.8803256764068,2617.5009182533986,13282.241679604987,-147.9785987376023,985.8798410353177,95.16702889483469,659.4484483472675,6.907996494078001,Ketosis
38.254084436453574,74.34418645509518,12237.324828188255,3209.5493284573804,6774.123709479881,-161.64722760065158,1187.1856506985605,70.13011233497326,658.3071677254743,7.095134405788296,Ketosis
38.186597700943956,63.30608577732207,1419.790716427654,2825.0530813240553,5984.733413241456,-275.74551440837644,-179.40170633894616,2.6818781531651013,678.3064866138225,7.061047863119239,Ketosis
38.011402602920306,67.93134264679485,5308.938915313227,4245.062805962041,7665.684782688056,165.93441708403472,258.8786983358273,-71.40281817784162,714.9897128313564,7.077934786110368,Ketosis
38.190941994411276,64.09907005727341,4491.55927764993,2925.2395321824197,9711.638475711741,402.1599795980969,812.5656497965581,-107.11147549038228,577.3985301959235,6.863029259915601,Ketosis
38.36727846096089,67.88062152468329,8089.920781340677,2987.9990958786047,6808.2019320704485,-219.2755693133774,647.8689066899615,-180.17178414149055,702.5209321231014,7.023434691834612,Ketosis
38.31521102117305,63.28079050851932,7033.376966406959,2491.0211267697327,3177.938245983507,20.314385185139713,-136.89022409657503,-49.69305028587529,685.0775682609142,7.042488655260078,Ketosis
38.269135862274275,79.88672007627112,12548.411205132408,1972.5164891943118,12109.208010502465,395.16738838129476,980.6134642893692,-147.11905945528997,747.6532835930034,6.5547273669829185,Ketosis
37.969716218116375,53.65687196474874,14502.473849057696,2742.661453803187,6278.55469716378,137.28191240028235,847.9669790038502,-73.02681063686894,667.9482311604988,6.878576142124181,Ketosis
38.31538220812927,71.82635956414715,10754.93398685213,896.147024459869,14361.595124042118,9.91133896735198,997.5052480227383,-42.969704124645666,698.4073430010079,6.963407132860222,Ketosis
37.99795396261971,56.142826309370726,1724.100397478087,912.6284168370603,7426.545912906297,-131.45064615518382,459.71237276889514,-9.575430467809142,695.6380046887526,6.88442751972853,Ketosis
38.07227928603226,63.65973007849581,6661.004373982605,2938.892425729008,5720.490339489106,-123.13211334620081,2.920029590853801,-74.12949999631513,689.1954745627228,7.343288587121884,Ketosis
38.1751125459104,70.60598857167649,13865.919873296923,2055.036753897123,7213.351277760119,21.8485571447197,602.9241606917274,100.03167529840138,680.5891572352037,7.299192548091199,Ketosis
38.264214976178216,61.53425983152893,8928.836216865222,1740.5642560613337,10860.54914154805,210.9401614198154,-170.7251201947729,37.91298162425878,702.968744050054,7.125044638181961,Ketosis
38.38515765673021,82.4813041885383,10789.638968457879,3283.68005748787,5617.158990331617,33.8799679925795,654.4361681987964,-2.2007688178125164,717.2499597493756,6.738883175494856,Ketosis
38.61640513244208,55.16457802439638,7410.4912628764605,776.1666289924569,5922.029978030109,288.6442066652596,1093.702493785637,226.49505029924654,663.3028780679394,7.2534466569106515,Ketosis
38.558889936556305,74.40626432715185,6289.609884145333,2148.5313510059273,4392.785725032222,161.44941835718936,694.8561767318702,-198.78584144784938,664.3626625862946,6.884263906983851,Ketosis
38.30579910174707,57.19543740193656,4066.623062863381,4038.306528734717,8980.087890955183,410.63222031203856,-69.29961823277472,199.3351657544618,712.07919774568,6.635825800955646,Ketosis
38.372911752110255,66.7669283545952,3971.2064386933303,663.5950294650013,13635.107107009744,-275.61783381615083,-97.23605907028718,-116.87259993152043,692.2808587374441,6.739270520389267,Ketosis
38.4566014661895,72.2394722863975,1389.7362924970448,3909.900637818575,14723.21342475163,-51.49197100571041,1101.3620655504005,-179.86223764887148,668.9501225528668,7.061219218182379,Ketosis
38.30532874295831,53.880018530778266,7654.453410281864,2527.5148503093233,10402.858052095724,435.4023496488454,158.84216036655937,192.58532894015374,769.8033125147936,7.306369830846352,Ketosis
38.37625272016917,68.69481599516563,4157.122879121523,2148.735107980979,6545.216500322038,420.8283184934519,672.5320526422771,131.26572467389582,715.3605716662379,7.07143937732388,Ketosis
38.350327826057104,68.61969564095908,4859.373898261652,2030.8150877164273,8736.393833093518,447.7914944354859,208.07886129379165,-103.30907906343373,714.4991172298303,7.360410254895843,Ketosis
38.167826712366114,72.73243584531083,1144.297125990085,4119.829948435863,8757.090362387216,148.2792555320744,435.71164927116615,211.88856610087873,696.8381906788854,6.916592460632761,Ketosis
38.039506646823845,79.49456487216051,11118.322840806053,1724.0871570522586,7578.260051204246,-117.29084826645465,1121.9202815240762,-137.8959739436348,647.5275268420454,6.626355893147634,Ketosis
38.353369503277776,68.08169107154757,6548.48523677829,1926.883214022053,5041.675319380125,191.59484010957826,1141.5347094630517,-112.89752182023233,715.9223276541551,7.401348275565722,Ketosis
38.213281779185365,71.3623529484863,14038.229841020966,3809.3975730237858,13220.364864937706,324.48815838041975,579.3922572284337,-47.39995781115185,630.8843637322562,6.820214773264377,Ketosis
38.10205128957757,62.8113658462661,3471.793421038652,2948.7671480762265,10181.926794493202,393.99704019838794,110.16404070912796,-10.6309403612976,693.8341049985504,7.040558818515529,Ketosis
38.24359085449496,72.4939684958628,5940.39514456339,3045.421358467578,6063.171533390794,329.75078297015244,801.5390084084789,-236.14117722502,639.3133151954737,7.087674622589622,Ketosis
38.025842963456064,59.39683437698957,11639.068913547702,988.1202362687936,11557.862300926681,372.3334079354501,622.18931191052,-177.72126085221964,767.7704337448057,6.707921923225981,Ketosis
38.14457780438928,62.089453477964575,3530.7267802550223,229.63822993649228,8066.060143732675,-54.484560999965765,506.0231518501653,-55.70084066585267,763.9662726592795,7.2864656627708975,Ketosis
38.232051134329126,54.27696571604208,4310.5100554567025,849.2380991462264,7542.722423824339,205.17534931876372,224.1342322617569,-227.47439443015702,628.2017583557504,7.168254179607019,Ketosis
38.48785845286944,67.52096926442245,7935.55941884011,2578.819699560082,11739.248491250863,376.56802070642857,469.94133918905015,-176.83023337724578,729.1423677178792,6.834828613964138,Ketosis
38.06891180114163,74.65883642654265,12095.040498831899,1767.7758943326362,7410.93019965731,392.24254390357885,407.90279017920057,-48.061158675049015,739.3148647988374,6.807128950698529,Ketosis
38.43573470057003,74.03532137254761,12561.197925007502,4337.220117965958,9548.360288876624,-71.99984347862068,1201.6857547022462,-162.27460350526067,719.2816300984266,6.845337682842457,Ketosis
38.45714675122179,64.35647152567844,2766.0606511578135,1915.318870681564,4822.651973717335,363.63475810643934,950.0056544898962,180.19015253389503,618.5241171035178,6.6444756876781295,Ketosis
38.23339396298027,66.17868119069652,14380.773532896023,2952.827326660399,9405.427244029004,-108.57335897523046,995.8278358895473,-148.3365879501584,707.9751351595525,7.153803706988375,Ketosis
38.20165720042978,70.86583269999625,1155.594798506455,969.2697681107388,3891.6078374996287,74.88155031926746,1283.464075448835,140.30132453363083,648.1200557037174,7.193907955491959,Ketosis
38.37906940595738,78.79619789249558,8186.156014259552,1675.9566779945199,8491.309110873226,492.60976382691933,974.7889289207315,-50.11367951791986,757.2303814074035,6.9199913792357775,Ketosis
38.3683230313724,63.11202934009602,5199.410674049199,288.22916720456897,8262.520591858052,-333.7783852650042,285.87170124622014,-139.25636143244597,681.7835441428028,6.888404236666956,Ketosis
38.544995582013826,80.64533231149943,2142.79930543314,1997.5515561216491,10876.146417907159,-235.38315503363737,434.6187479117445,-142.2817854796371,735.1837310732948,7.090146992388249,Ketosis
37.862547257805076,71.93988275801871,8255.043676931977,1413.5800371701034,11083.640224309082,168.5150022948493,248.01618662886568,209.69485972313726,751.7158640024841,6.996187334350911,Ketosis
38.61520342380513,77.52341636767667,13792.768455544367,3946.2933747839847,6312.284156711733,-176.68401988526728,954.9684159622137,53.275673380024536,777.6177824160928,6.937887190153338,Ketosis
38.13671013928027,70.92526205861566,9216.799106708395,4182.533071941789,5003.882636217081,387.88085691766764,721.9302633423474,-166.03378881881832,639.020306084839,6.547028238143412,Ketosis
38.46693904244647,67.0204750478139,6321.542692229226,1615.7455994331058,8844.695208448358,-222.98784858027216,585.8410807516356,-233.0244563000888,714.3454094333854,7.006948214306849,Ketosis
38.417449569660896,58.48746306634201,5043.471130718398,372.36903666269427,13891.870424915174,-43.567527502242626,69.34780806805145,164.2713934953061,551.6221597008341,7.626153549696415,Ketosis
40.940496786465395,111.12335432566745,5233.816816339668,3525.0968530435784,10411.9080897111,-373.48970547820005,-180.35305625986143,-59.66091554426956,778.3660885879938,7.2875815171492375,Ruminal Bloat
38.02029225993183,69.7982105124776,10262.3936718984,3445.498369700364,10082.142576826363,-297.4436848633297,41.783419252705926,229.6107614286718,699.7230662998037,7.0066036535945235,Ketosis
38.09654279440752,57.14174159100287,6119.361056382464,807.0732120836697,14958.480010753628,-401.4184590273354,182.36269967722563,-157.29208278977188,608.0581949080263,7.037367538477691,Ketosis
38.31750758109673,70.8880054213421,3087.6089693004633,64.23161368297633,3272.8556294668915,135.78811213019497,601.3982209243632,-196.8883302271087,736.384633500827,6.5192946177034035,Ketosis
38.42416894261252,74.81771430013892,5689.694710468777,1859.9113494422938,8395.108844589808,77.55181609666312,-98.51318474367054,-192.09702538124327,727.8998676362062,7.395052308192199,Ketosis
38.36836979806277,73.38036279001619,4601.236122618133,2627.3591827419295,14223.197806781034,-429.987994232754,1006.9548302941166,-162.84107977364317,759.1364140540222,7.133767687504378,Ketosis
38.52126521121754,66.02203643756663,12607.849327331374,3782.867538947952,8942.63988992861,94.25773364133214,51.16190785580409,-144.26462414036413,589.8739880048349,7.166556296300154,Ketosis
38.228985481035316,66.07815021163107,2311.922336738421,4603.972464816255,7566.273481622668,-113.72943893236243,-52.801103356201565,120.74114821082875,749.7437421585412,6.930190386015113,Ketosis
38.54248278193075,64.00569358765067,9145.447388893785,3623.686199455477,13240.695566740564,-412.41249037745126,201.50552729445496,-117.0317203402407,759.7898833604186,7.490566893455524,Ketosis
38.207512128973285,46.4864662067035,13607.225049448352,3557.3580212916986,16339.996912993443,109.52595342261513,-195.14187829313244,54.75239575256092,693.5150264124193,7.218799260033246,Ketosis
38.609424189363175,74.5329053511449,5438.81430489147,3818.1128940969706,9750.506081331056,-340.475046941175,1096.8604138913365,-124.69685386681049,632.930714812404,7.379072399282162,Mastitis
38.11270338441302,66.55935611712474,13797.553292389479,1004.6103772812353,9567.97535823607,328.0670963296988,908.799705552312,-229.57030998644544,710.8015932714985,6.6314989729992835,Ketosis
38.14543328852199,62.273234904248724,2704.1822374172307,1510.7023400639046,3443.5498400918896,313.6379598632168,-17.88831071312711,-51.90371637565538,678.4108932717538,7.066446861065315,Ketosis
38.22587819711416,71.11668565559769,10751.711925230773,3699.099934681397,11610.974209520258,-224.9233542708895,-160.39462591183724,-16.615271738074878,644.2531804798882,6.990519470530826,Ketosis
38.21963990435874,66.13546295356178,5009.213328663983,1392.280420092359,5173.133768374373,151.19121776423043,946.3803315689806,-64.96981843300847,720.4646392869947,6.740281977323437,Ketosis
38.3218510558988,79.18969995181385,10194.672270541894,801.8284270552042,8189.52776069824,217.3726913030522,1117.6721904798264,32.0293856355512,784.9069561056348,7.300326396140959,Ketosis
38.22489886202233,67.0806117748508,11840.6809517238,2195.060650851085,3912.5035756233483,346.3613871184829,130.0337173548163,206.03452538055018,641.8240370694693,6.8848900705251275,Ketosis
38.30066151562563,58.24362136883455,7264.318795148439,3179.115437821576,14369.021786083085,211.14684620326616,1048.3450388484898,-151.26229782975648,762.2931435988013,6.897582313023682,Ketosis
38.253357891617135,70.07369861663187,8161.319135852543,3448.957781231177,14527.287855072838,157.8420660710757,1161.86079380497,174.39480502282575,653.0027225948365,7.437498734292003,Ketosis
38.395454012050294,55.66104264172722,6786.533560600183,4410.38944099008,11707.782155745987,-8.710777024384726,340.71511108649213,237.76831089338464,741.2894635700434,6.6498393848070325,Ketosis
38.34190991422233,66.09063306736734,3395.6231565013522,2716.9839495423676,6874.637828162466,37.59750600764168,548.6330266873804,-82.79104268956172,746.7817433484194,7.188752703626067,Ketosis
38.28160815174815,71.32924288356085,1617.7222855585323,3011.2372092500045,11031.342035933423,431.5778125950607,370.9302567508005,8.550603645843875,627.9459667278988,7.300511104671992,Ketosis
38.26323756722428,71.74386100666447,9054.087261335313,996.1393360442744,7530.524530707766,-127.88778108530408,13.462143358337926,-55.71729120677318,718.96008609126,7.106373818732124,Ketosis
38.30990245827985,60.86846157581461,6627.320808729038,2309.954637769843,10814.52861918235,71.15314997737694,1029.37701399281,-121.202470147991,717.8225130380687,7.016710905750374,Ketosis
38.26453997951811,58.41412367659057,4090.654721882276,3279.1765814083556,14297.38703586428,297.2720961737545,650.2385336358592,-79.61579541874111,681.818202146178,7.153474704614868,Ketosis
37.95976044217234,71.06182581215603,14382.68453692523,2603.6660660846774,10059.977338335353,471.7399172864242,1184.9604464540885,56.68019541188219,652.3312152995691,7.069991137286789,Ketosis
38.502930560275594,62.55969804015789,7630.285381727475,4797.95131354329,6725.065208701471,110.69688251929276,584.1494205121961,-50.93291438393087,716.4373693049365,6.821362290525019,Ketosis
38.052625437187466,67.58134760582077,2185.8496431408776,582.3053948430047,5263.4614695134915,-113.94212616833298,-148.36125323500778,-14.152192649399506,668.6481281401818,7.0791283721440195,Ketosis
38.37768015704311,62.48056057008069,2615.0258649843327,572.3508503772978,9982.544322420961,429.10021497707487,-126.98120776222822,-128.96148700086292,676.5303781873389,7.098662399120707,Ketosis
37.981490655945244,66.05812149936783,6301.699832088363,4076.71897733327,12130.688747986245,91.35669179035304,-164.73984540786432,-115.0569454443297,630.7835767244255,7.412921204521992,Ketosis
38.163794903828666,72.95558077530895,2931.087873122163,2200.3292902905523,5087.428716843895,427.7414044698305,1340.743831941187,-108.37099619501092,687.3931618646818,7.186503956765691,Ketosis
38.1984563660842,66.92235418081445,11335.890331562005,1428.2883053981295,11246.102552662136,-222.75292206564666,385.37922666514606,209.28291709363145,762.621334008493,6.9107685539242,Ketosis
38.29092133418869,57.71869695279324,1512.4904082918538,665.5139147500872,9711.790704026094,207.72467552892186,472.2861762964654,200.56782066363033,655.4122810678285,6.818295676803867,Ketosis
38.36411196067877,69.71580132423884,3773.7257404838215,3499.0205007205227,13369.700185817013,-98.25153413478017,272.5042132182304,106.27720664703779,682.4651816703112,7.309952819392617,Ketosis
38.369296253278485,73.20797922346696,6216.2020292436755,4783.279759107843,6871.780764712988,178.92325433757225,889.062268401253,-208.19329845659558,767.9946257037489,7.051902867303676,Ketosis
38.09277957227659,67.12221158424377,1868.9063759274104,1285.6642484182453,5240.791309847106,153.07377343983495,1247.2362202818076,19.112125431973745,647.8289158316622,6.997103565445329,Ketosis
38.42602624242858,63.06935714390657,11450.05095911508,1407.969801082989,14087.322631886607,-130.85847768896713,1170.4030916298946,9.877703808750017,689.2470725206542,7.26183754377909,Ketosis
38.23727398479776,74.70279206873457,10640.150373892926,3981.7467596563106,11290.427636081668,507.95343816411264,837.130205425093,-232.11004406746548,610.0414412454467,7.275950215800076,Ketosis
38.3098739777621,78.84035454374406,1618.4381251479572,3290.5151774139194,14421.097138234407,-16.092571141180514,316.0144407258993,-37.912519926257545,637.0071848705204,7.024270030872032,Ketosis
38.170201243097296,65.07978842449126,4203.322790535016,466.9361828562901,9429.890911439308,-355.6469392463214,184.85165414774553,-174.85043309668674,708.822127697923,6.908249071247904,Ketosis
37.99608392855791,74.58865323703822,9730.13989856956,1865.6510909568365,14131.856787249173,355.1712681426768,526.6238403754834,10.219381653761541,705.3138774855919,7.123716846006445,Ketosis
37.97616239590749,64.65748057935099,4674.289017391767,2761.8714471282533,11215.061740325926,-32.60824149732906,341.4466377543208,129.59412657288144,717.6857989196658,7.035913746383351,Ketosis
38.27689285235905,73.5651611196779,12692.642412785635,1326.1282370714023,11793.493403755889,350.0802907884888,1231.5067712013447,-179.96052773762443,724.1220326657224,7.322405837857383,Ketosis
38.06037697332852,61.97509645545993,10331.46975227995,2374.8594340574036,6798.756231818696,222.9302100605409,1030.9894830419125,111.45682964146076,731.0223889790689,6.95952833056609,Ketosis
38.24594058362526,66.62331586618726,13584.750760737152,3051.8568167902913,8800.49656925823,118.77489628953117,-70.56154900937463,-210.613857452079,736.3792388548914,7.35558137234903,Ketosis
38.17415813787289,63.15642354262733,4501.859896041912,3133.4605586958032,3854.8930697670858,-137.24595279288616,447.22277525954865,-102.8848005050628,743.4578425113511,7.44012194871759,Ketosis
38.21128143737955,78.95828306580225,7300.795623702471,1637.3450456528567,8078.655569967803,-265.17391453139675,277.4771913396771,-169.73148370908348,667.4426849711061,6.8604111880378635,Ketosis
38.15392071266917,67.62274218982103,5071.834026528861,1679.1667292391512,11323.6386922482,433.9719262088564,-45.65553486982196,201.68797134322475,714.0288572505449,7.050840770691794,Ketosis
38.1849516586108,71.96491656064941,2029.2399896068855,2358.0228090929927,10432.987663437802,43.09354285723076,951.0892678663137,-179.58474783944598,674.0111414993951,6.917729555879776,Ketosis
38.3401251568558,70.31915216753828,4166.903532446102,1135.983840607737,7138.521118780594,299.29479797377354,1010.6885578936005,-225.5694726872025,623.9296346857167,7.022109835652856,Ketosis
40.96531653904427,128.37335432566744,3834.4814606096897,3342.0305890039463,3326.81135640713,369.7999544344959,191.43681595465125,-61.93071283952497,645.4421296551942,6.934514582520242,Ruminal Bloat
38.32924183191131,66.49046376274427,11121.13894812655,4061.7956602551517,15343.078480627868,-428.9604615097197,389.9949124542927,178.39377526642528,631.0204495853438,6.746515693304797,Ketosis
38.296766559515596,76.28947538317831,5437.528590929808,522.3933743015145,12686.803613031105,-83.9947947939288,278.51022438140126,215.9399728436718,714.1348452343833,6.9934768095562845,Ketosis
38.250123091256306,70.56395176721091,4704.862030439455,4632.7983723566385,13505.866576746812,-270.6231554880438,978.627653900909,-120.0712123999852,657.9756551596029,7.224321071709425,Ketosis
38.39503285731417,61.567095201292325,2956.239703153725,4615.380098728636,8079.978598805508,49.44782517585681,668.2565818115747,-130.812011233706,689.9525462584604,7.040392363773478,Ketosis
38.33054175998525,66.27062202652982,6405.219821844012,4067.159435001151,8513.526632046962,232.6888963017305,1333.3079050666165,229.9098692679865,783.5310358215584,7.2661766693367,Ketosis
38.5009412724521,76.82178659877793,12177.132785182903,2592.335680840211,13765.637119650493,-20.50771888793139,364.8052466521914,-202.30740183036312,716.8067696624269,7.010988779390166,Ketosis
38.35989178389864,68.37422601739456,4942.430616784855,164.23816868394988,13314.030234207092,449.9165961345663,-86.04235339655577,71.99908526487664,720.4794624061933,6.890997704794773,Ketosis
38.27129238974864,65.48463916126826,4295.908448126043,3415.4405434033742,8698.845087059919,-126.48181968751709,-150.0455684472089,-5.925409254662235,761.057585624151,6.821011435082183,Ketosis
38.02182040307716,71.32416141023442,11428.86844668778,2074.0212465191794,3848.3525844099368,212.2320477414325,1209.9302850589452,20.80308206448145,691.2801123667901,7.132061024603373,Ketosis
38.33483715689079,66.49791479354445,3380.224193586607,2095.4232316468124,2972.29924580628,418.0114339751459,509.68458213275824,119.46290032649128,657.4690311816046,6.78327383056253,Ketosis
38.04126541190439,66.55066439375112,2098.862342878345,945.9447097721438,7455.634767761978,412.15976494615336,925.8542185725323,122.66994165349138,634.8390805330146,7.320579220517802,Ketosis
38.33234727841599,67.85617747710857,1577.2747381359413,1466.913973317535,12252.407307774192,-359.3476606014402,-129.19819616308325,-42.43637058117998,714.5229754738326,7.263308698893716,Ketosis
38.21908839573923,78.04695923914255,8005.407750730828,797.2459518135402,13083.75664547055,287.89960655826417,864.5139852770986,26.266885749579423,723.70067189528,6.829470652185682,Ketosis
38.38468214071319,64.61779905801887,1585.7859784325765,4748.935715561256,13865.656551934293,505.03931194655047,520.2455915924471,183.49433289330045,721.967859688345,7.322663884139969,Ketosis
38.564308092699946,67.65966765391221,5835.694735608956,2299.880420113098,14945.355760112103,388.24928288290556,615.3074391348648,-101.36604380816965,636.3945307610718,7.111413995677255,Ketosis
38.04451461998521,66.90114021137342,4325.1251434803125,1576.5458953597301,4674.350352629426,435.84996573175323,1055.8034730203633,-213.74263539147972,670.2397261816741,6.791695377372674,Ketosis
38.34996248162772,69.5289686406585,2766.0517505038524,3650.162291627681,4460.02446124125,-40.327059269340495,1312.0281667291392,179.7841381864869,693.2344233168719,7.260972401966715,Ketosis
38.18839958518067,60.555262030487484,12018.494802809777,54.611216723980306,8245.534238055663,-79.17384527679033,820.6185306989937,195.241193541411,653.4635351889021,7.14313343300312,Ketosis
37.87698677743772,66.70931077338464,11667.957456341172,68.21403498124027,11399.459546736478,249.84258089481676,450.2407437111639,7.698630004580611,599.5195912969268,7.0735911647628695,Healthy
37.908347469391536,62.29420270586454,5634.185663566549,1736.152106581409,9838.294403732241,-133.53483387120002,309.4561062587428,-143.8159994295373,615.4015746563757,6.9861274654596315,Ketosis
38.18217049112905,59.78586329547542,9035.590950549684,3520.5627767001934,8047.977408932219,-405.0601373957078,597.924091964982,212.0923587831462,732.9050916722082,6.753232892651869,Ketosis
38.54482684559171,66.03367485053761,8996.045028957373,3000.233649831395,13672.695118337773,5.177135649228859,1284.4060288874507,136.9817852965923,552.7617762984289,7.257270396771833,Ketosis
38.49955318390213,58.78919654262105,1656.1052497072915,4560.509828261394,10309.1483881028,337.62793438070554,135.02592971426805,49.81522035140065,723.9291670676514,6.803813709771438,Ketosis
38.731913469732376,73.42782405271423,13359.62082775445,1916.0507484026787,13101.770073055015,68.72746121006548,458.0180772887298,126.15487497118329,688.5497685401868,7.019609932000627,Ketosis
38.20939769497628,75.66629126003619,13910.047112887238,1613.7776042646606,13975.376948721165,-411.8433269223294,-146.85727987271366,181.21149567928444,799.6977277443854,7.469489784941595,Ketosis
38.74989826779833,74.57849521035428,12481.120828035599,2676.224393274993,11449.542219612822,472.1598284139491,1028.7866026827476,-233.5395816976594,676.759198119154,7.190636863797817,Ruminal Bloat
38.305246883680695,72.97766775966895,3543.87393423068,1347.3932987741366,4120.9623062361625,499.4733028451192,1104.0026483848308,-129.59620539612717,667.636846561031,6.699295213967239,Ketosis
38.42302697304381,66.57368709520034,9416.270645270013,3610.020991204502,4062.4262224621834,201.1429073684423,631.795084398539,8.796031729322397,662.7292159344942,7.539806120611097,Ketosis
39.80510018283389,123.87335432566745,4095.9082715895474,541.3280805512686,13666.313966592577,129.12397199234033,7.025693501205637,60.97761788691062,841.6632469464524,6.998912485193729,Ruminal Bloat
38.41597996721509,65.34128657264856,6751.125997998928,2077.1308033347377,5347.496249932693,-204.610197322126,1289.0436698032167,118.00370954701432,719.421583236975,7.267512916999388,Ketosis
38.140406692341195,67.3756718750429,1952.189916985515,4306.629734295475,8106.737493164352,-254.78643506833197,1112.5182924937221,-146.65345751573136,686.2682563651621,7.04272965375989,Ketosis
38.11885369292179,52.68409051452261,10707.369899292562,2433.5010258887105,5727.667936452883,100.71494083644602,390.06865877099006,-90.78428749853066,619.475533211504,7.230369143443788,Ketosis
38.23843368326271,82.57203620376666,11360.857144116066,3651.343706101497,11402.026328588234,-11.972086901981044,310.980773967578,-91.88649519635297,710.45417082381,6.988915548052923,Ketosis
38.13171320563567,67.20178719404403,1476.0191972840648,726.9802958486671,5936.683315561373,476.22260102189796,962.8278774924223,-189.31062659544776,680.145029884646,6.834032881492206,Ketosis
38.199350119752275,73.50535925690454,9653.982230085652,569.5389127125159,8081.702857418679,382.1616902592003,472.626073343254,108.68395182818824,743.1549936400647,7.054824198001883,Ketosis
38.564371141104196,70.78281650030375,14668.098737845443,1100.4053754368954,13191.423576154973,244.67823802747495,57.60035597099608,106.1465562372677,715.5032267589413,6.952103680122326,Ketosis
38.4385720486961,67.30529682542559,8658.548122030134,1044.6632372472216,12938.11412140471,501.11496520786136,343.28227169376726,-26.411366140771072,748.026640914034,6.908476025727724,Ketosis
38.560619454116726,59.206528216802205,12797.738844374033,790.0679874426637,10398.628103366584,-394.78607128995156,1233.767350166734,121.1877314211082,674.9118163839217,7.374805568773302,Ketosis
38.288696758088,58.21319234289704,1505.5475980989568,4427.39865566546,6550.820571094748,88.44883218357175,1266.9026317203225,81.71690652378771,768.2820859184,7.285498994764629,Ketosis
38.219377074066514,60.37692781611282,12512.76740092926,4282.780786179617,3187.929070530329,471.71546681788607,593.3727906147628,-43.86588944277802,794.2256766510772,7.029778640224758,Ketosis
38.169415780412,60.516843856803646,2857.6859296220528,3372.1137031897406,5872.42316719335,-305.63589647912875,68.23821872274641,93.43852078095628,646.0375290971523,6.850820708208732,Ketosis
38.43252898436341,63.69151854516002,1383.4739168617798,716.6271272864433,9323.888302150557,444.0029913542711,567.6929978152893,-118.02220722624534,649.5594571177733,7.1273461140527665,Ketosis
38.22096198049655,69.3573092962159,5177.826391827119,2890.739546333429,8244.10879605298,243.86065385615493,591.9754266066158,-57.919064363394995,647.2188135261673,6.669774405296288,Ketosis
37.843678859106866,60.82565013666656,8610.299824999816,3688.47059294636,14383.853189910913,-314.88984407211296,659.6025448815427,-234.29039842387772,670.9961817603267,7.053316954387675,Ketosis
38.37705673807276,54.2362439742991,6267.198981567872,4361.626565649689,5655.2462497965025,438.6626551952801,1315.458664017341,116.59524826374405,633.9790454101002,7.0772816414260244,Ketosis
38.06772240669737,62.79633718129293,13744.240602720747,4771.077841243684,8028.612537243814,382.26396197694567,878.0280769550557,-7.483981264250916,681.787667166094,7.0538552416684865,Ketosis
38.300800075278005,70.81517706634972,11386.057354947246,824.8779117168765,5390.400655219559,321.24427288929013,423.9534222795718,-101.56418869113133,746.9841973394676,7.2024596208931415,Ketosis
38.333359572676564,51.95326887253593,5405.264902239701,1425.7176421365589,10418.087828817619,-327.3941053626733,488.76485366265075,-48.936035089233215,758.9251967619319,7.273973810208088,Ketosis
38.17349217398099,68.57100766675606,11535.294904810778,1661.6755389681466,11100.288712557081,191.3914507199574,752.1486127545228,130.49131635986816,790.5657614384284,6.9623846599126304,Ketosis
38.09731809161308,56.465483480329624,7238.215894795379,3395.1626999879795,12084.623919212816,15.047483480178897,136.97069545465422,34.79619813536938,831.3981410666522,7.1160898253264575,Ketosis
38.49171689048753,68.41708527820906,10025.930788532623,1169.5038568163282,10780.530585786279,322.0978033397128,900.8742179802114,-38.97457758548112,636.8936667063824,7.614208130532176,Ketosis
38.47495180097255,68.36623641108932,10562.244033433653,2957.7221569781414,6370.3336563035955,-404.4284791778077,1248.2342048248436,-133.935183423735,761.4185720794659,6.821344827383065,Ketosis
38.200380224210804,69.77359283960826,13199.931879387019,691.9012985788445,11959.626311996455,9.394496898885663,731.4553148748464,-158.24019873216525,771.4684983833175,7.180249978138768,Ketosis
38.28476934919692,58.7312941517767,9502.793092974847,1380.174860932879,5437.492017321214,463.96341941156936,1089.0928814957092,-175.0262765336393,706.0963889593792,7.102898057083468,Ketosis
38.63005207780641,64.49248749465417,10169.329293248888,1746.7807440104814,4489.604380621666,67.81652171722962,968.4291397250562,-10.678832435134094,770.052226009058,7.069964399680194,Ketosis
38.21382529102756,61.662149374308086,1529.3450699647792,3137.653219231067,9788.274331870187,-98.8787184469652,750.7944138944852,-5.480170176563018,787.535103299938,6.8265793215188,Ketosis
38.09868416986573,68.41075471315744,1847.3340356009212,1327.939717900404,10310.289110605254,491.0313670166486,-73.37211698245096,200.61824248158885,685.2526891110889,7.237370836027951,Ketosis
38.180512599880565,62.66700408492116,6617.545526331391,3885.778624531811,8084.610683661598,203.63130076252082,859.0351564427233,-57.13446935829975,750.3272069149946,7.1712400456477425,Ketosis
38.218664723618936,61.468303845523195,9996.248723139353,2172.7288985663354,3629.5913593611494,432.7240663579315,-12.169046373554693,31.525095797990595,707.2811589322555,7.30403041368339,Ketosis
38.27369097574168,69.5720702559163,11183.865160948975,1103.6449575790384,8565.786473405282,329.0672593589604,683.8300072868603,-213.6765662057578,731.3954367299282,6.761818593009921,Ketosis
38.17444117924459,68.76456340021383,13297.059001835032,1356.2639031862027,7249.4207893334205,-267.0235893798623,353.27061687232145,78.54571722790516,723.7521602122606,7.264476340644396,Ketosis
38.40259171207318,65.57838806245283,7353.272337139087,4556.58304820122,5489.475140182552,489.6465469677241,-204.85805343257073,175.5144916166794,727.4469851961078,6.914819707024128,Ketosis
38.25520399526026,57.85826574258032,12105.781074133276,2326.3776327436085,13124.865261515028,187.09342570848946,1303.3079239789365,53.92258443786569,716.2821879953376,7.0632700400127995,Ketosis
38.492282840696966,46.4864662067035,4778.484167804591,3380.5035056439665,11768.916145976189,449.07371463321215,1255.0327823085886,-198.44138748263572,714.1486093057486,6.735633597473587,Ketosis
38.333939120049905,70.3228012608185,9995.772641514257,3581.1074266056985,4659.896056304877,-164.79538614124493,250.4245616403141,145.9318532607154,733.073117223496,6.871827639222774,Ketosis
38.18883414666055,71.45555956659365,13339.261216538653,4437.481230941629,14077.397588964053,-136.4646461284001,926.6982524589515,-93.01851856262732,697.071873464559,7.152372519252726,Ketosis
38.475047737748746,65.2883679824449,6132.233719539563,3641.1614207096113,8918.178828480262,374.05180591569103,549.7711728626447,159.37941084096218,755.5029349566238,6.869714803037121,Ketosis
38.18267713645162,72.80642843240156,11754.93056498103,2230.034069806114,3595.4984262764474,-279.0726324226123,273.6670576442418,-36.151771993711094,717.7435013398135,6.924603069126843,Ketosis
38.459444626434845,67.8336703382596,5815.071256252247,897.1040473844532,5074.1390662754,315.17250663540796,286.4242639859877,7.576923464122331,682.8925629688263,7.694543781330108,Ketosis
38.35855505835744,60.784175327048814,13238.881232575932,3037.8601878044133,8160.5782590060535,444.0292230514605,552.9648934686074,68.58347057028993,751.142508631772,7.211075040559893,Ketosis
38.151149953821694,67.9032596863301,10295.515985979508,1522.122411834373,11536.897045989568,20.803563687675883,640.405279518154,-200.51703868592222,632.054615511099,7.182114263660379,Ketosis
38.29589430791355,70.63433960666612,13208.968365264336,108.52186163729675,9092.9785013524,202.47612438964597,208.11332558822988,-187.52112821084776,724.6915301712334,6.587044316737112,Ketosis
38.0733944234281,66.45087299281825,7864.277644682177,2729.9985015441916,8850.972701085844,450.8598366063913,-25.092514314108712,-176.97602120738452,777.6154647592675,7.122296863563722,Ketosis
38.44467359278483,63.217100322093756,11286.271325159836,626.6813704925523,3274.795666943386,391.53537293675606,1134.5507810135737,-108.02864689009297,780.1724770650776,6.989505476080332,Ketosis
38.379991123344034,57.0377297468207,4995.817823246349,719.7835215268435,8523.46607040018,-54.58091929556093,358.2270287560631,76.79168426730317,611.4736869433978,6.973148475007864,Ketosis
38.219411707947295,70.54307585394591,8446.264133758747,4371.098437631622,13822.61831087103,163.16153645392973,-8.09517738108616,44.989262548458065,658.4670414930813,6.760111690912566,Ketosis
38.143017135198626,67.67471355994425,7418.109801191535,2722.347236172648,9769.290968422307,48.487762119670634,500.85378715317296,150.76799929920736,699.7964325123329,7.02546567698786,Ketosis
38.18198442669725,61.582513680425706,7496.247555566091,1633.8993202413021,11094.954726500286,304.10208608332715,75.13671896719848,-121.18475047193431,798.1378658004262,6.951668874798212,Ketosis
38.268180635922484,75.43027633178721,12774.624508551922,5586.980546187135,6523.219957162043,75.59510889608934,461.3502272118764,-233.37749811965034,759.7089740193737,7.359218591179595,Ketosis
38.192923288652324,75.02763958037278,2462.295819729323,3247.7911364695383,14232.806710469647,450.1004784473839,298.7417105562682,-231.6071183566674,649.4355135692173,7.317354352126801,Ketosis
38.44522709348884,66.11251141586189,10116.385781359388,4538.240246524767,9682.51502098953,275.463081784099,1303.463136535926,-224.61211836566042,556.1791265887528,7.211916433223252,Ketosis
38.30268901378305,74.842538622414,7850.283987508543,1266.1523161733148,12961.460466761684,123.46266442010366,286.17610258407245,-181.01491697321833,666.2257503844423,6.77120083428367,Ketosis
38.25786509244919,77.86575745153927,10483.065777013424,2110.871410331916,3992.0035573984615,-170.1965694775492,825.3422115605395,-118.0301108499157,696.5738417425213,7.282384000395685,Ketosis
38.10629865032367,67.07733916064925,6305.162961385105,266.995807352725,10849.9138249657,142.87815764178606,1147.34593064722,206.7580881356269,628.7828037890583,6.8269578520539795,Ketosis
38.21153360782523,66.63029769230768,1601.3734834044271,1847.2967456808647,12857.897159329568,24.129804246468055,234.19065457176913,-51.058473661784355,672.7777929135611,7.250248667694331,Ketosis
38.30506585550311,65.75312595121103,9680.847159215768,4227.633303148187,13395.199582131736,-246.42679165188179,1141.7177625708105,-170.78326172931082,687.6777646887701,7.17149802640482,Ketosis
38.27740464293179,70.60777221792483,8000.951155524483,2914.914528683518,7447.252479803783,172.06099631108043,721.8545807215405,-120.40547214084114,629.3530630128755,7.38251718139455,Ketosis
38.15589231765289,72.58923993874852,12021.204230432311,3081.7116168260213,7534.728414712494,435.96566930427025,-145.2250220586982,-67.7527490907312,734.0903264388475,7.367167065027201,Ketosis
38.418443123387966,63.26745231994948,13877.742035959744,3326.9237473106,6326.878800444213,267.3380087976918,676.1779036621158,166.9001489610532,756.6128754423945,7.147102276540464,Ketosis
38.32934035351371,62.15676961171129,10948.882132762139,3462.2481848509615,11459.331859700183,49.678877626188225,1187.7496268727623,-48.13951673152671,732.8616431653082,7.260056692176551,Ketosis
38.42439991502273,77.55622147669735,1243.7606510679261,2161.022922082715,8852.316893636938,-202.5100269200625,1085.1601983980415,-36.51017899192033,723.2516355176746,7.386707269156608,Ketosis
38.23734361345743,68.789971644361,5435.392604247798,2533.7183837318125,11635.194484450429,-406.78589339457955,683.9579109555704,-208.1925857832756,706.8959036842025,7.0603229051735426,Ketosis
38.11740385697093,59.76849937606882,7048.044188528109,4620.140362405982,5426.188954869285,477.77451796984536,786.7078480038746,-11.601637340962581,709.7389951465864,7.234106521089559,Ketosis
37.935803686837595,58.13420369251459,1279.3311680557917,4445.059781292393,7277.659805404865,-264.58552495693266,-48.405872684851374,-234.743427234185,706.9256249669784,6.863397587386486,Ketosis
38.56966057701277,77.14862064521844,4424.8697332562415,3365.262535727275,6812.558127863736,339.5479267863524,-82.33271489327888,73.0761226463537,721.6596240060308,6.756321021648719,Ketosis
38.11794168145321,80.32950165413475,10344.71695669428,3572.196653744363,10834.129467909139,389.29436482754267,1281.4095043559419,-161.8137366347937,599.3212987506593,7.121215458716798,Ketosis
38.22468227035838,59.947745589026,7280.576802799325,3844.5755763931406,11698.106553921749,283.81292820008525,426.88467912566676,-216.0922517631451,661.5373109217305,7.271484914795447,Ketosis
38.14713846909956,67.4133046078706,5702.472560988408,3149.0623312634007,12410.996950899313,305.4767495368325,520.7978171774436,115.97987808186755,647.3158790882305,7.130324308994933,Ketosis
38.13399853790392,59.95288580839245,2290.5969782863167,3383.87430894875,14716.837562941153,474.0318513155306,397.4830680518839,-132.0449671801885,723.7399232565137,6.443812619776358,Ketosis
38.08232040871342,59.18807644461967,2641.867147768032,1988.051120418331,6217.096555099008,498.07552437759307,1081.260173598797,17.409500936083738,737.7068184736981,6.952903547883925,Ketosis
38.16462641488932,72.97861792167018,3874.461736247885,2869.165592555666,11942.974778753365,31.25601768628121,1242.4597419135703,-89.30408048121973,690.2460097287584,6.956457776245182,Ketosis
37.810897303037635,70.32037699509048,4662.307439277434,116.47818727571257,14624.39887993845,475.1503577096644,527.8995224745149,-156.7911983969256,703.8020708396277,6.929023732517708,Ketosis
38.2668774440322,69.58561201107386,8338.944375320802,947.6173273295674,4627.738557562546,-260.1547567025975,732.5610195383422,142.4548359900785,754.1750532971573,6.951126800654455,Ketosis
37.968578409825284,74.59174087149302,2973.0089405258705,940.8052940871312,12888.929974862338,391.5672307228514,543.0527262857165,-101.30912942453352,667.8740741731582,7.056506506518589,Ketosis
38.537044128250265,67.1254236564445,11138.081220276912,3407.486458086689,12612.340004112151,-210.17530551713202,519.278850851844,52.947999943170466,708.6373716390937,6.938738865541776,Ketosis
38.08264722023052,55.3834862041992,14099.853753929958,1368.7440461938572,9561.12411130717,114.74048726524117,548.6600595558339,-128.79658447063915,691.5876832551605,7.192007384796332,Ketosis
38.2910880997599,61.83279834691803,8167.644903669992,194.873843664589,15132.59086567525,-19.425048613866565,-236.27167006730872,126.27062444062221,768.4987590332378,7.175990608165306,Ketosis
38.273240087916705,82.74505783953597,14391.768803019235,2914.061023309472,11606.902786347815,274.06206783296955,739.3443701225419,138.13466359633208,639.0950936672998,6.823185537625644,Ketosis
38.228047350028284,63.0099024352796,11715.071549635815,1062.2851524611774,4021.6742330074358,-46.565125657809915,1324.2682902002498,195.83112098702463,731.9317765195354,7.439415454394643,Ketosis
38.315732838192,66.8647219360787,1778.4860067130967,4158.548407080608,4453.616760088555,109.69661228845595,-179.5524472398613,-41.113681344655575,772.9050187180505,7.15678520509771,Ketosis
38.4164541019564,62.10784259630689,7843.24558314209,3505.1893500788556,15014.60247131815,224.6509097591298,632.4833169995673,-243.1951156809013,665.0423860114786,6.744555310470828,Ketosis
38.506915961053565,69.47158220023577,2951.920350352312,2812.6276393745857,7828.074093901227,33.656176008840944,1167.7483489111007,-160.31407173011587,725.720593049538,7.167735039120183,Ketosis
38.29997978263618,71.66246294908512,6148.559498582915,2394.389959889133,9060.670125513672,-198.29120607462005,658.6287703968187,25.97740997634572,764.2787690953936,7.451742062658417,Ketosis
38.35181969765774,66.68381649702226,1028.1399755132088,2320.3708271465443,8011.956877285052,347.9339012854977,1319.9914465315815,-239.39454611393145,693.2696413350786,6.896211845697571,Ketosis
38.32360294753942,72.70804225384799,1707.6375692381762,980.5707976975641,9482.712025431356,-105.91831015112764,1297.748834265709,35.20177315534844,525.5727292973318,7.3354214178801485,Healthy
38.58847609648898,60.86179833712226,10600.763901479466,2828.747700449492,9306.300949147648,-167.98685983709623,309.79875779877864,-151.89179506580047,691.1275811794847,7.0766181845106875,Ketosis
38.212602485314385,66.41583444256477,11682.42639144365,698.3804557432709,7449.0745163186875,-394.2998992961889,588.6778203262895,104.77838555311573,760.4486959896036,7.216239382485022,Ketosis
37.92970935794684,66.25290098533172,2772.5060202288178,438.9165833048496,7330.484458452887,-331.6250827256894,1036.8895398718173,-182.57576126685817,719.2869754244564,6.885868320106984,Ketosis
38.273916436518775,70.86755527027486,4908.289432987272,3627.0603517920263,13465.893357468725,231.94510586586705,770.5953391746062,-57.11692825689495,718.8935165653872,7.093128280763727,Ketosis
38.205006143172575,61.29551333043574,11447.52279295805,1406.6282256867648,3014.696180187968,-334.92470898095274,740.0746455725157,-77.13303614661268,711.5048921794903,7.060138485092622,Ketosis
38.235134242439415,68.68395402290932,10108.645237676577,3664.1018837777883,8752.530334533558,-295.5611626508696,42.69840040369388,-107.62429053282546,778.1431444785156,6.861822484767994,Ketosis
38.60951057169668,66.47043806624191,6884.615160279471,4490.364293959784,5777.158611271817,-47.82950214322631,1104.230364937361,-94.79841300828605,666.9211054395932,7.202822743141234,Ketosis
38.53284446621609,75.6757534070967,4226.550198265111,625.9564967040405,9306.72922999826,-185.7449019663947,573.1322354085581,-98.55590517092261,535.2877767179489,6.680118935225068,Ketosis
38.35363191745955,69.26413386882527,13109.698306226566,3889.3865448816155,9664.16457528839,-203.5090140062954,-212.19113954031025,-73.3038543204793,695.0620343696617,7.795528258931872,Ketosis
38.45008708231762,64.33446307546357,11317.218447178864,2071.5435991739055,14305.46602903372,-331.1550085620523,106.35091733072545,-203.56428622040636,694.6228785199526,7.281610147773096,Ketosis
38.10992648397178,65.40105227486154,3720.737074123675,563.3734908334341,9928.220906829732,-64.83841610137114,670.2252438116902,-48.59441599170224,721.777640006074,7.025748226744989,Ketosis
38.13029900991172,74.961593619536,14255.892558583324,3973.2148907009523,14710.052742619651,-12.410729451936305,709.8761044409141,-68.45178142796692,690.8479705293066,6.965710948060436,Ketosis
38.124462947495,76.17959509240221,3448.094826587294,4588.360238936994,13576.702785974534,-18.513284616083197,923.8058997563282,-188.37250143909677,680.7814810044647,6.925191193810802,Ketosis
38.123262155773624,70.0400091386184,7863.114747970421,2657.4297188207947,14336.909954393403,-108.88024376522517,1201.786149300906,64.80300010569408,732.8376454233758,7.306570265409384,Ketosis
38.26858211354725,73.5727213578034,3143.80130487931,4773.079355414511,6680.519099182462,-65.26360476140988,967.8565109484877,-233.69523006541692,679.4602508594464,6.964795041688648,Ketosis
38.40927455201671,71.7903142535902,12556.40260676434,4483.199418824382,5168.167526128811,-76.26270490903914,504.82382352312504,29.792118524172494,592.4856957760474,7.053789123727531,Ketosis
38.394128074475596,62.185385291579955,3029.9580176164773,985.057922357395,13484.194377871825,295.2189569403564,-13.183697705977579,-235.15363934982685,656.8574892536483,6.605917554660846,Ketosis
38.29734810175341,64.23412275112558,14491.545469598663,3836.275673219209,10400.87150124669,295.63256675483666,207.00117246044647,107.40167884068197,633.162971362383,7.509868670651067,Ketosis
38.43760594350276,78.62624890007304,9149.2489099653,2782.6959067655457,6023.3366271967525,-359.3027940768587,-26.78872848106323,147.76434264641946,746.9619051074757,7.211145875783742,Ketosis
38.46072696906225,69.58961043699149,4988.7219887399515,2719.5202925422614,8920.046466250973,-85.59515988604133,389.3928529416354,115.58679988409364,740.201111703301,7.001328050773688,Ketosis
38.30760019499584,63.02770139604434,4149.833867905832,4229.000640218254,9414.028928018888,122.39955901889996,864.9807321000665,-101.96709378624499,662.6358013069064,6.809415987929922,Ketosis
38.291768068437555,76.92042731143896,12041.732936899425,162.66824673216252,10880.333968775682,160.01827775507613,907.6774484742987,191.8587358021644,672.7287369480086,6.865834427611547,Ketosis
38.51091749238598,75.44863408993933,7023.079025215153,3191.4495412359315,7314.874883877487,-167.73957334899455,-182.37714753970965,205.3915819897071,730.0079252414505,7.190909947019607,Ketosis
38.44157383342254,70.08208938630169,7669.124010388323,3097.0848058553324,11597.317354639648,159.67185796194545,-79.46578757780958,217.23982306998337,691.9029553161165,7.018753802070155,Ketosis
38.34815233188855,71.09966416210281,7204.772333088973,2687.6091354505998,3846.727708324728,-128.18118365898692,543.1987381652481,-40.700562099015215,715.6481039251155,7.32425538586996,Ketosis
38.0783603533757,68.3891053234352,10517.764778708677,1296.9197682103365,9470.314022264158,260.9447082665014,153.05947988709875,-182.51687434346078,768.9204979219141,7.104701419332579,Ketosis
38.20421538030222,68.83859501147647,14023.808668940565,4600.569647920607,10823.681862156134,-118.43209326502927,201.4287661910983,-198.10341775124834,702.0625864031861,7.358936633933546,Ketosis
38.31951765633836,67.26845226814652,9333.540897532503,2767.8564976882953,13673.134774636983,-122.49635583971309,491.6676347246279,103.36343536988286,691.8368166505973,7.096792125529286,Ketosis
38.41650929161361,66.2779214587763,3135.1486315158745,3816.5017027899466,12464.365638043693,395.9691626225344,971.6241983563641,-152.9461128179562,675.3541090137301,7.072323551568298,Ketosis
38.268414066983745,71.93058878644713,10370.652270000548,2398.4663314122954,14359.982817588283,14.184389753159664,1202.0848041213371,-227.95535231534421,733.4084450369525,7.13279459973761,Ketosis
38.230139999544505,67.73827213904312,5046.712280233354,526.5425986340151,4563.354426389102,139.69489913861077,990.5400635764447,-161.34547462735515,713.3166141500782,6.815812824235254,Ketosis
37.856021023250456,72.88571219865857,4811.310747788901,972.689570025155,4178.7820962844735,212.01885881567208,201.5974104369924,-143.51926168598445,726.7558528631744,7.147228695879303,Ketosis
38.38445447850733,68.52532452754582,2799.8278129106666,4176.4581618175525,13629.652531520424,472.5301672615409,577.2635667544398,0.1756055519155666,734.5654333428043,6.776753346161534,Ketosis
38.69242300222563,75.62077294997302,11745.258690446159,2144.360617868453,7928.939410762417,-38.74529481216628,770.1133854502575,-184.76049897047687,695.4839677609547,7.357178389616931,Ketosis
38.154720894334176,67.54277523013616,3105.7076846445134,4630.022929437261,5709.450403034356,-429.2022592997221,236.13631656642383,-109.6262054396444,684.3157132682381,7.164547181271746,Ketosis
38.203449534070366,61.95074706056129,12076.5370528442,3009.0542557103963,7980.338453477781,409.29376250037876,563.9285559015987,162.55969297968352,693.0004216651006,7.010537348682815,Ketosis
38.34147356283322,77.3798205420215,12863.59219298324,812.8447660657746,11526.638777247857,168.11160737506248,1240.723644156556,-164.45336427662923,725.1455080867102,7.010689157674491,Ketosis
38.241369317963375,58.558666414625016,7166.805176154658,260.5297834959629,12513.799354261402,306.80071096097004,603.7656510089337,-20.4781663040957,661.1645375791007,7.145294783075173,Ketosis
38.271202743213244,74.05537838500787,4790.738461838928,3789.784303844896,14236.650611809968,52.120153943449054,830.5761890811975,-67.44390340138057,729.1286202337998,6.837347054270765,Ketosis
38.06755262057634,74.3674910305164,5343.604524389595,2410.0123299971124,12091.970241049938,-264.2055239571992,1084.96192622144,182.69253888553095,657.4469390497982,6.870861549661555,Ketosis
38.200162795726165,61.089590615582544,2385.0957395708683,712.7841771778744,8187.913402564387,-398.40087863017857,164.6031092684716,158.8695192872355,671.779155810609,7.036027639067239,Ketosis
38.10565801865931,106.4864662067035,14207.205220665512,2724.740788887398,9149.288722316325,137.40984382452555,-133.74571389337416,-70.30499900108993,755.6799185451179,6.78052759892503,Ketosis
38.42978240614947,63.19639331809961,13093.330404734112,3545.1226389213234,7077.991192423926,2.3561167915968895,-123.94319159708994,45.61693504311183,736.1834087747754,7.577660724092989,Ketosis
38.358842480204764,83.64621247885607,13388.724010761289,4683.634200829335,7816.189938790044,-269.03512791348567,321.50094908725544,156.40099992249318,801.9198137368323,6.711893999987925,Ketosis
38.47315374669665,62.821824975700224,3184.9613078738985,3740.9855060705713,12014.115123551026,499.3098449066965,719.2040059275803,-55.78357274871423,693.5998498699973,6.949295099498048,Ketosis
38.320999805960035,74.38077630561885,8439.739745878624,3719.6772718201255,14913.59441721053,-228.54191202749882,-102.87763534516716,74.34193717554231,684.3443411548282,7.334337603662647,Ketosis
38.232735687037106,68.1202602337692,7595.713837521669,2502.716086198773,10190.165939041945,-325.63814038299176,-172.76950530065267,-126.00377743682014,716.1651800437841,7.1819235712464256,Ketosis
38.49939339309038,75.72330061697122,4308.100739293785,1739.0535075232465,8453.810834911914,264.33167418707006,833.212730684614,37.14777558347476,717.8231754347686,6.493125609260899,Ketosis
38.38088297378007,66.22025546973617,2226.4762220518423,1494.85350024171,11126.117184615687,-166.52255017228862,320.75582556525245,-77.65870473473805,704.0240687233377,7.111414760066107,Ketosis
38.50995845666849,74.37970313271889,1893.8431454339188,3727.572251850539,14897.694751309318,-196.78095164451668,11.96771056898615,126.56739709565727,646.6500236863774,6.724615407750896,Ketosis
38.56070331567601,70.96364080681087,2878.2707561765656,1386.9087823610148,10683.707226860497,490.39328682086125,712.0488640998541,28.253197940011823,728.9744361696817,7.099311524136912,Ketosis
38.40858489088276,60.82393399933608,11997.966402827125,3812.6504217200923,13712.106014590448,462.08681741894804,504.7019217018154,93.94303011238819,612.8145511926876,6.959078857310444,Ketosis
38.27147487350816,68.86893097363736,13532.4516680794,1201.1972093232912,12840.442933785049,386.3029612697635,1032.5998901356272,-167.9637222486088,663.4302709204603,6.843311935279365,Ketosis
38.37817968169556,62.12125284973959,10902.324796159455,4665.408769535993,7724.540852571274,-90.35726265835217,876.88746396753,-222.2535535409446,627.8264399171094,7.22547383767695,Ketosis
38.36209859078755,67.97785575069776,12721.740034046834,1468.9380233894813,7401.544231702906,367.4279644184429,285.2761849879323,-134.38357155293343,612.6802519993563,7.220762512398948,Ketosis
38.347586117961136,61.89263803558716,2956.9025103636404,1997.2734926908495,6423.142833654281,8.831973752233438,-114.71515319609705,45.41510072733275,658.5440359436496,7.269903648713831,Ketosis
38.34005975153166,73.06317992487799,5690.573872683689,2878.7343787858713,13169.872741699253,326.43546928827266,1075.7985758735995,229.0778414898072,685.865317547513,7.2732923356293,Ketosis
38.15219800001879,60.55050632874589,2946.8919674459676,3759.34291492529,14697.19915044104,339.6045269583427,667.4245489546674,-94.30933832907539,719.7863681568599,7.219578632395237,Ketosis
38.30417837323106,73.22653676584062,12806.80327502843,1541.8995228366957,10791.58031062694,-340.52654309496364,637.9371551717683,173.6978823043622,678.3923914329382,7.384527617631807,Ketosis
38.32761203120881,77.48397782949465,8470.380586278967,2369.802482841346,13016.073787118976,463.1847180903392,-214.38313838132774,141.23267909749728,696.7494849642849,7.018798258360186,Ketosis
38.38216190483946,65.91458069654166,14337.27224607584,1010.9389571408669,11123.869547377797,-301.31395436188,414.8156193625431,-32.113735719437635,680.8771932734531,7.199884432633648,Ketosis
38.238092660199705,76.03869394082983,12860.453125658747,782.8754823898839,5237.002123500837,-369.62531462420156,360.70327398636016,234.76817931375336,676.2355349055086,6.504884409084726,Ketosis
38.434692008994496,65.23587807055642,11182.846874224953,1592.388413183741,10222.350771182042,-270.6138133824521,250.6670228189177,-225.94189877692088,686.0377001006858,7.206852174554187,Ketosis
38.422299042751234,68.2704522215395,1409.136604660921,3099.488634073665,10428.807529579375,-75.19816920518838,815.4538073460063,-98.98312292515146,700.324251172226,7.193949260829701,Ketosis
38.47722261338675,63.82922979326406,11027.957005356755,3245.576830577146,10410.469777058554,383.8371989974717,466.23797101766996,-194.27324681185047,636.0835807660942,7.70091047815848,Ketosis
38.32244361543098,64.64780442458559,12089.21494606015,397.80795980143284,10594.518320037609,-4.3071307399022345,521.921664239975,-48.38496186873947,721.7604783868228,6.7385227557226335,Ketosis
38.60696987907572,62.583792156980024,8557.697284033933,4329.831793144208,9958.42812650599,89.65016716462426,813.4784424574151,133.47038106830888,668.805236934408,7.260438533713468,Ketosis
38.171422485982184,70.55872351915228,12745.908862929497,3615.3501251954135,14956.004426598247,-358.3374337727378,-177.6534701640112,-70.02421738975063,723.1924189687617,7.26899749867878,Ketosis
38.01011102121634,63.767302528143716,7854.069436484329,2014.7185912386067,9871.435484689522,-145.4839826449598,298.26985225414927,-0.9494481125786649,624.4283402511704,7.110974175059118,Ketosis
38.122209769771494,73.38539461481774,6279.760034231959,4081.0520114959327,13640.696182262713,473.6483294919818,506.96736402311694,240.45408093673467,606.6954048507799,6.890400752905419,Ketosis
38.06179390498108,82.89464699349604,12113.808850906615,2375.011477468796,8893.173699218012,90.87786936034892,1186.4077404191962,21.653253022626664,660.981878822664,7.355108285107146,Ketosis
38.32732005858745,71.08994968713563,5437.350645235123,1825.3409062419555,11746.973817858141,9.395783393102306,1156.7684093301664,14.705148212250371,689.6164715486792,7.117519582167054,Ketosis
38.40746718325785,73.33654256048587,5151.938983619065,4081.7597214366347,14152.770332002228,-22.827787967236446,759.8850074060406,-101.53760352058373,709.52912974024,7.344180182967912,Ketosis
38.014125941384385,76.85421269237334,7402.968539233754,1337.9999582821165,11093.345019844288,103.55879904336174,703.886508209425,-233.47161749821947,701.1941000697934,6.855392443633541,Ketosis
38.320112706950006,74.7913381634485,10254.214819006858,3659.9352204669767,5258.7004182733135,367.41192072827175,-90.14614233869315,22.792232816983898,752.5408043810828,7.368041139312,Ketosis
38.17696635457022,72.08216522222824,11614.86923335975,4595.6164675191185,7537.671914580544,204.48910311605633,591.4532088545516,-129.8312631197739,692.2691639511261,7.166659620312105,Ketosis
38.23698821055249,68.72017117149322,3116.588221913864,2589.4101159039446,10525.773318276832,418.3813815076985,919.2120046408875,181.0110406348221,744.0057254235962,6.84858780663242,Ketosis
38.31005328050024,62.80623622542148,13597.382130407688,635.0842667249442,5673.696932686767,-0.012859108558046728,315.73738734096753,70.3747773568123,706.7444884874985,6.878393558586141,Ketosis
38.185412262466464,63.12740573138234,2895.4087000796644,2282.460551277297,5522.3741313718365,284.10578599503464,-147.15078480329453,-23.556819495151956,699.2389685779088,7.26096546060681,Ketosis
38.09969611764257,80.98195900498065,2195.46237569026,2524.8346260553053,3491.867681499134,-335.1131938306802,121.14503097863883,-15.442911420273079,802.7062455852301,7.1155731368467094,Ketosis
38.61894815265281,67.88158185959855,6439.085974113565,4353.025804540595,14748.614668560089,-194.20252587649736,124.37433545837683,-89.74478652435147,684.6609666886892,7.027648394740831,Ketosis
38.50089624652809,60.938659395357085,9221.779354592685,643.617169201852,12562.299595581317,-43.481027050438556,251.5997089110685,138.28517742200125,678.6114749208173,7.050213448596693,Ketosis
38.32408156040044,66.80162494356266,5451.199023092958,3956.2876819665485,5726.082392783862,256.1184457853731,1295.33140432513,194.68215365087383,698.2181400270505,7.040042033373006,Ketosis
38.30253112649462,66.94978799680148,7324.669404000962,4110.193315713077,14095.279949713728,216.6315337737754,1042.1900678265001,-47.777241992937,733.8578849922139,6.939554671484803,Ketosis
38.52930322014666,52.588222856658376,8564.532779965573,4710.91424996688,13092.46416927881,258.64319487354834,1048.979848741507,-126.18887378606848,675.1583710047153,7.327193630628525,Ketosis
37.95967783285955,70.46741429079229,10604.695379731926,1327.3319448321895,3036.192081018791,509.0976822026373,477.85480075736007,-174.13045717659807,678.1397048502859,6.962622671745361,Ketosis
38.3496065478012,49.81284974587975,2988.070372403019,4040.2775663295824,10487.612772858138,-117.25158907012116,1074.300416199063,110.23545030944962,700.8228310604774,7.367840167959107,Ketosis
38.23460038440181,67.11070616635186,8933.08173803329,1377.7565231875624,14524.368353815875,348.0435462185256,470.7792738883189,-63.30213289422564,751.6003005744336,7.0547970532217565,Ketosis
38.284814203705274,60.46997667829391,1903.136825228039,680.2692946984225,9333.43897924792,425.3184680081804,-182.2507374891461,-61.35461439411299,679.7623986065169,7.586672502732835,Ketosis
37.99808813035524,68.67554591529955,4882.436834751822,4600.184338342686,10144.961799734658,-4.069533690221732,1281.3276594551653,-21.950586393368795,717.0752359423213,6.62864984939473,Ketosis
38.536251164153946,66.45714875088981,13025.258446853735,3196.2716307684136,3731.280974898553,397.14639517121975,573.630600548224,-223.77777039342877,673.4786167780685,7.461500052067169,Ketosis
38.44194114813641,70.679187007132,9046.581515131931,4081.3770746032324,11311.372460249633,206.61006802371477,-132.644785357616,-110.68416184103774,719.3897211855889,7.081128556910713,Ketosis
38.324232007130696,68.60464274969156,2707.390133538439,3677.767534010772,14297.465423743564,42.86079312447083,-11.650052508941599,-173.6610070090569,723.7247805250126,7.519096957028715,Ketosis
38.11727168801662,73.31036417010688,11117.646589725548,999.1046476310826,3462.1138036417306,-79.63078702956835,38.1236671657814,128.12373189518968,710.0993677461445,7.210116816255897,Ketosis
38.44602024344222,69.28143881268093,2751.497667701782,1704.73812479845,6738.337562902271,188.10561343290877,300.76574736372214,-223.92265406248188,777.5868734979206,6.647841559587353,Ketosis
38.148517189913285,63.31202394232996,7090.580374716494,1530.5113884271123,3299.052844909509,358.68969832581877,-174.3907747228643,52.53499323444402,730.8344191433725,6.639164073651894,Ketosis
38.21607325615686,59.292717280551905,8015.38363437855,2784.1779761400985,10075.01110093955,337.9505772632276,202.3776849998265,211.94915718904764,717.5579575015265,7.087124576980648,Ketosis
38.5786964135413,68.6776435334209,11400.855484357147,3019.673937214314,9609.534375774794,468.2773570676527,486.7697966239389,-124.773428846917,680.2620791840967,7.229340158429403,Ketosis
37.97119145492765,79.5398447469016,5604.326437403108,1740.3071849290773,12537.636666807644,-409.6689477048218,1036.6934513362876,148.83327148606642,738.8155666146644,7.010201303304494,Ketosis
38.012701818513776,50.453244988691296,13864.235542027684,1183.0732220201564,14100.065575716791,389.1247617529665,1288.583435395629,170.52420823072475,638.8957950426693,7.041962798905935,Ketosis
38.12522735760769,65.96880759286196,5509.746342662856,3899.6456535409525,12364.728925259,-282.0451894346527,952.1843212160022,-178.21474250628765,691.4450451469054,6.734254351143867,Ketosis
38.28089634242501,67.25946237556465,14286.81749959147,3221.198363278624,10185.990949327552,85.70319282470128,476.38621915023555,15.209441700505174,731.1172366391918,6.690049977562467,Ketosis
38.36689963433604,61.22959966399889,13377.51556194569,358.271426843844,12028.446818546581,-103.6868261834224,632.6246827088453,-163.16893177290714,721.8680570954331,7.1648556966105374,Ketosis
38.39828783868993,72.51259800952951,7115.7686736179285,4008.8150323399423,8142.892325617157,204.8595882409196,147.09741511654272,-17.077598325037563,729.6066152970964,7.257946166304,Ketosis
38.301684069583295,61.597263936679596,7125.03098694451,4746.957205671497,10498.682322930094,340.2290496657776,707.2684569779325,-148.59567835903974,713.174791095494,6.938486572213297,Ketosis
38.20236053571986,66.78956000490707,7438.786723226218,1456.676571692395,5347.685482202935,490.59817106052367,253.86220790715015,15.722860933817614,701.3903785117224,7.574992740340511,Ketosis
38.6249378982636,61.63113463711173,1360.8635334829742,4593.935068207123,6950.027036548372,3.9279147244086943,516.8583787539953,182.45119354436278,723.6683760985511,7.102327436495579,Ketosis
38.26260547784167,72.37306981657468,12102.074212995809,4482.25782951662,10471.250166358757,-181.84676469350677,-190.3109452471258,226.22417424222726,784.207084218799,6.97638292003483,Ketosis
38.67805570873994,65.67590731235794,4547.531016121793,2730.6982475969926,3056.4837960167315,24.16934617710055,-44.17630485736595,-222.65789396200873,704.6945255408976,7.3314474491580865,Ketosis
38.323344365070994,66.13379813742691,5169.57192483955,3752.2596626562226,6733.181188624918,485.93727423903874,863.7757144097319,178.1077136594154,699.9385085273436,7.212262543281026,Ketosis
38.31110687362084,69.49508977967572,14085.649849416182,1797.5388061423112,11649.034184910983,149.37935964562098,-23.4463601349903,183.5774343210924,739.9660408911102,7.226213941417448,Ketosis
38.1187781391179,76.59553142193231,9012.920674229059,1818.8810140089477,12556.47731027734,201.65657459660878,29.882353540400914,-10.961203521644997,721.1548618294164,7.059518254067265,Ketosis
38.13029285429857,46.4864662067035,3759.3108623052294,3709.328214228178,9233.175389941905,-413.801799774428,1035.2151835246768,229.69587169630435,663.5029938429726,7.339573683721818,Ketosis
38.33534413228509,71.32396795069272,2389.7783343954725,2942.0435554503197,10756.51358530455,327.942511227677,1247.2847936332048,44.89102260229003,840.2863035215256,7.139055209713317,Ketosis
38.607122811608924,66.57269555587092,14644.326697846984,3972.104402224374,12597.114191004504,396.4867255745099,777.0706409049671,-69.66105903215201,713.6096031973632,6.921767587876519,Ketosis
38.475185989170136,64.87291777320121,7677.897545319525,1018.1139370173935,11361.129516496838,390.56779379181336,1192.229360253301,-65.39665659771924,647.144485532774,6.976921218965009,Ketosis
38.393809422079975,57.44500213836797,4996.992132137689,1539.0982684619603,13598.338182185804,2.4739458634885807,1159.2236408243418,-48.7409891950703,696.7115694845099,6.925149234827339,Ketosis
38.63692287141115,63.90705191114634,9038.176945940837,4663.923439327247,6713.726916742439,-134.5169834807113,923.7382410520656,98.36344691300064,646.2801285810685,7.317245287579796,Ketosis
38.49710963328746,57.64882708956582,11756.721890257744,1356.3177371877987,8240.668871619015,-421.24229470842585,317.89326702683456,-10.655947229385735,685.1101108089089,6.781793332075486,Ketosis
38.19412377671168,64.25044181439999,4904.0547779685385,651.7674289019283,12350.171929022126,361.9571000817404,244.46344914043897,183.23597928015633,666.3806132203129,6.759630136118077,Ketosis
38.52208372285899,68.56974765595606,1219.5940968454152,2238.1280599598063,10220.38640068664,312.9804019485863,-40.115599444452414,103.85854106241678,668.5668157608195,7.400647929862517,Ketosis
38.29638486833901,63.73736880640287,5721.9247576011785,640.8728987919712,11628.06725650443,-145.66931366376667,1248.3599418262518,20.250822502622057,653.6148822806957,7.063310027761595,Ketosis
38.268729324706385,63.232213430858216,6801.932142744479,4472.822152750287,4549.937584105688,359.7513977599099,182.82373826573325,33.58492992628852,652.9236208704424,7.255823629372765,Ketosis
38.04902848123897,70.34125971784226,1932.0426591571404,4777.74316043097,12703.616298382824,80.41784470543944,1205.2363584192483,71.76904494398048,645.6086815754978,6.981260017711358,Ketosis
38.33620443472426,55.49529039995492,7915.972428009846,2592.038783640837,11933.62803391954,307.6866052066627,563.5552208292243,86.72474146337359,819.8535821049466,7.4578480785807155,Ketosis
38.120657003305986,79.20695535972703,5701.2337704210595,2289.9787179927735,7947.07172852962,-315.46399853094647,753.5041812192314,155.92022597453035,723.4336584059661,7.071180434629969,Ketosis
38.226262925759784,61.124959913524535,5601.211762403207,953.5565970607133,4713.061866426722,-85.51653275318552,1041.5496735617949,-46.5637346145885,735.620316232277,7.131374291529775,Ketosis
38.20734257490768,63.58148115522347,1684.7528610362942,2866.7996066625856,7125.684649550807,31.43781628072898,1110.782609556903,14.273750529434608,720.2169670050982,6.715098846119271,Ketosis
38.24244041811191,70.81641259879153,1308.1721938295368,2377.762688396798,11338.52204071089,439.86648754358913,816.6040317330053,-51.06626062982313,719.5346974307106,7.391890493622423,Ketosis
38.34179151516458,60.961821814746614,14136.151034601522,2436.593165187155,7985.818604709086,-42.84784441504691,1351.7656104634898,98.64350838585784,730.673049838176,6.881406650389198,Ketosis
38.074349944500405,67.1779578412469,14268.181451609582,1048.3792672385343,14124.863622689678,85.3593239010816,822.7707330843701,-209.66102694676687,692.4753260874284,7.25579083360626,Ketosis
37.99244782978329,74.43515161943324,8777.24440349085,4350.925080349537,8369.676253797199,-232.35216197025136,854.05294131612,116.68716755548272,718.5167431560146,6.86566762313548,Ketosis
38.57843640294999,61.620955827191096,1332.8688964214462,705.8609017740264,14702.731174284523,475.9511513579621,756.7593784206147,7.737994629770334,682.6750680088844,6.964783069086194,Ketosis
38.27322109817558,61.79594633384088,7131.8379766960525,1594.050823102799,4137.602586939813,97.03451333403454,1260.0496154918983,-235.14285858799886,669.0945451090702,6.86997375216709,Ketosis
38.41329026445765,74.96874482109774,10538.003040562591,3769.9843026783997,10239.123596833635,-34.836024030748945,883.0256880048054,27.507851210973378,672.242330735693,7.100707424092082,Ketosis
38.055471231015375,68.6350425141389,13736.33589037049,1815.402757836421,14308.809766398088,-226.48372152664638,382.57786688600606,-151.22616897291198,697.5903820621328,7.271916559245856,Ketosis
38.45320506184422,64.912065450428,13260.907908212244,3405.7933175573903,11974.70977554594,-63.14746530271907,475.0144780093825,59.13464114885213,756.6873969382807,6.7442153921262165,Ketosis
38.119674855378854,64.1511788658375,5582.259333664825,3085.7114389995977,5749.52525654411,42.59582652278333,1240.4714869501513,8.301072071966484,733.8270151715752,6.964613960232541,Ketosis
38.240746261869674,64.9290646665943,2911.045284342511,1442.4275205690396,14212.574856332092,256.04881048300183,235.0181260297682,133.27825157399556,618.6524769304488,7.301533991380677,Ketosis
38.35280493105604,61.45605887318732,4999.5574022957135,3674.705196364778,12529.743805821054,5.6766119952329746,-236.80578732138383,-39.35531441707019,666.554059116709,7.001043281145532,Ketosis
38.108961690048815,49.63298444977159,4378.010365215494,4690.097967089376,4378.355617548645,197.00144673961753,212.88397204423256,65.89907305566734,674.4507421117712,7.368117992035893,Ketosis
37.97261230825233,69.85203394013715,6807.856789989155,1223.8855500091827,4982.549723668755,83.88691416196465,657.077098107927,203.49133970986685,721.4161289547733,7.415887330993177,Ketosis
38.28741880940651,57.99720445417866,13109.067136548287,2846.379985560103,5970.6830148621175,82.04449844698334,247.03556745735364,162.30203151968672,701.7850679035528,7.195240524402868,Ketosis
38.56625353661229,66.02959780259538,13180.267471913314,1061.1620569948643,14442.369061942982,-216.96113218873904,497.24811019020245,-61.44848970721988,679.3594289358097,7.026694055995745,Ketosis
38.10124294573882,53.98117037429567,13408.162146197992,3259.2480424317273,7995.269966415171,444.0032237850762,853.0473662029241,-73.75009194718754,695.6447632983609,7.103958549592875,Ketosis
38.090253119470155,63.597767087464035,11486.73794364664,2730.9009329600995,6693.98957263723,-171.9364480819563,354.61905542683314,159.1330776627365,724.936079216759,7.284692992392578,Ketosis
38.0736205015772,62.09459319859256,2615.752237209611,4367.618591427699,11674.93507484016,-24.49225153055366,733.2438463009745,-117.43498380573743,701.939056384461,7.289044946308056,Ketosis
38.329853283006464,70.43498278818439,7988.847118499559,4388.344039091875,13386.307995452422,273.25187145852084,1013.4860138319783,138.0243909679822,700.526787429857,7.4030986436422594,Ketosis
37.90720005753727,61.88773881470537,8931.637975807871,601.4596790559651,7248.25804440054,133.73763812103095,1265.1028938119214,176.18347124892858,730.058025421065,7.149812920712046,Ketosis
38.27429087131346,72.18444603514577,3848.973239267837,1533.7024527592637,13952.338954939472,144.93295685415075,388.9146757203791,-50.730000732154195,752.933307519956,7.369303749903171,Ketosis
38.14017494141103,74.02855328481905,1899.214643385908,175.96668320152367,8640.13807887537,-260.60986361048344,1014.9172771496817,233.91925464794667,745.3328689042362,7.1765011349667365,Ketosis
38.35359297481656,67.99543447937124,9493.043853338959,1633.2155865606778,13388.731448513416,-218.95063395412996,969.4603547381898,-114.54325661140828,671.362262882834,7.348139130894553,Ketosis
38.20903153421905,69.72822103823358,1627.0011711893903,615.957781573271,8909.295605335785,-178.3169702611931,925.9831802797892,-191.93200318496713,702.4164322138604,6.89091644784683,Ketosis
38.48594107318976,69.90789643055388,11350.495016336172,4128.487842364363,12268.007213307945,-14.414801815034366,845.2886532703756,-114.73223718704642,685.4650414745566,7.1646635477985985,Ketosis
38.21821611535916,69.30476687645097,6205.7587841388695,1232.8160809676413,10779.564976451338,88.04221502579182,696.7541437558635,-30.102754583736306,662.0159290567946,7.27429884247131,Ketosis
38.04286581718981,68.60299445336592,7210.7056379135065,3245.740904089084,4110.305010709005,-421.0404943169326,308.65152367849294,75.77904691342786,548.2927029032749,6.990203791859266,Ketosis
38.316774773903504,79.3011314543798,14816.717952792107,2939.6050486009544,3886.6152575045417,302.55089864437537,91.69698138624153,-178.1117055764795,690.2778013374245,7.178744492518128,Ketosis
38.085339182122226,73.55392006201609,2690.3832344122975,728.6972974851121,5242.965677813196,436.34465491207663,161.18658942132095,-210.34801207737416,738.2218479397518,7.436100677164638,Ketosis
38.23041276858497,68.73850479691659,3021.694747668863,3183.278100416461,9488.839611286236,-379.2167104566108,1040.0128236146065,5.362058377140265,669.3290973686771,6.969796526888477,Ketosis
38.43306647369949,67.26534650057094,11426.300008636917,1698.9677746366483,6942.717965298393,-428.71097763434386,172.2227943386191,221.97904409574767,694.4470122087702,7.004524384412447,Ketosis
38.34966454604839,63.22304977606969,9203.890051385586,2501.8217367132447,12454.210088620366,-155.74096047200854,0.5525610683663444,-137.2317871392091,732.2369064891659,6.964928823806441,Ketosis
38.63445882827574,64.06932577524425,14142.32357192382,2705.6315261245295,12782.36751674836,79.8932539879232,1200.5686360182249,191.19579001808808,672.566488513215,7.104708894013012,Ketosis
38.071827914856556,66.07433282367768,10949.55017358993,948.8585946014564,4956.879215287013,189.19495793643762,573.3058254975596,58.47626826724292,695.4525048820633,7.288815918157461,Ketosis
38.32856454980409,68.47096492147121,8188.884054730581,4685.224624598619,7503.332064362236,93.74492571384653,499.33573057123306,-237.4611319742308,842.040438216613,6.988681414980738,Ketosis
38.572783048319316,66.73069872720657,8396.47018892058,576.3709944099523,14020.055178200986,-265.2651985967377,205.97130796684195,191.33156627121917,740.0327192514927,7.112279693452318,Ketosis
38.25427256243328,63.72062864833738,8151.198775691883,2805.832168987702,8297.986898777322,-316.16102738438155,955.1094497017929,32.68622836280525,614.160191873684,6.835957978920172,Ketosis
38.207972180268946,57.676351260110025,12056.222931325105,2697.1115666015926,9009.43968463876,-201.26284850629474,268.2673213243698,233.33038897146582,710.51220501473,7.083580798478334,Ketosis
38.53873582618188,61.205000051197494,1728.7522657568306,198.48808741126413,4090.1365222468758,173.54087431317623,489.1168092571038,-92.81213581592567,670.8892652908279,6.540598966719722,Ketosis
38.512811054408644,62.710793537770655,1983.1677466601623,4170.328058779154,9291.9139612984,-13.057202539058977,627.1499657442587,105.31771744727436,737.9987913314751,7.2197829172678105,Ketosis
38.2938714635717,72.0628433606964,2993.66476725175,1113.3929962371928,5061.665966361481,124.96817803904005,362.5847922367174,38.315408854445856,706.074451320181,7.262861581918847,Ketosis
38.36144935883211,70.12609590799096,5286.792240120719,2236.9215165209052,15114.262158684909,221.52754308859306,-68.06815680822717,199.6425949207129,678.1049724572962,6.8765780157454515,Ketosis
38.428667826159504,70.312793680793,6965.283673526582,3677.0338896047297,13597.736251619144,-312.85257332232436,-80.8680913046262,-16.942629858180467,767.7750715854547,6.624306915320823,Ketosis
38.00067401907318,71.73865015084003,14572.487330417975,2154.790512842662,3836.15116325907,219.79638280147879,1165.839237549269,-7.29766189481175,693.1264792899843,7.20591058314985,Ketosis
38.4745542778202,59.59767664443061,12164.615786654613,2134.56950496224,8366.305881693392,274.03775535635907,327.9446471495294,-220.39509446534913,713.1323238259616,7.312071364316662,Ketosis
38.35336608354253,67.34167674691028,8165.931819221742,1806.880879015374,3248.2342843728884,300.363291854189,38.8294688997413,-22.70765007186196,596.8430019045802,7.31698266786358,Ketosis
38.110307170593515,64.53492306663443,5860.212541297198,3777.212744151665,7046.911802840413,489.98014160061837,-124.16126826312211,-209.5106895249237,752.2302848015241,7.148521471034269,Ketosis
38.56780341617207,70.52060199899346,5086.9962677654885,1672.140174646796,3818.4313361481627,-270.1025856965754,899.7019143188784,-13.022796249683712,628.7159894192948,7.23831658126473,Ketosis
38.507977969206074,61.90644416786275,7384.904500213907,1041.5184130657058,4986.705870541068,23.71933273411007,1028.9067669026772,-239.35773347824704,667.713250211377,6.710351639707642,Ketosis
38.60176821416766,73.9813555583801,11798.885348102933,4662.25220776595,7050.577129961301,-220.23041912691644,1047.3336909811876,99.76950169541854,711.2903452723963,6.664105457484547,Ketosis
38.228419396932146,71.71003279294716,14119.175858774059,3190.754229430802,7843.8783872224085,-279.890690447224,36.7414204209872,-95.96335960724235,583.4373621737401,7.160030463060233,Ketosis
38.29580190330165,71.58246379594208,5279.785737029347,1622.1768784165042,13448.615893621116,244.36739396954323,286.6539838267664,214.39477401405884,698.1698069875015,6.966615392034107,Ketosis
38.28771570144274,65.3193380703735,11492.410680485984,803.6999259002605,8456.570373276549,-435.3050123939903,1222.70895862408,10.329803055316937,664.5517802756459,6.851561251299616,Ketosis
38.350447753029144,75.55144675245805,9737.970747565516,3916.2569006937847,12472.041867430475,260.50967221647113,441.76155337395465,-139.1905750976907,669.8606476382747,7.129485071353386,Ketosis
38.13433519552891,57.11123866567249,2604.983867195293,3434.069731275676,6539.872739411496,-57.31103466930915,1298.3052325590866,-5.6442267421945616,731.2176010408801,7.240613546624849,Ketosis
38.12732651724802,58.760639499583654,2592.0386564869495,1878.4134147676316,9291.282979981235,-265.38993925564614,1268.3312894576422,-11.222054497335554,746.4761059814077,6.706642220194887,Ketosis
38.44842916493148,80.46568614923684,13508.900791740136,3004.5996792281308,9780.210366649966,362.5470190170288,402.15317275416186,103.03314990790608,704.3364252996264,7.137812850262019,Ketosis
38.40324671847025,70.30287511962305,10256.52145108789,3474.4860203210496,3659.821513999901,28.873756098357433,334.0120628378571,-125.45032145817402,686.7941528332744,6.8082056830704465,Ketosis
38.30901230229006,77.7472813075414,4597.888236632942,3841.839004286735,10157.326587291516,-255.5945664405641,-137.87512439376087,-23.238389633235954,667.8778232937211,7.28717582461768,Ketosis
38.2916578925931,72.1534108109783,13601.451440147706,941.7938077813601,3359.0226613684763,38.669431838350164,434.9788357132369,39.64725777699791,656.8423147709993,7.131048594511507,Ketosis
38.6996801742268,77.56223699608678,8898.830169929912,3590.179992105573,8326.57476191792,-193.33176508919394,1128.5331807398957,159.69051426856748,841.3050242000063,7.049118528033649,Ketosis
38.16070534467812,66.59339542569413,5594.938490606375,4703.114232919579,5700.026829958779,-172.08654442382266,296.78870501461404,-41.5147421136985,744.6369950575584,7.558512617602085,Ketosis
38.5226997475674,64.32088942395936,1370.3093154912667,4758.32532367987,3418.400869789906,-231.94950909699304,1260.802491472481,-116.49354523764185,738.9624346497751,6.970643601559933,Ketosis
38.536737931132095,74.03530773571947,1261.53617052954,1809.0860278154187,9522.831117920454,-4.666780588031756,81.29324894946848,204.69982368121896,701.0477312716241,7.22111639025579,Ketosis
38.669052576128216,70.00931845251895,7012.4519468179415,738.1969603682173,14933.268507408779,-331.65659067709726,666.2874134766425,54.55386103687977,727.3079019691025,6.885792495218741,Ketosis
38.49119950023881,61.08498639731291,3647.0971416586654,4530.653790625955,13180.585139263676,-336.2687988444055,1141.2379288783234,-205.12636395376308,621.8701217943267,6.902766525152561,Ketosis
38.39708035890582,60.25080876847612,2569.492134265897,4518.901492365331,5323.801143739467,-214.2330523988685,480.99134676172076,-9.743124021272363,687.3824303481223,7.1780770178007245,Ketosis
38.32653332164194,74.96514169678524,1266.853255929068,974.5581421081047,4802.714019026657,-433.46786686590485,1190.3843826053876,-156.07116298396815,633.1101609826853,6.790042794694944,Ketosis
38.38946262690233,72.54034584648531,10954.564611813821,1145.3971968058154,3811.011262032702,152.08532614186515,495.25381653231454,-132.026503913706,617.5428135701108,7.341899756183618,Ketosis
38.3495284782708,69.09707525091711,12404.712193119998,3894.173410265802,5524.346274471063,286.78164727449655,79.19112107855972,-208.0788454034747,747.9480581968783,7.067160750674605,Ketosis
38.321208142954205,70.27738715581049,10279.155524069138,586.9711641084032,6342.01159475169,409.6438121393369,882.2139006515488,-179.9879526274022,678.6901275589771,7.0194868099028636,Ketosis
38.08312378976842,63.72715405510495,7460.321699796928,4124.1691870910645,5143.847289385528,-86.22404134442954,155.46414827918278,-25.467493240232034,758.2834580753928,6.882634686745496,Ketosis
38.23788771537233,57.009528863437446,12560.945843479676,2161.145743539222,7489.166712683633,137.56157700230872,764.3375763686225,133.17163194790817,697.4272040210788,6.84891388863908,Ketosis
38.28920730577027,56.96093683364792,6296.796876475593,3605.057257617471,8719.421280027327,261.75864292054257,1030.2374345265775,-35.760221829273334,669.6535678623338,7.049909032691003,Ketosis
38.07119844076115,71.840880739321,5676.975303628701,4770.828811793747,7766.899852227323,117.59954265785845,172.4511620790929,-60.940285008289344,673.0409940657421,7.467503325875102,Ketosis
38.005621401906375,62.133087384253386,1301.3462278625966,1978.3776709990402,14524.957243966832,137.27901951156034,727.5846359169159,109.18743867010471,770.5498878555936,6.964302620625281,Ketosis
38.32946180066246,58.24711367885689,5206.696769225422,1547.0058301250588,8473.19432334974,447.2896514317059,474.4379634465495,16.603453466522062,695.063939178599,7.304019227001747,Ketosis
38.330959722821156,64.93532688761479,11618.206348807842,2344.24752037905,9885.037771227417,-90.52814053374502,1303.7814114236107,-81.49726522970568,710.8038382056411,6.893290980223881,Ketosis
38.27297162005091,60.49374991294925,12560.364083836144,4151.074993007029,13551.755389140459,475.4322038527695,1173.8309814967579,233.09013567757376,703.2907097353302,6.77790049492204,Ketosis
38.427052980782584,78.08578875264412,5208.024107945527,4833.133829495566,13834.506223970962,-197.9502056505957,-42.716919132806424,155.58066476833815,675.1782581406617,6.782467172710517,Ketosis
38.45519921750777,57.52790930835977,11721.342134067952,3307.1795214543936,15000.708744132615,-6.079960466423984,627.8044469310009,16.641564577833,724.4287077616752,7.0860134027943324,Ketosis
38.173044695630345,57.78090234746913,6458.1787971152,4050.6061598783517,12430.449932229774,203.51648581420912,116.976689420772,59.6418954616419,698.6889817943097,6.973380598658455,Ketosis
38.146423097810505,71.27175192496712,12992.28737227475,2446.959748303294,13072.174421899826,330.6481426896736,615.3336009069344,-11.69043023211438,668.0309046293328,7.261901573246597,Ketosis
38.30414379400925,66.03961430548307,2121.0679004957647,4647.031657241496,12802.291326550376,-11.698108105030343,-30.595522387115693,-186.52101880802613,596.4232567018001,6.970774125902111,Ketosis
38.29445196785536,69.16594660259886,4883.962076463724,4375.4922977303195,5382.272610903552,240.87658773589766,1108.7823932734377,182.291070887709,677.6577337039238,7.248958205681475,Ketosis
37.8861302480403,74.04388250940309,6331.225333038062,723.3200030120297,11460.230656657643,-104.82030093441247,47.73490291478174,30.943671880310546,685.8450374413554,6.775199393618962,Ketosis
38.26088799693049,62.53026694716573,6821.594986749921,3467.235476984378,4498.0852788379725,456.13271718831544,769.1139248464616,-136.5126464380213,768.5090048842035,7.39859029784177,Ketosis
37.76092484380697,64.90558616455101,2244.0504938794484,4532.302389318937,7402.562906847182,-360.6690815068989,1191.31677183467,-199.0844628525386,662.7437320277563,7.226239199547733,Ketosis
38.169879399170725,66.3151289172046,3443.4538872542626,3300.630116027468,4424.690458604281,16.19154939287307,649.5334904168582,-230.34286859766732,628.7239892104539,6.829188696814821,Ketosis
37.989228793380654,63.480106008811134,4932.387660746521,3253.302929164898,7781.852610978418,-235.14217860168174,38.703331340646855,75.92364593059423,676.6353526084359,7.159695537533476,Ketosis
38.33347775108212,64.46429738989664,4924.225344117074,2136.9843540793745,10183.806744882693,474.5380644332706,1053.1066302656072,-101.96843969273945,719.8460549065086,6.780657746221145,Ketosis
38.704473494761075,72.98383114440092,3104.9528320598065,2889.918865023619,6318.402883290729,-87.01865907371644,1013.8957102874432,88.84755900749025,703.8080660473845,7.1206064746231155,Ketosis
38.01790597577894,65.13418923405955,4558.950926224801,3787.2627814996385,11511.106832210004,85.4453956414311,471.06578886498215,107.18846908476326,693.5645192760262,6.893495912938978,Ketosis
38.706184433252766,70.8264913115128,11673.324626648351,1604.0773520267226,8135.683844407795,196.37412328222166,379.06699773560683,-36.70938145243959,669.5680867115054,6.821779129682822,Ketosis
38.130776231797874,65.81509203637391,7047.189583840288,4028.9933783886668,4101.446900340437,-342.40080182837556,945.5998517222457,-95.63010850207371,636.8665705285897,7.007714611354759,Ketosis
38.53793275834709,56.08481902320576,10063.212409842585,2527.6310838434865,14671.158443004246,-25.36394823329556,1164.5437851451668,143.73088353353143,744.3486947948127,7.21951292393239,Ketosis
38.156913054092435,71.33445087638628,2513.8051694294973,4502.32646397925,11698.593932419837,275.5994906985945,1213.6832176399155,208.87397092922978,766.922112511104,6.71378268557927,Ketosis
37.892029783720034,66.99783170720987,7957.507980010896,2502.148410784168,8330.820929591891,-228.41371089210236,1363.2567480481043,0.9275398101253813,628.5354101813625,6.647894381372768,Ketosis
38.37466309764725,57.14206092708862,12311.122135704369,1722.115847298459,9543.480176195664,-30.834569701785227,1214.2950313751176,-174.9162856478987,708.5277957522015,7.097396214567824,Ketosis
38.353060991412484,53.07787070851606,10988.69416908663,3406.640180032042,6214.7774786765285,65.11850641790103,594.9418439006953,-121.9697153347011,812.59147525128,6.962111096984455,Ketosis
38.00990671301763,58.81987036236512,6199.650169515409,4941.511405351787,6117.3155692109285,-176.08255249205644,1281.6306759765248,-227.64286742100094,746.6638621245366,6.731668695922908,Ketosis
38.14896871941007,72.5383781907529,1804.9768695571938,1162.5698680550495,10075.062162252965,358.39794367395496,598.088024798933,-35.59510066797843,705.015018718017,7.050536002765971,Ketosis
38.4350674650541,60.64944810042273,6509.328275960805,4487.916595518303,3971.5442567912614,-34.440930251475976,659.829479826635,-87.30022472223513,709.2568078600333,6.606908957648784,Ketosis
38.18901904068722,68.58587132657132,7976.582175447361,2456.115582808462,10950.128183430272,443.303749299841,143.2639048411911,-186.95725974463954,722.8559584932318,7.052271740729054,Ketosis
38.043620391800296,76.66987760611109,8376.499753511209,3329.4563973879317,13432.00876692709,-346.7081070769945,1008.7187147722844,63.01483837659041,684.4257487562189,7.145098442160216,Ketosis
38.08856589050835,63.35558416702732,2149.637359731936,2857.3718941489587,5446.606827782849,289.1405716096699,231.82367642084398,98.18008828468066,675.5057905189108,7.280696002933004,Ketosis
38.29355192928744,66.05900890301483,11884.240854317166,2044.2446155475918,9953.86756677482,66.35602868359074,-120.62308623032936,155.84058840819876,660.8894063626321,6.718381094935286,Ketosis
38.291906402417474,72.61612090428696,9853.187546880024,3840.31951147619,6251.597956176389,-156.25171553136101,1026.6183671570084,72.55136537936929,683.9716706201025,6.894633993352698,Ketosis
38.35687327459785,62.59159454433679,8599.667619555228,2076.017146578589,12660.714347429022,197.50544574036505,196.41727031651237,-211.95573440781902,629.9654368359284,7.098375086123993,Ketosis
38.33120283214421,72.52043171831305,11444.059912850213,217.20445578884573,4162.635529890247,-216.93029648477363,-237.65929190606494,216.09322806829505,698.9668285245355,7.193909577171771,Ketosis
38.310224594759866,68.85558220457229,11802.53017991386,2441.4232148049955,7219.294548354699,-323.93415623670364,-27.260358790429564,4.30969147354249,731.472108142237,7.038810481437395,Ketosis
38.44899010820939,55.983204636019266,10198.029793320773,2542.253796964264,6356.795011044554,317.0288054335039,-47.33881274873306,-103.59310607154433,703.4859359772944,7.103329911550782,Ketosis
38.006685290773135,59.752908492244565,2743.7126157129396,4430.091299431568,3433.9080863906147,-230.82683089228442,1025.2716379072524,-117.39953744955699,646.1681009293386,6.977153058003077,Ketosis
38.05732759747936,73.49096776371206,4397.904251595928,4401.517189526459,12320.581412596592,-207.95062769157533,1036.3743261775926,-44.88990545953925,630.2247141539902,7.138588851711987,Ketosis
38.578554970549746,59.37330873618517,2921.7399891944087,1754.9801600812043,3430.957123698624,71.88612610637101,319.2620605570671,16.228262827597256,714.1106360666624,6.963562967901761,Ketosis
38.39414908261112,65.58623474542142,7592.795315034039,630.9644056954244,3885.5305220418886,-113.19159633169454,1236.336811077151,-68.10390175939455,711.8386087116634,7.255854922036562,Ketosis
38.27548574282433,64.66683968300973,10155.484033515393,1799.9897367474443,9134.433599103673,-19.78312045642167,547.98000647681,-164.21318526082038,773.2226141729157,7.183635363755299,Ketosis
38.484674213619655,106.4864662067035,9623.42615053595,3531.2038372049515,5214.533312983901,79.86256842884241,1257.8317802454785,55.53089029013571,672.444590365317,7.206210480569029,Ketosis
38.5309366908464,57.94552791050699,6671.29892069683,3594.8590779296173,14736.891570999016,127.75681494077654,799.4539428710046,-106.14009217535676,726.7578958145275,7.230945408856673,Ketosis
38.090234591687235,74.86488003181643,13273.394506767363,669.464660942253,3770.80542562345,-142.45918156990473,-37.672344689620104,-160.51716730796642,589.3238677321726,7.591195283280689,Ketosis
38.082076251025455,73.51553062378649,1280.41724896524,529.1830759525149,6946.197670238486,-184.1336691662775,1244.598001469129,-173.52534306335704,700.1085936358631,6.920561481069646,Ketosis
38.30766102228912,69.6463002554583,13897.854848873216,4675.148519111019,8138.746238761156,-65.84724686548759,680.5597830658638,-224.2459512427384,693.8591351946853,6.847319192644816,Ketosis
38.54746857462023,66.39305907347857,8476.409533336106,4067.394673416652,4889.460001832269,302.8629960674727,771.2078188199513,-64.6870387425571,707.5080500978312,7.06373297993934,Ketosis
38.30118304672782,61.56770408011624,8633.176189409634,4379.815908500452,10967.644444611486,257.7510622483944,387.4653730766958,172.0608236347644,666.5569622595146,7.039555650211494,Ketosis
38.36731999378437,73.45016791755127,5000.567030283721,1497.4886750817263,8808.345257031144,92.28546162860368,661.0137953718938,-5.5942531880175075,642.9524391538613,6.945780197726635,Ketosis
38.12183609985958,68.56025349554481,8962.801331822075,2518.171991009981,10333.541883779264,154.71023428619367,1178.9352233372417,-161.57397097295922,768.5106838525495,6.788103048706592,Ketosis
38.465452807327274,65.32125878607846,10975.43939076906,824.5125877691232,9493.732366558696,46.501596098428124,159.73352767861843,-128.9345909105477,754.6978056141513,7.387634712019006,Ketosis
38.57993601736304,66.08246227273054,5807.771926068884,1795.501105243158,14521.715392645461,-326.198004016701,1252.90883217668,-127.67881729191888,718.207899185745,7.030853771037045,Ketosis
38.33973553740338,68.04562084518187,2787.527083681942,3277.1446239424818,13416.579234754949,454.22910849562936,-193.84384427291616,-25.250931967075744,801.9103546085944,7.347578513877227,Ketosis
38.153907550455706,58.16309330442081,3245.4562245967727,2106.1461607880155,2967.057252155171,334.8096297108161,41.34226714615693,-72.85976740683512,652.6943012750048,7.333325793828471,Ketosis
38.40014873535264,70.34204340098663,14478.995374064853,665.9863464695122,12002.152197249783,177.78937240976464,311.005409116608,192.47632317903353,666.999433244346,6.841576632664141,Ketosis
38.19769168321138,68.87208375947466,11450.99721194605,2672.360062356661,8457.01151252572,453.578092576591,430.23696869840717,-210.3981746116269,694.1403702662935,7.150593047169942,Ketosis
38.18385987743438,63.924417086897066,14258.093566900823,3700.829841020992,10070.530611824448,-158.88033571413754,1147.5235951794016,-60.37644772876664,685.2808360526964,7.400944550425276,Ketosis
38.299761905745015,68.73596563213006,9300.160900301591,2827.9582893243746,12239.946766969882,-256.08479709225423,661.6320245590072,-123.62246692182725,707.8801669950053,6.769936115317856,Ketosis
38.0803376678283,66.02550614197796,7651.932587232328,3458.787922662478,12639.83353137781,253.9610339571613,456.46372438695846,34.851227998745145,653.9464025855232,6.892897206441932,Ketosis
38.40206804248319,68.84251536693128,12406.299452655488,1327.8532037616828,9162.057802360872,-63.610885571858546,63.81616664445227,-31.21183118934691,692.7341609881701,6.867351662908704,Ketosis
38.31830517965899,73.69654173923705,13173.73292696635,435.57191299118085,8834.529580642356,0.3150940222506904,-127.8195837417079,-17.846823068636414,707.2424721797217,7.063102541823024,Ketosis
38.40461045381454,63.45964775077551,11715.718789236867,4128.8079153130675,8112.50943921659,20.62302461678503,822.6309650519082,145.8688967342431,701.3187006968625,7.144528301161996,Ketosis
38.13353678535993,63.80166007774767,13596.914640407542,219.19261487048698,4950.7677433566405,418.395122570857,1316.320589801689,-5.718857023248848,692.9602318937784,7.274308773913397,Ketosis
38.55034557411897,69.87789873644091,8074.581598909905,3734.714916257309,5021.77762570001,126.77771967179262,507.2655181003484,-46.983354294644506,619.6825056960716,6.953765961683879,Ketosis
38.343806486568454,68.99479670431435,4247.916744419405,3038.8478150777305,14852.52813612367,128.8458476582917,26.04801775445003,-128.9550780368948,709.4840167110291,6.9464334191678105,Ketosis
38.26481339216398,63.78220484019289,14299.309101035447,1986.5022507957733,14381.900525232699,146.0525573327013,1325.8321702044907,-140.07019766573117,731.7943215383234,7.365166951077514,Ketosis
38.18309799810135,81.1355637125038,1290.0847190260583,1533.2417950806207,14013.918273688505,-39.24988174043847,1045.2618802282805,-135.5340140940518,687.0924574479922,7.110595853364675,Ketosis
38.96116811961669,71.60844479711209,11155.884625594248,2715.407947763555,8275.592340183657,-152.59808675876442,925.5685422866399,172.0590981032125,643.7473265789611,7.359877078331031,Mastitis
38.24199641786323,66.92911272074878,1469.6484278898115,1072.4467928285744,11668.884898154267,144.71551339623542,851.1114460217204,-216.72786814666364,712.0119764628577,7.284733349654063,Ketosis
38.376831811397444,48.561583418584604,9574.489918016043,473.1602181418075,5975.828841978035,153.35317308696568,761.1024095769621,-17.430989062594406,661.4422360024988,6.979365397584258,Ketosis
38.16248480387963,61.92584470009749,13148.317313339672,3920.972801917496,7834.818496737527,95.9087344169467,910.0549748205758,51.478706444894506,744.9307857340202,7.071190137976575,Ketosis
38.19712864175127,75.79115314089277,14070.299386439086,252.89060066110733,14386.313336978135,-141.74561535325955,-239.15643324743712,137.9775680612464,656.4065492331513,6.805974900912103,Ketosis
38.589507921804106,66.3956248940934,2220.6134923865993,593.873243305376,10609.51152960219,-369.19459459319137,349.5242460720954,-206.04951653980743,717.4887438979908,7.02252147830921,Ketosis
38.091827998525325,57.03544127343668,7716.41323871424,757.9563947584782,6834.54140313292,352.1764238331626,90.52908283242311,-86.3259757974946,626.6246469546522,6.570154460701361,Ketosis
38.25223627576852,58.865332964857224,5909.408539531352,4123.806499298208,6308.080463031796,227.59041406835993,-23.51485155798582,80.48422491334742,723.8990619432673,7.316989012095588,Ketosis
38.45711425739527,78.11379059076016,13600.180716151814,3510.5438327795137,10681.337410953372,-374.79508516536214,657.6371902485215,-212.1753679367652,665.9977637231863,6.66662788213579,Ketosis
38.44422663270364,66.3020619931922,7912.471178087211,1200.1944767611387,13007.295273949738,-70.15040541205718,-93.79972523972947,175.15458305108012,741.8541731528594,7.551134238235434,Ketosis
38.27708770082432,52.76526012237973,12943.872367763017,2194.3550281377097,10334.97679548365,-51.59371106689417,84.751921967675,-194.13966518965563,736.1307762526535,7.02599599006723,Ketosis
38.21642123328753,65.0441506126653,4871.834077044947,1944.710411389506,6390.455914529703,214.12623544412673,991.6044562305453,-231.67149310261738,682.699425910752,7.308620812734467,Ketosis
38.225471951778175,67.21965810083675,14508.357809488352,203.32126696522437,11141.284433567727,-312.0507683193718,99.11578961148814,-90.8451482132806,667.3101748327755,6.678221726324444,Ketosis
38.67773309811228,64.29253266115923,7087.1436231192565,42.29904289076012,10263.731650649584,483.6194582731713,692.2562412915534,189.4714465842687,698.2147201907898,7.21726890398385,Ketosis
38.39331717103326,64.41324238946605,13569.477590741528,3574.094826748236,12003.738178055219,-297.23846709179566,603.1708319341218,70.43407401588556,670.9429179918247,6.893140879340738,Ketosis
38.083024986720844,75.16617277259567,11064.96407378263,1361.0662082362464,10930.88534850064,436.8969445646133,592.6689380676565,-109.60380935946114,709.951349166487,7.251562660263795,Ketosis
38.29676692904295,85.47604569123325,9879.831379829568,2840.9610122084187,12089.56460211645,428.9302368618222,-98.66486486409235,-99.87007248943416,703.9845795691605,6.915766492804192,Ketosis
38.69031536066901,75.64637992772163,6821.676717792307,2951.915454032297,13620.137301540319,166.4401704539958,913.4701540458749,97.61845550407725,762.1069221253397,7.284471990837083,Ruminal Bloat
38.21951438053468,57.713211802445834,14251.953926918903,2795.051830083789,14370.927224988345,236.42791267191888,847.7831786051134,-56.099591183851466,629.8201580666168,7.337231784936631,Ketosis
38.548765090183494,63.64453619263219,3591.5794529992027,3330.2021152721572,13762.979709185158,414.83817592423065,1124.406341849661,-125.81480880000302,670.9761339676053,7.115788124848018,Ketosis
38.423104630704984,65.68579105474444,4083.0478725405587,3504.9220214681127,5786.434635194168,-105.04120462580232,524.5388451859106,-209.47763928141157,766.9842526801006,7.028022985792417,Ketosis
38.5582183685946,70.35681240285771,12215.403637265823,2798.6033908347554,12973.152076739763,417.36329222898576,-41.85137791051602,-36.454046155371124,687.7194175269179,7.012598037549985,Ketosis
38.49881269709505,73.95709390319975,7712.882977912116,3261.960520111515,12270.867804645828,236.9836462584987,621.7926813894236,-25.046279850439106,698.469083316807,6.837903427571192,Ketosis
38.17399408106407,68.38537315883613,13055.393796062817,844.5387604351097,4954.350553273422,334.432002073047,-80.04011416563367,-157.4958663246273,742.0673644288079,7.081937421324432,Ketosis
38.228800964709436,69.21638606235709,9743.110716234563,1183.4822543156938,8820.38437705107,133.6270425212964,595.6262937970289,-153.07692655660628,721.327497355594,6.98611577879497,Ketosis
38.10442261971145,56.56739705049014,8469.925287435713,3286.1919186181194,9005.287218305375,225.2018935944609,-67.56163957640854,77.19894846235943,639.5412167541022,7.185041671755622,Ketosis
38.016401198179345,73.32358896922815,8375.33465834139,3197.8879547022375,8305.170997787338,57.73409800674522,-68.13787108370093,-14.5196977656129,724.3064036148709,7.131999945435371,Ketosis
38.186334326076434,60.52471457393897,6793.856357484905,1964.8989386996295,11134.09097180237,-367.3446438029424,-12.113425443565234,-127.14857261259479,660.2284045373061,7.423196483448876,Ketosis
38.327894504463515,66.48623031785088,6537.469161378234,1643.7636861343824,12916.571219980844,-234.4373840303307,989.1141217940126,-63.92050777252151,693.1364790020781,6.830633695352026,Ketosis
38.38350453958726,68.40225323886558,11569.112451189654,4262.6852494585155,2856.2762756948023,-16.211311690699148,366.4107551791774,-119.00078013534477,746.2597111439566,6.998024573076027,Ketosis
38.04377256254836,65.91929324662888,7050.846691697854,626.8923593740151,5044.981916029273,344.5100364928258,599.8756440052605,-91.61442122108724,690.6045826526791,6.911562271170699,Ketosis
38.14327377244594,70.23998892290497,6785.970149914316,2924.6855727720626,5421.048623626556,-24.246268023732085,73.31924393118368,238.10219880000426,698.9774908849299,7.068682521254165,Ketosis
38.233693973672665,54.796729784143274,6195.441566140193,3920.550141488321,3848.52611264845,-139.05061147333274,385.0300936084349,-226.86359819739204,787.0688972686323,7.533413315875283,Ketosis
38.189992526604954,50.13654741471272,4714.788523086383,604.4662046026974,5324.208763901133,292.5510157908073,420.2524538712564,-119.48188122397687,693.4653070093268,7.138383116683227,Ketosis
38.098421002490326,75.9456347409243,1769.69888458694,3546.2451062104665,9546.308536318094,321.5912594564379,1276.3799262814339,-137.2328301303869,778.2155069609817,7.495788860077092,Ketosis
38.41028044830927,64.03632043575521,7378.815264711701,2555.7689748784396,9844.115820715793,448.82650578547396,-21.899386358084143,-75.69433069619498,665.7989557210259,7.1424706185454605,Ketosis
38.443382621937836,60.675940060985745,13736.771092198143,1026.9048931795296,5501.046242663878,149.86795984030516,-48.26583817379594,-128.8605148105056,750.4360492654862,6.974901634227109,Ketosis
38.25306555283101,75.4374842099687,2328.3726969199606,3695.734311598615,7652.694518004403,68.50921024258375,635.4073182272358,73.99129666823711,641.0995798159386,6.935798241072714,Ketosis
38.45771830637799,70.71723783480884,3840.961210805125,4414.2868167527195,6703.091837078687,173.8523446727511,198.255619180969,124.06999134580462,608.3612886012571,7.430469080093585,Ketosis
38.45585797772625,72.52435110823649,8710.687578477511,3011.6242221802677,12174.67346551607,-277.5013412933857,148.26193214453576,-40.27586469916106,735.2290276689903,6.715481190950958,Ketosis
38.525764259381226,54.55043552524258,8214.425137352677,2379.2851897090536,4696.532384613173,250.35215405178621,901.4509854823183,-222.22799819745265,725.7319209915349,6.842115763874453,Ketosis
38.000052569558385,71.67294134971631,13488.862800676909,580.3297811338059,14093.867452225595,109.48619971749628,1135.950452484977,-0.8833513340263508,732.3144825802941,7.378178872028915,Ketosis
38.731183915430165,69.06753374979863,5529.586422109347,3822.7270154850553,4722.823647460438,428.1401166137051,1056.3834665532806,34.644139098629516,678.9097821854921,7.008259649720207,Ketosis
37.98743756188828,64.88036300986872,8459.54141663721,1722.8423299774379,8713.459479227482,366.04037028130534,1085.5915416582093,-103.77190849734043,733.4499893313249,6.847655682845053,Ketosis
37.87441319667088,83.22632662016674,11151.692455489792,984.6466652788558,9823.065969232453,164.27590018798,9.45816540182875,-66.30840952888784,746.4856636675065,7.094299321086426,Ketosis
38.45953042277787,69.28343961890734,5921.222804319329,1208.0920750693397,8007.22755933978,468.57431212326117,394.2612679358449,-150.12053973103173,709.5728148767589,7.019567677617947,Ketosis
38.67707680046754,67.58333053829928,10541.752730338769,475.12202396540124,8527.096034231996,-4.441849640832558,162.23609120316712,-121.3086057085487,754.3862641398107,6.906003402035632,Ketosis
38.49958363756294,73.91598124708919,8048.267682494278,605.3608722669223,12577.572643973432,399.94032306394126,837.5263831525026,146.4287613629246,693.6347983551318,6.85768743850003,Ketosis
38.47075090470172,66.50081248054518,11496.435721640752,832.2882193347391,11882.067100660926,334.7228250096307,278.04296993882747,-74.37820316188726,699.0916295263778,7.1220810771520435,Ketosis
38.14601948626853,84.63059134441191,4765.7002290710325,1719.7981278191382,11421.445841710212,306.8221818123845,-149.24964814704128,-242.7390953547486,612.5298907068614,7.383009867188176,Healthy
38.45180648418723,72.93149912188096,10627.857804550797,1279.4007144602813,4307.255291347354,-93.59011855649183,1123.4745111664051,84.77282168992738,709.1569958714313,6.886217709902942,Ketosis
38.35330265697781,68.42868708006503,6885.075724499069,990.8889288419516,11744.645621350377,191.38683774829667,-105.50624729938158,37.29799008887693,688.0801151514938,7.525313406509246,Ketosis
38.39280631205425,69.94643571652965,12516.711164947636,1256.5950421814587,8316.198171851389,303.95959023288594,682.9282062705711,204.5695455222446,780.8334783166265,7.159201256327114,Ketosis
38.444377183252676,60.58793944282728,6559.377587551651,373.8848587801331,14654.805883970383,215.61907605858391,1154.1142657074965,43.77645263928651,680.3926030129135,7.375719986011053,Ketosis
38.496865702386046,63.35031360096451,777.994684965076,793.1283445795575,11466.501813621988,476.96454342196097,1127.3236613068548,-189.1294291193353,713.4206749760901,6.7558763331808995,Ketosis
38.412142270899004,75.60510166536844,8373.848916145394,2497.444073775878,5736.781705638668,48.30628455587309,-67.28370797233208,-90.46459470910133,758.6907152171191,7.067405062898599,Ketosis
38.289738326979,68.7745084335192,13538.313033104687,1425.7738861708983,10898.755716527929,418.3353559514346,1087.3736303617013,-56.41034102019823,690.3519692395962,7.02571328690536,Ketosis
37.99013297061942,71.92655073640141,3374.957842964366,1062.4767513859051,12605.34922608664,-142.0349794832951,-100.15536105587057,141.41495559435228,559.6355696999636,6.942279265394254,Ketosis
38.45614851748548,62.539686094462574,1613.701010474405,3077.4271805912767,11294.495360789444,62.76923896055279,715.7755250051835,-216.3861369247129,674.2712406588164,7.175316181205398,Ketosis
38.428525884253425,66.70763690361078,6313.288450511187,2980.5788958169906,13283.110008309199,249.77657060939794,26.73773923673059,56.982856681631084,687.0723726238787,7.143126018662392,Ketosis
38.08067604534759,75.23727570939245,5155.755041688435,3028.313124373358,10176.346366804646,-24.24709183841844,-6.21166706172005,-107.33594730458415,698.2117941080251,7.407181232890132,Ketosis
38.72868955750082,71.4704125873603,10664.585784986448,2142.125859595886,13016.301249213258,38.88749158646915,-125.37311065960216,-221.2569847072361,761.6984166921991,7.299467121169247,Ketosis
38.59027928966802,69.23272694793175,2653.2196899393703,3529.231991022893,6831.5160628065005,12.463637542023747,1226.271731013632,-228.4641230777433,776.8781960515605,6.973576101623926,Ketosis
38.26264757843721,68.087155273224,4225.855688002497,1607.3505096467852,6152.71971370429,355.07867540319637,1159.449407110178,-171.9836859076892,681.9650346432862,7.230197239325564,Ketosis
38.068654029570915,49.44353804503682,7265.506420722903,1649.7847142023747,4409.999387796479,474.78040962484556,580.0016479258029,-149.11534692382435,715.7504609264079,6.846434072821686,Ketosis
38.216011237296385,56.26419212549483,12432.21228666852,1302.7763922635731,11951.38472536569,194.33828384799773,1038.0704674439335,163.24132151550663,644.1684912307837,7.796880896453404,Healthy
38.37716849081594,63.561139409445815,14036.034256399931,4243.950034106161,4062.3120608260106,358.2864933078856,-191.70912300057284,65.7722993158107,708.4807986625365,7.079499399473519,Ketosis
38.27907521847856,68.432038311959,12695.307186259313,232.80649961696463,12474.808845879226,185.00332004096884,69.91471999754555,154.77208408733685,634.2367540753165,6.98616863010024,Ketosis
38.24978210039726,71.76497811279742,12424.707876000848,985.9222851734683,14941.179058297992,314.64875235096406,550.3783666714739,-184.7863191198596,683.7103804140559,7.509925356914248,Ketosis
38.10200377280921,75.81068621878143,10791.69847576183,1360.4516817668682,5393.410693558406,356.10778160032885,997.7886382534039,137.9931366041863,775.8934401512827,7.13551894002333,Ketosis
38.10784808295928,65.9935355602627,12438.729937936181,4704.024746722365,11685.096394325152,70.88069247998808,565.3659014790967,63.9481419823853,738.0859137240053,7.179418512570463,Ketosis
38.39198287945015,62.73967745737978,7427.641329848218,1079.8542946574319,3844.338052980489,5.484468697890776,457.1703873244758,-75.27508026383529,754.6770687438091,7.123045258554599,Ketosis
38.592436789354366,72.36919287468197,13710.231848473431,3167.2397916197615,11831.06223970654,296.8829394658767,-68.96843301296553,208.39976211609718,781.133351027764,7.2085816049577165,Ketosis
38.2833759959414,68.05578886689999,5565.192315160438,123.07528500629542,8423.367777976251,-135.248906828778,124.30033011818921,-99.1175217961862,679.1980136638465,6.919249929633363,Ketosis
38.32127945796983,56.46250828831653,5116.491898844959,4545.616610673891,14575.099531086573,-400.6124308113797,1194.0450642849735,-22.765635653503878,669.515510599208,7.283699322931083,Ketosis
38.29912964787916,73.59752853130375,6756.450709901568,22.914037319535964,10294.67465334553,-92.87641759429167,1113.566022840361,-193.8819969620806,636.669775942468,6.998621947827118,Ketosis
38.07714181031344,72.63604283870487,6703.944734495117,1272.2191300144768,7733.087302071415,490.6884478389015,787.2916884392041,47.352544668728164,593.1761389361253,7.436990951888519,Ketosis
38.0432316819936,64.91138088540282,2621.1592790871173,218.65211952951722,12321.434202874187,338.71248530717713,-82.59030352925026,-132.63356375493726,748.2399633704867,7.427493796641008,Ketosis
38.27472317979455,72.37484121259067,4385.342644523038,3765.810238676405,13490.80607342958,447.7250631428403,650.7023023144727,-41.880896866916515,626.3304938909696,6.785533205123708,Ketosis
38.35765135596282,72.61673801237768,8156.410324451309,3677.3630811820076,4962.405285039758,-292.7362171193977,104.05404678262596,-134.49688641428568,758.4683150691804,7.294080847775336,Ketosis
38.437771722594654,72.30994821929086,1740.4551020581612,4820.6996793992475,11544.846956737167,-30.618654436949754,910.1265713916405,-119.9756396481684,730.9728193861001,6.778247269809597,Ketosis
40.22635471229869,100.06356575903959,5957.61812582494,770.0933577682642,5655.570992237986,237.77204209424428,-99.42482068114214,-132.99797500225498,292.57461562573053,8.014269859024202,Mastitis
39.90643800835911,94.26011457564488,12649.278625583618,109.4996118848444,5076.5852966903585,384.7149613968851,967.0515445315186,234.1612950859337,253.79486731362837,8.07241607278566,Mastitis
40.128591282333296,109.95184247671068,14441.255067787304,3240.281590591868,12175.569903933518,116.4205990403081,-149.65552781284725,214.30595672942334,318.600261560215,7.664456312013,Mastitis
40.09148132967366,102.35972508265735,6318.0127350408575,580.3772981878324,13430.301136171878,194.51135205904782,1030.717158976615,-114.03319739496244,318.2550483382772,7.927461722954931,Mastitis
39.8744819133897,99.32493854998359,10807.020098055043,2248.9337066747003,6686.123708024927,238.2539131846613,1017.6737182955169,28.767294458422935,286.7326638228256,8.27268059796419,Mastitis
39.90373775926874,88.87550845648542,13107.540855949579,3324.2497680412903,6266.807033014333,-444.13852242697163,969.6232080906082,-53.45711952084009,333.52408508828955,8.234583043555595,Mastitis
40.13690525515778,106.8962205229465,3936.20071758651,4298.31055756546,7152.560637884003,-299.6192413397798,-124.86026422572206,221.17793585658322,328.7538346300235,8.024050255441086,Mastitis
39.98292342448081,103.63716631445573,4811.363596204672,637.2115973228451,14152.404403569406,387.1287486960505,122.21868951561225,100.21774313168162,383.1178512136419,8.409905708579272,Mastitis
39.99135003259841,78.82798940045296,9132.934887303869,3390.7349484485394,9549.548302215622,-161.02335550503673,347.3926974254524,164.37023593868213,329.7634823530001,7.963250387325186,Mastitis
39.825046413947206,104.5799189822897,2051.6639088049824,4598.632494580208,11517.136989405262,-116.59034507771105,360.63869765979086,-224.94480545328364,351.4082328042324,8.06982920528606,Mastitis
39.91563681587517,97.9222461928725,6430.196628470691,2286.420225994634,14023.641045967332,-259.3883586037932,577.4682829977439,185.49557620604585,309.56667564695454,8.261351551993997,Mastitis
40.10772303925876,90.56726842556219,8547.22751661156,210.55614296967315,8357.531793910854,-339.19843178177484,746.7443881666012,-232.8874978500613,327.66316040958964,8.094067888809816,Mastitis
39.61042785315916,102.77264488770678,13945.471772718904,4245.256666962734,14708.874752615355,-357.51272768023205,-110.89970116633947,-215.30468364216122,292.0262068362286,7.935440419379221,Mastitis
40.24312770098538,109.10060688666694,6211.480297376975,4299.7106157696035,6198.956450889858,450.12847290511263,1158.4858870774458,-172.7690545361459,270.714916858198,7.73540141031994,Mastitis
40.0910390360141,98.40754933927047,3805.049402146119,2584.665529511362,5240.227701738997,-34.705973855247194,-232.31281646696812,-241.82740606261146,316.2110631890754,7.954921010461806,Mastitis
40.07238129360102,91.73589019484832,6829.72938550976,4196.538324660751,13060.838683483067,40.39690220661487,782.5758425185365,221.30896921521722,306.0732398216941,7.768229868454908,Mastitis
39.81697035087844,98.26006265585991,10103.722629735592,1888.4845235445252,6732.467626141642,486.69172525700264,933.1848072188808,105.98956944158708,412.96862017067906,7.8754142254369714,Mastitis
39.92519398166054,94.32565398849559,12536.371454738908,2265.389921205851,13198.107689790251,430.126831854838,1091.9911953075944,-8.420507139123902,312.61633630383983,8.33065190460801,Mastitis
40.244903272267,102.34862516313135,12137.487976992697,85.10698438245527,14117.869127669368,-233.22841489165884,803.7903132345446,-242.01841752296636,356.25803725225086,8.418110732722266,Mastitis
40.685647928559995,98.0359082738131,7922.44208617168,3096.816325240075,5819.3005586018335,-239.6715175863268,804.0417459572623,-22.264620262443053,329.8663538413129,8.074936003421357,Mastitis
40.38570064934773,86.28433332558508,3534.6609009148606,3377.1203047828467,11470.426397313004,308.9689282424532,619.0107253999885,159.4440220160978,195.35273006525716,8.424384553092983,Mastitis
39.86796837098082,100.76746961027246,11120.771249864572,192.35780303478168,5315.243907510317,405.48754559503834,1271.2472917026168,-86.4342010077689,345.297936451227,8.03536714009635,Mastitis
40.12212442634428,97.14927245453431,5192.689752853081,2530.8949566546635,7832.885146286617,475.50338263631386,-19.13969235118975,206.6078102596314,358.9811812918323,8.231906144896378,Mastitis
40.18482642583103,93.44644773847529,9689.268818073726,2722.907628162462,9357.576338521236,-326.3443575054981,-125.91319858125235,156.8586241923671,266.569108387906,8.23901902524281,Mastitis
39.6959086177614,115.10844479711209,4835.3183733968,3182.7066140376937,6507.351040903341,136.4809192897404,-179.38356439776533,-4.976549138866221,332.50909851462643,8.017781776519477,Mastitis
39.90340064408438,93.83114595223275,11505.369630923426,1490.933201777489,3339.5172198200744,292.7600966868455,675.791176541309,-4.491382527388991,288.1861284366548,8.087571931945977,Mastitis
40.04652753953851,89.54408908681538,5135.407402763254,1024.0108682244918,5662.455097869302,-252.52172509956344,295.62849648919973,-195.9637302768326,315.97301393075975,8.183280766591206,Mastitis
39.90185432691382,86.5410006375612,13566.655073030832,1470.7430125133014,5228.270626972638,-29.81406550628859,631.5566079822792,164.97633764845676,386.8292620595476,8.053491399256163,Mastitis
40.10683362757193,98.715691956094,11514.188912463836,2935.696687177879,3782.982751350476,109.64657482861023,373.31309670285907,-165.15838834785706,343.23966536444595,8.222668699244005,Mastitis
40.22653157720361,106.42202911607764,3992.402396350294,4455.9693162882295,4622.511095565507,-153.72077539907175,585.3352170343409,-87.35920060715868,299.085196952658,8.260397364325359,Mastitis
40.02991024640968,108.72677193007786,1688.8009667062142,4583.113156823067,14963.919054431937,72.75604814091213,1353.2950869587617,-63.50670912106634,237.24696126540636,7.465210482044659,Mastitis
39.78430223889827,107.16915883269446,4023.242109652958,544.2613165979694,11258.453045188116,136.26725816991416,727.8899578892654,-196.36020692332318,313.4576470734038,8.176331512683523,Mastitis
40.05713912270878,105.6660010710915,3137.1001505906206,749.2428797951832,6433.497021342098,-135.6371612055099,543.9069822452161,-35.32660432762059,345.18160088286936,7.976911953579798,Mastitis
39.989758347449275,87.25379300395278,13014.640258480647,3401.9229987225362,3166.2067392754625,330.27519520118864,845.6591937173238,-30.223778609532935,327.44106953420976,8.062296731144437,Mastitis
40.29275379594311,97.14884370374313,6274.438302995791,995.1105756378217,5671.390164202809,-288.59339481852766,1001.3734520263661,18.815381665509676,367.5330872696412,8.072583950490193,Mastitis
40.44510501955036,93.85872929016595,7842.277043539027,4525.295639279514,6488.906908477934,-155.97480167399317,379.8502526937623,72.15104596891874,331.5820778766363,8.199181701242741,Mastitis
40.46357758032727,94.22259052348075,4357.878532918767,4625.313936494007,13235.866796280601,-239.6251650246353,1192.7509813282454,54.13763272859812,372.92926618248754,8.04070454451442,Mastitis
39.85026156530667,96.30230938824137,14050.653892906277,41.89636697888818,11411.678910256302,9.637006619511274,-40.313604749415504,100.40786864847713,351.1442057810153,8.416798830806187,Mastitis
39.83879298418706,114.87644602192503,1576.358989853219,814.5299105863685,5306.100130247782,139.39668561994418,-140.519860235578,-3.0731930048973513,302.7839662890825,8.357389652292142,Mastitis
40.33914020314196,108.46683031572292,13653.21027765519,3804.632629935033,8521.406940023162,328.33816272490503,-238.6239291694584,48.486034561780826,312.8379590679783,8.07213776496189,Mastitis
40.038463010371515,96.17669725001588,8589.49711617699,4063.3109134907872,3347.3742942753915,200.60893791558868,875.8945459444637,100.4797502095126,303.3517873119954,7.870079998150155,Mastitis
40.106762274651174,100.51612797015045,1776.0947592838738,3360.129812219534,5702.482415277012,74.85377037256819,1120.161505929595,169.18049743622552,368.946680111997,7.839505612761432,Mastitis
40.07273322480501,96.00227393607706,12117.781465874667,1312.4169988113063,7172.269160658305,246.97038166902112,703.0249522342608,107.74219931944124,295.856358544858,8.31158137206521,Mastitis
39.89125640129803,97.0428055283504,7872.990530730486,3423.061321947352,13632.278855530987,157.80360607585422,-117.11266895648112,-9.709812679335833,401.4790469077813,8.178633182824887,Mastitis
39.49664952800445,87.337818177808,3306.6209076909163,2304.1085277168777,5587.860007786106,-96.00481380964906,544.8912672805777,217.4744846444512,305.4108094884369,8.26249412977446,Mastitis
39.827429883051785,86.76960770305834,2053.3089155510934,917.6382477805437,7829.469030831509,403.2817764344271,146.3616822932122,-137.84708970963024,259.118195380413,8.260493697754875,Mastitis
40.023152019203714,93.09343444934092,7837.314695067486,2241.228013805936,4709.084292367589,-310.80145448574217,1147.8917744896207,32.52813842042909,263.9747539059258,8.166071105304367,Mastitis
39.883286916265114,102.0073318768452,11400.47734467156,563.8484778696729,9309.162189815448,-235.59587248685372,642.8609208046383,93.85386075960498,254.54556519164845,8.032231276538552,Mastitis
39.81612523912156,102.32633305014066,8025.756633319699,720.4263379184522,4081.620109161535,219.39944879128396,310.27428012034625,-189.70712177946214,345.48463254993266,8.179912118339558,Mastitis
39.797553898902066,96.30008435415877,4737.255890906925,4300.828150252779,7565.648497608643,-108.83865767473824,227.58038207677777,187.0146309814501,328.8635480492179,7.972107880086835,Mastitis
39.68986372795969,104.623543884931,2617.8229450240215,1557.1182792471998,4861.766909865621,133.9185605125657,623.9911560727949,48.39291711541542,305.76507786584676,8.019542591411437,Mastitis
40.39510211360518,104.89119024512519,10036.841899551664,2363.623940796332,5908.097351745069,103.45330789004277,414.90254759647854,-189.35989394080158,276.5247634223979,8.197897058286603,Mastitis
39.82564829922896,94.19239568679633,14172.041374609458,3943.5054948828792,7009.630427572245,-208.54013010845352,537.2457376977445,51.563759457755395,249.5042800735875,8.050404603457011,Mastitis
40.12874959834667,97.06034414185807,12609.136267843984,2995.8550097319685,14701.289486019949,111.58009943403374,279.41736448432357,-180.51861449058293,315.1266578237694,7.9963465636353135,Mastitis
40.618074716382985,101.88850132637056,10479.466302179131,3694.9556904667625,11950.557178231873,107.87495246441742,804.3669038573119,-181.77090113592504,329.28101363796424,8.419392737073071,Mastitis
39.60371681537818,106.04120785221457,7592.145501314397,350.61426884083676,10173.662223875028,234.66787890958017,-10.082048732176077,29.84091336899367,349.8168475819127,8.00424465128162,Mastitis
40.440616021875776,100.12190442256446,3522.769575705259,1936.2505757139545,8585.401340319188,39.3953166743936,-24.62703950196601,118.09664233917209,326.960613132718,8.066812862210588,Mastitis
39.97529621790333,98.4462991876663,9566.470574868967,2844.3692414609327,4840.28219194136,-426.2895603911911,1320.4597513429167,-28.839056651249617,364.9370287208229,8.101266052437783,Mastitis
39.67913344004213,113.90936284206236,11165.333000775758,825.432948531198,8089.161353072851,-269.0761233957352,542.0471917993456,-110.52033722356576,248.7225121849245,8.2984706456312,Mastitis
40.1875652900712,112.50694049598191,8546.671096344891,4132.150634590802,8424.57822208641,-344.4920699905505,9.873281180355093,9.744008109451645,399.03023056594714,8.154218325968138,Mastitis
39.83783392918734,101.68337116819274,9563.572244576759,3157.8274732163345,7182.672215882392,-71.52802745602582,1140.9862615501206,-235.4973335257197,354.4400377592543,7.994061269828542,Mastitis
40.14692499228751,89.74330023863335,9906.690547189519,948.0031511507912,3459.7096097657704,-97.65291080376558,1296.5261976455251,48.112035355832816,300.912538379921,7.905834463307677,Mastitis
39.873572546380565,112.80847334657096,5254.5038841017995,118.76722328807045,10291.22659285838,260.9521355096442,594.1565632508459,-34.01409505878137,347.19113779419166,8.098163621827391,Mastitis
40.21472388368325,87.9441539417369,12946.73344636217,992.1043433975385,9065.457985861762,350.1153691235813,1207.6850772474372,-48.281891620020794,385.3358262689426,8.18552939516119,Mastitis
39.95282698122364,99.34482323226787,4944.563455742309,354.6745495696914,6320.325490601546,427.7312833045446,-188.16584284981548,78.2923850412083,320.12078680332337,8.399288682188171,Mastitis
39.982850202338945,88.74994200478292,10626.246989042907,2689.050245960253,11703.210911702432,-324.6407320589498,1206.964615626904,22.99831131027776,277.00573537332815,7.7300706544881175,Mastitis
40.14507416153901,101.4797827706902,1673.8692912947463,2543.81955441097,11667.631705514128,254.22520072533388,672.932753885299,86.03084897762822,323.2852740496441,8.160892334684927,Mastitis
40.38123281932856,103.46548616195858,5722.24462988025,2989.012536325537,11640.458349281127,236.62416382510887,535.4177776549958,-141.1113183100986,267.05372851083365,8.344577851551408,Mastitis
39.79638681222731,100.59192004034857,12115.11751190988,844.2426519490537,5620.9851441555875,-31.096602027059166,827.6114045563043,162.92856888214877,294.3926179897192,8.019130158542495,Mastitis
39.70383289282933,105.99348351821524,14099.420860898763,4420.3512665628605,9601.380609489073,-413.6605315690825,733.2839368811232,88.77519952473436,335.6205373710862,8.020283119301979,Mastitis
40.170802417913876,99.788677575109,7519.609230105647,2293.6628520827658,14345.84296614767,223.8416872216893,-235.7409977023102,-102.84268591256043,366.23294982104017,8.06591245792027,Mastitis
39.87240693794204,89.74403613466544,11463.60246922711,2830.656468322478,4532.690404470251,-193.5084207243447,934.8393728650576,193.3043074791539,328.3579244125075,8.051098321606986,Mastitis
39.49427635823985,100.21528358697385,9049.801748600723,1916.9100240107462,4211.058446181837,-165.74014663605624,875.3108070931132,12.457916794985056,244.51195333744184,8.269920881328458,Mastitis
39.96910774658785,99.3962413972786,7294.8344371323565,4412.130379939693,6563.191711938732,-162.7520206592185,1191.412013589859,-239.33750240411877,359.38600154783325,8.16829121155603,Mastitis
40.241763300058516,98.48715366267609,14689.312004088064,1361.9560220614203,13528.029405543164,219.60925590918504,617.743575576915,-57.29388441579556,300.0798847448678,8.302830937445748,Mastitis
40.35533902928798,111.49508373089118,13537.030605597474,1979.7152571472561,10350.922442599365,-443.06949179625076,343.36823895550845,-208.44271415048732,226.078979302013,8.33169691006141,Mastitis
40.02632416565874,109.24568915524027,5083.3306057760365,4058.3694329792197,4893.176694950858,193.5502271208895,1202.721549972311,205.83620462135485,324.9514824688756,8.417593308363237,Mastitis
40.15298311260588,102.07673919311534,6790.1139117945995,2205.058986859764,3593.744772970008,314.21680899416424,1151.0417479928012,-41.823334245474015,344.24196010161825,7.903236899828948,Mastitis
39.917368927544494,103.09289635418784,13136.120485123387,3670.4808552710606,8815.656723312823,314.13491821484814,-150.24169790092708,26.243954870032407,361.86791408945646,7.846102563236605,Mastitis
40.089764025282165,107.45147362239481,6472.23189314741,3734.9046107342215,6972.21160652435,-231.3856816162169,344.1210914769756,-222.39736019631286,329.1260178517631,8.090966825462216,Mastitis
40.16710318849079,87.50929580639364,10847.460912917984,52.831659528564614,4350.185553221055,-184.81830044480623,1178.4833994954206,-70.6308122739123,268.4616089782323,8.511055625351903,Mastitis
39.818862221786134,95.62057631716884,14704.014974895026,1712.083885025164,11235.604569068939,-229.2474331244999,916.1815802764311,-75.98200031426582,310.8551528665507,8.011695648339177,Mastitis
40.00881428796236,95.94349739113173,7630.678351155558,1151.0364387400707,5467.278276940847,72.14157402329671,36.869752798790046,195.1136865832842,274.71023391773076,8.367197974184144,Mastitis
39.9111877155719,112.16322251766906,11985.833826516659,319.4279989582574,12618.162101292422,77.7444762331978,-25.535048955579214,13.196519086987621,353.64128858506274,8.206926827325637,Mastitis
40.05434545561467,100.48924733139117,5505.782407506844,3592.7168244140375,7842.7801941013495,-128.65811337713606,45.53500252115623,182.29082510482402,346.12975447082385,8.260044402229276,Mastitis
40.21527354124019,97.01369114946138,1915.9959130957477,708.9808967191211,13698.176721736814,354.56542515781734,594.8473971866929,93.76037618023504,385.2756939923293,8.151335748380866,Mastitis
39.9373260234811,104.768175890885,4356.352691114747,2742.564219054242,12980.478349509904,-368.0787392445315,934.2425007369975,-64.83960845249634,360.1050326846132,8.306967365407338,Mastitis
40.35080372648252,102.10489850519579,4004.3335106879877,4367.159023400532,6130.7864797514885,-40.91653709290365,121.24715505347774,-112.99971663870933,270.9965543407993,8.060842944450247,Mastitis
39.99578151250474,109.99980243086023,14806.8553482246,4022.8613039670245,11120.683848653385,-259.3559347337952,-68.36611050932072,202.4794019576014,260.7356093346226,7.795015453002266,Mastitis
39.81882435369466,105.07398023415479,10950.950665426428,203.78985331873946,5108.216391445012,-116.96796431382705,747.7325263068335,209.87342202885773,320.05900249524586,8.053621112036094,Mastitis
40.05505658146817,92.1084933809348,12708.78888741365,799.8850033824215,7401.498994714383,-53.7321871611436,788.8905536401138,-165.4757344606414,350.2452081300578,8.143619274384518,Mastitis
40.59695446362934,109.9324482430841,5432.9397957702495,2081.2274229884315,11965.349456199194,-329.29503519723517,-74.67201678086201,141.40888466704277,345.81910993596387,8.4701874658084,Mastitis
40.2145381250218,97.89255988165131,6607.940805348751,817.7068915698637,12360.49015978129,-165.98801525604273,399.23171517501817,-243.6904023919705,319.247213638636,8.058774814779497,Mastitis
40.148048676761036,96.09101036969625,6527.119943962259,839.952326737774,10280.899999356196,473.7857651988635,20.532299090040965,-165.96084868365583,261.5120271825542,7.766865077937095,Mastitis
39.98244914932966,105.49381417224892,12693.741261120973,2791.7509410834446,11049.407979787993,-368.5977142718319,709.2927314869221,94.96274986853128,298.10574886967663,7.979454491805155,Mastitis
39.62118443827319,103.26765717612315,4703.036685889635,206.76624010855812,12211.114420413394,179.55266902888192,-142.43006907418555,-221.3263864900862,326.8332536538279,8.296476150153634,Mastitis
40.10280139052929,91.53642096844447,10761.207481024336,1234.6950497792968,9680.129300396315,467.3660436365727,852.1272630263506,96.79588777317987,331.71540333614485,8.20930604564579,Mastitis
39.75395979808341,101.48208387896996,9018.8005595912,1953.159428839109,8947.122992306038,-142.37863355799087,302.87749687315556,-55.37225376566983,275.0257417481549,8.219173218073841,Mastitis
39.98414981532686,95.10805993275159,9641.2358575879,294.81770698741457,4257.2448568140535,314.7350788637474,718.3070855001127,80.64392880846995,333.15317708908645,8.070842537228406,Mastitis
40.06403730961804,93.69084348315596,9634.282635699245,2482.8489769482553,11828.82603068808,274.9321787739868,292.4775448134866,-110.63303738682858,264.2303745393583,8.215882923995693,Mastitis
40.13245636623252,96.85564223282654,14362.55784088399,2766.082217467996,6582.637003698852,291.0339779373601,621.614375098163,219.07115211899279,319.0762369217234,8.090367950839205,Mastitis
40.00436831851868,100.58210119489867,8415.340235441905,2432.8701182237205,13384.378142658099,-147.0470732003979,152.78695941871263,163.58414349697597,340.7829572557543,8.417339353372395,Mastitis
39.816838128957805,95.39034307384941,6011.382743384028,2833.463733834852,11842.653279354454,62.69215727079043,457.98819185550815,71.63683569019564,282.31161027547046,7.9700145796551825,Mastitis
40.55956744270603,96.28921847749406,9108.39741796328,1224.4371176937939,9612.516855791986,210.96876412924055,1206.5306952014294,140.4698005376737,343.6867973243292,7.681396549327314,Mastitis
40.33087039298172,102.84524156166457,13294.664064296581,4534.073830356412,13946.709448289173,15.410598597581718,519.3085070357506,230.02104656958747,273.798386472046,7.950112598077747,Mastitis
40.21356284733793,63.87335432566745,7137.389714814988,270.8585555292484,3899.9817223521322,383.7385383786641,1114.3855688501217,117.37189902326108,449.1155782398298,8.1071896678356,Ruminal Bloat
40.13512081122361,111.87488164629885,7792.849220310904,3368.301534749614,4840.433691224946,280.5742163296602,702.4648176105538,10.156854461936351,333.4694343953892,8.654260376839288,Mastitis
39.71176379736241,96.64382481998797,14635.928784682168,4094.5962118214306,12812.10795580256,-222.5292267075703,816.023597672246,-197.3725490930168,406.80280064428297,8.220735161099032,Mastitis
40.53781510798523,101.65357016245919,4183.076542083332,626.875162089988,14847.262545440026,-0.2764615992584609,676.4441535982105,127.09686272318923,374.11557120440693,8.393844316712574,Mastitis
40.21280734801959,91.18240801256346,6208.115948602838,4639.489912734513,3606.859015858843,-203.97500555102786,43.62225513103965,102.92682047700428,302.98770916996864,8.354653283282671,Mastitis
40.31783208077333,102.6661144398586,6914.237701497855,748.791697941123,12831.617951091837,-226.8358844163311,1136.390461734141,-205.15768619900183,345.5738131281429,8.027514075853084,Mastitis
40.39368347398841,93.14129014131049,2474.9333304132333,2492.9112719430314,5810.608300512449,-254.74979340352124,995.606093743333,23.26464529382769,339.41842058764223,8.024591024922952,Mastitis
39.927703186471945,108.88533714139047,11545.669687061038,4489.583398360032,10414.11097679409,56.105984310092,-189.4955595728162,179.4875087296716,325.59974280104524,8.36005128479481,Mastitis
40.37778743463206,103.60982799807176,6533.030111836606,3478.556963469672,8688.620464591739,-398.29310364567084,1165.4791507965078,176.50888891901926,282.700017926227,7.725873618550739,Mastitis
40.19351624284629,111.75713994019472,13555.396500898707,499.34799786662916,3173.679130611624,-60.20418803173017,-5.582586642276851,-55.4994221576115,280.14594853675226,8.031338891187811,Mastitis
40.02951924614887,103.56190633891399,13053.686624186226,2404.2606859633206,5227.385417840122,322.422095945011,1313.3099709270678,-74.6629453817886,275.7149374951772,8.274677868747435,Mastitis
40.14172427738361,115.10844479711209,8626.850410799816,4207.129032981289,5087.453532581721,31.829177788520475,704.4251531886637,175.1284452280582,304.71405804171286,8.363101500870258,Mastitis
40.14261428366847,109.68578776701729,9225.441598766967,1915.1346342834574,13272.64829318625,-381.4029245642489,278.81642056902876,-16.559860990680416,351.2923595371968,8.066788194698294,Mastitis
40.10772840886605,97.51822779227298,8594.459061699636,770.9502249709551,5996.121725395284,-57.76790758301074,859.6994935931426,200.64956724398823,312.6770437217025,7.877192811866725,Mastitis
40.198257089791696,104.40906291736587,14680.592076121811,4251.767318741761,11667.244072247942,72.11668724925029,1117.624853931439,156.10182299411085,229.7776869789938,7.954831114378381,Mastitis
40.20518300030113,108.72516013586588,10696.924897019355,1748.7231271135884,14379.89562012747,236.98029952406884,1285.5677431554586,219.86935812767936,351.47559761567373,8.166743455084468,Mastitis
39.70025685495249,107.8018934407084,14149.673511832898,2772.876384962406,8400.015864858224,-367.26804530726474,423.7185180434068,182.4277970997346,346.45349551612054,8.18234541133375,Mastitis
40.35873961703507,105.28714031441953,10150.075425412258,752.3071132112218,10638.0029523565,-320.8826817235748,55.08646497955442,80.46149215993842,414.578662341625,7.978875607556961,Mastitis
40.483869655004746,104.25899079957205,10849.746292085287,3408.7101691963435,8055.417467507194,314.73146334857,-30.53018888900567,-141.25396542942232,282.4246834652019,8.154846058283638,Mastitis
40.0033872043933,100.44212953669762,5374.460977882052,993.902539889079,5876.387100554258,488.7504440283346,350.9098738653241,-66.13231949389527,292.444912379337,8.261298472106724,Mastitis
40.01479251608854,92.95107776556307,14230.68764336726,1757.6047074795931,8748.552116046767,233.69566796021707,885.2562245226934,-53.79666531477159,353.858549765505,7.8878851987485765,Mastitis
39.958044321616704,104.79008277931382,6615.684683947497,4389.760327976795,6816.758989550242,320.6265282750798,1245.2083765398029,164.4021452303971,350.2006761777985,8.28784164883364,Mastitis
40.127116627045446,108.1142662752068,5878.274264845593,569.0806149481591,9453.577563330162,-48.47443627535435,-101.25080258198079,19.069669556134457,394.53011765081453,8.091703896639963,Mastitis
40.17371198020469,97.10901193142715,12829.236186734252,3104.5194877197036,12940.740717707387,-79.06339659191026,517.6046788032202,-100.51063535603086,306.48566809920277,7.980942896985006,Mastitis
40.09657809276005,92.01567505404543,5499.619007219195,1329.9281126561839,13679.799407196511,206.67885966101804,1047.7295519474526,-137.46994707884414,275.5360990212248,7.9938103626242345,Mastitis
40.090352081971325,103.9672214133036,4582.602408781011,2145.319491094254,11857.819869353454,-425.9778834381203,-228.85180744338606,-16.585675212417446,326.68049109357844,8.095782989295545,Mastitis
40.15227307371315,98.55557678530225,4494.449715586745,1907.2629401000006,14612.137917272,433.28778576845866,739.2477783660336,37.719598704000724,365.19775693485246,8.073865111911452,Mastitis
39.82087464867667,97.82378005138338,5185.307494065315,3460.019441390965,12546.056556177089,236.55723507448434,692.8306956752481,-63.43866081994658,310.328677746474,8.601262368519034,Mastitis
39.996749859376884,107.88043932078592,8292.427920449225,4143.181849124261,11146.611480362093,181.35120465571467,839.1310401485787,-120.74375687495213,294.17292415598365,7.875677258385797,Mastitis
40.115964578208576,90.34564921252209,5281.745242067866,3918.002334385033,12488.926845422506,433.9378626269754,542.172584012916,130.8807747122405,250.53570021997328,7.871488920615612,Mastitis
40.01974676965977,101.37958767438468,4401.051006676833,402.07270101013387,7950.7345898770245,202.7496337593705,1044.9110500610727,-242.72442665600417,317.74670530031403,7.922644470475852,Mastitis
40.46737826734171,98.49997907301992,7913.268239274607,4725.739773709345,3703.212297742687,405.1461809011597,-138.56454097363235,-234.45787814224846,342.57849049993183,7.816284823130079,Mastitis
40.04536223527646,79.5596406118385,3997.731624158564,1979.029902494344,4265.524770006059,226.5467970945842,-184.72156404424697,-182.39234041312395,288.73189949206244,8.036896464161188,Mastitis
40.17264859339168,92.66360211761062,11930.087983302692,4697.499593020135,9986.156699296587,176.99759875347112,828.2577635146579,-218.75532879001955,326.714223666878,8.21698109767474,Mastitis
40.11042196707418,90.08085646222426,3439.499657023085,2421.971408406882,3678.516229136876,433.7255978246477,598.1886336756775,55.568913470894884,325.0570891792256,7.7512231239478755,Mastitis
40.29703616535487,111.518418527755,6328.080931423694,445.55303507671715,5573.164352534974,-383.31309500867195,680.936337931945,31.19327239950294,354.4247517114697,8.048868725956263,Mastitis
40.18535864887419,110.08584461901299,8938.70326832272,413.50035035774,6551.045186952538,419.1522336457997,785.7212401230618,87.74343533153402,309.3873284033321,8.115807343512039,Mastitis
40.05940894233756,104.46159206219302,2121.235136695883,3612.003572751731,7820.415959104437,160.6417734581445,-218.72499095351225,160.69764105009224,282.0325187740311,8.32909629213944,Mastitis
40.052242671791156,109.42355693329988,8159.543383414211,1193.2434901942252,13090.34315739188,-214.36796824896763,510.6635738695024,-175.38459370721708,353.7800065095677,8.075387605742959,Mastitis
40.10554437925011,84.742541393637,13777.311019805189,3326.047384298866,3592.57662070057,-33.38827382188168,81.6305188287239,206.76573054921838,318.0942870515689,8.262427337720961,Mastitis
39.8264436898999,100.5181263681077,13203.916189553369,2815.6793707966167,12824.879915559159,-19.391886989638657,759.1694613005034,-224.173702398887,291.0487457292445,8.082684687650993,Mastitis
39.79773160491921,96.77644783503172,6925.762216770592,3814.4188262368098,7922.385584409823,-28.751880155778753,401.18572082701803,158.43294173938193,305.6628365754892,8.0450624169825,Mastitis
40.471673299071924,87.6930885418972,10306.960181724597,3752.693767268122,12954.236402299272,-258.3994816806328,1183.5644233331575,-208.37863478608315,332.9462631004765,8.355867948330278,Mastitis
39.829565424203,108.78755299926252,8155.019169015457,3035.2538636223094,11836.627399601872,143.65184489469218,827.2327166893917,-50.19066316651056,330.7822233145824,7.658491190823979,Mastitis
40.14985562089005,90.59444704953313,2590.3656013177915,1244.61190764804,8205.840419130709,-279.1194085049966,817.233373953281,-67.71475438753828,263.6749354032699,8.370523833529559,Mastitis
40.37977433471505,103.50983040964127,8581.544136563458,752.2597655314194,5915.932672465217,458.2886266356899,-212.43940101355315,128.0199666800705,350.41272511493867,8.351535720665,Mastitis
40.12790626767819,105.97552000719355,8157.197525633339,4760.114360060767,6571.528653855054,-335.0926173126395,573.7077934894558,75.60119186438791,337.2997526888669,7.79593408926388,Mastitis
40.14381615259882,95.7075247366636,1437.744471374238,2337.933198753975,10814.618820065543,-434.0280478302462,-123.12099086299702,69.85843167473587,312.4493093453515,8.144402898455006,Mastitis
39.99090847148763,109.7680236415493,3821.061746468098,4037.478227445382,8856.808200405681,-128.65855401337055,-121.33361102271658,96.05790206325668,295.7497988985733,7.575313669360714,Mastitis
40.163198570994986,100.31047542973852,6947.365541644705,649.3917401567342,6955.072211571042,-234.79474540455365,913.8120738180003,-158.7010312048289,316.93337668233727,7.942714197863133,Mastitis
39.68939070076735,94.16671390508193,4475.984788365334,1629.565345068584,3920.3689534148007,-282.22717616134776,-56.06439820054641,96.45809398870783,287.7604162254215,8.492998000306137,Mastitis
39.97092250671766,110.05239128956478,3361.621320056832,1612.675843911923,13361.922816078102,88.10940446580827,-214.54933043939855,-136.01172211295548,362.1401598707499,8.04332969833149,Mastitis
40.167846867546615,115.10844479711209,7410.135360788383,619.107278611802,5160.528433637636,298.61644542956185,-45.85476036361786,-99.46331502056195,281.41879868888776,8.130319132138244,Mastitis
39.811982465870706,90.12849191329585,9576.586409495674,3405.127562523812,13098.926425672274,-392.59042936374794,841.3528727114613,209.55724727037386,374.05844127920693,8.018474049711546,Mastitis
39.73658689984052,100.81667171114262,9375.103285752073,4776.281254034035,13873.033879934988,-182.1113694679574,1333.0884176327927,130.76428636539063,361.2946546871058,7.694770420146614,Mastitis
39.92120662063482,101.46234912980017,11388.324174499496,2781.8518743796903,6788.713195772126,217.4976449533311,-136.33349579987578,241.191515763944,274.094541779863,8.220133400616604,Mastitis
40.102220742024485,98.58764728970846,14824.449859507986,67.71004327486025,4003.545720315439,399.44177250650154,625.289649574551,60.70609817616763,304.33307652167866,8.226682397773754,Mastitis
39.850846740217655,88.83404284912433,4556.186101692548,2377.53709361396,11082.050092771598,-246.19948706765186,1238.9825897072092,-166.3469975394838,328.1422324118246,7.974664480469015,Mastitis
40.00000830238105,108.40209463900777,13397.815348911736,2048.8631633381997,6481.055250000569,23.237787892923492,1203.2920125971877,51.552571471880015,291.0161400266963,8.009663411749525,Mastitis
40.322775942210185,102.78174765294662,5121.167465247314,2367.610269449317,4375.656755325244,-414.33520516690993,694.6461075228098,-51.79004427272078,316.9781253330646,8.101274030300237,Mastitis
40.28331684548797,106.1414696444877,8036.651877525623,304.96920289425907,4856.011552711525,500.5857595583478,1217.2067465512364,-61.79296165706576,275.4419717688371,8.280007758711381,Mastitis
39.69512709850449,98.27963349596536,9915.229132587068,4290.695546942648,5681.540863209761,438.84023974958086,163.09505366877863,131.81366817568875,352.6246919519188,8.254721652634998,Mastitis
40.01109039074381,104.80252216948975,9593.470441761268,3198.839568857259,14028.064038827011,-300.7947000692878,1194.3255948109352,-170.09893525095308,261.229469607996,7.874912744920102,Mastitis
39.86018910445315,108.10476244461165,4527.351603752085,2453.3621044188603,8859.33301687581,354.96772845388693,599.0049931289027,-101.51684837876348,284.65282569219,8.030187252188302,Mastitis
40.35295226279798,89.3217182270484,8297.792306284777,4670.164545551461,13252.519642987814,-136.08087845052123,-72.42997836293932,-19.349034102972876,362.53789548457246,8.34115906947375,Mastitis
40.26701936166729,106.48686639776571,12674.835455591481,420.35383435134145,8662.766913335277,-390.262247896759,757.0514770435194,140.34611290539604,321.673840731652,7.97761223219647,Mastitis
39.9941382702732,98.42549947513982,1423.9005958156404,4607.5122301169595,3911.952794070784,-216.221532913208,733.5813987590111,149.52252477443758,386.79328942658486,8.468687978517279,Mastitis
40.07661340419657,91.1421882486539,6448.746995604171,2879.812271375975,4102.364146858744,-343.5863897986251,-160.91643604701267,142.79918231809393,289.25562014859065,7.962684087998033,Mastitis
40.00986398125148,91.93400145183655,4949.910366609092,4825.849069515536,12799.98333466275,-122.8402420062809,486.9852216145331,167.80664022020107,243.33254838931873,8.479621048812692,Mastitis
39.97998983653482,87.78769126007191,4552.520288661792,1019.502897839305,6422.872271291968,389.400843722467,-136.53947757531398,-62.50333816335059,244.39934943241252,8.406170370615992,Mastitis
40.25192388572212,96.25749628895159,7440.8553640579985,3570.940820826745,6165.923377977978,184.97408362782554,859.2178451489488,-28.878069731462904,421.94660153747975,7.95914053491592,Ruminal Bloat
40.057367960581,91.42504815022767,5341.646057444761,4532.966714742078,9535.704092574986,-205.44848603174333,-138.55836973032513,6.587623811715443,342.3432609096726,8.019354665243625,Mastitis
40.34617592892604,97.80511261348879,1938.8355020285835,2797.5480987524566,13164.553443318193,257.93067460385157,468.932322313093,-54.48592607744546,413.88286117335076,7.9374342464385945,Mastitis
40.00307910848408,75.21671728008984,4120.005359029706,3923.545004770256,6364.5839731929955,27.316944577537715,623.0383186540498,-42.7303873938909,309.63869294950365,8.202939058491854,Mastitis
40.326925381279615,99.19706412312915,8551.265747653599,4663.475695134615,4298.616205438024,-276.24626958930935,969.3959835972587,-106.30606941926125,357.2469876905398,7.938165741671046,Mastitis
39.901097835480925,92.32659393410232,4272.9906059071045,2680.5825842870754,3522.9432226338104,303.27391402205143,157.3893345777111,163.39747458190908,311.025622993364,8.07729593502165,Mastitis
39.94617248032727,101.74588939738766,9272.432468184063,3794.444112714621,12614.80131472229,-270.141858433924,547.9639898337969,-87.72076615886351,301.80081068676805,8.029534237783418,Mastitis
40.10174224625428,109.40361161960476,9469.6670499876,1152.2729027187042,14077.658526302126,-353.9400513114229,621.2564779416085,38.59490026575568,300.2742391995051,7.935307191182554,Mastitis
40.108070163990085,89.66050650941838,13441.823480989582,1580.9754858579313,14786.955007251934,311.37272781880404,1069.572025076351,-204.80919052154493,355.16287390333696,8.356599383923168,Mastitis
39.84687309054122,85.9791382912619,10964.211960808676,2413.5076142108464,9787.569129275555,-323.53592342262846,749.0368177628492,-160.06472113080497,272.26756171601755,8.28166424369789,Mastitis
40.33202083929697,102.82615992515866,6748.409758364468,203.61321163124694,14268.346232166921,-309.27684027275376,93.65026921300512,-1.1522480709493275,292.8012831422101,7.815194393751166,Mastitis
40.24224122310628,99.20161664999235,12091.975768534543,692.8880297542905,10604.788286521758,110.20379843662343,836.3106828214436,-211.55908075300383,340.1075632922458,8.393890136670487,Mastitis
40.16062051476581,100.69860351062917,4248.790634972593,2972.358592411813,10909.007612801179,347.6267448458489,41.34502767113406,171.01662825345562,299.7899653179121,7.7449377339418835,Mastitis
39.767964880476306,96.69793743980786,13312.90074261447,501.9528767083834,5126.410633276724,-357.4142770550357,584.7928051415425,-159.5117817215995,305.70483182486015,7.980539557755436,Mastitis
40.16977689872923,102.5520911170797,4051.0503905920887,649.4094872594833,4354.757320377668,-66.02668081182804,133.18376248014738,17.416456351778056,310.04396168049186,8.13844194685329,Mastitis
40.098981999924916,101.95750567284854,8907.803332141695,3302.7454258349144,8679.015503057202,-231.93233707821454,200.39851850363755,20.0505705028347,314.5350352304118,8.070953298502767,Mastitis
39.80909012378271,102.33516888795617,5790.873432846173,1241.2298916937655,13584.076116052454,370.8388844604177,165.3376939840282,217.43489357245542,302.34889872295696,8.155420326842691,Mastitis
40.028789359337786,100.59069286652945,11223.74113476411,3457.783702666585,14152.854278533461,153.43061259912108,887.351583043024,-155.5177322488681,333.60113530423877,8.204150775686546,Mastitis
40.602372686857834,98.90719759486791,4553.193354601646,3645.7016179269604,12899.318823648617,462.418137805732,1007.616594221681,48.58644388852028,275.0448897000728,8.345006983265336,Mastitis
39.73970556744229,89.6232201434147,8699.518821617412,1061.0722340327593,5053.374754555866,388.3932100722639,223.9024235469111,194.7494668005475,329.19111883431026,8.377973292085724,Mastitis
39.96170573458823,99.49792407433364,10117.604881512438,1311.4032603595651,3518.228729478127,90.3681750657743,13.007568960188905,-31.387172818505544,309.9818563681441,7.867997967642768,Mastitis
39.898843141002715,102.05031628607696,10940.380301133242,-4.623011961859447,8210.603714351397,-304.7142660533949,970.2574788201391,82.56888961528573,325.75217895391467,8.084627450456862,Mastitis
40.46513924359443,102.75611983412617,4974.088750058991,2985.409385434459,9918.551744234239,278.33622523478857,987.5955505292279,66.52733866953885,366.46582833988447,8.281660725732547,Mastitis
40.53312175877539,98.9958972353959,10367.08193315523,4579.303691224957,14103.627129629323,66.26137661205576,289.74591783116136,151.31486105112214,333.3137664861788,7.894454913763573,Mastitis
39.99846402195296,91.45367199650588,13759.882878867793,4726.177495301687,5834.899322655597,-105.84077819060172,-125.62787725076168,213.80263313330258,294.27052446866213,8.332241457048807,Mastitis
39.22577709545563,82.13294891826999,12486.416619278485,523.6137536427971,10938.39078245414,214.09876801964543,1134.1285992147623,226.96633313947268,411.1347236702788,8.46384076496683,Ketosis
40.10588325478784,92.60793647616762,14101.366571273595,128.94173492537448,4846.551723207527,-111.87741802120698,958.3064635476987,-130.12571463686058,233.44170675371288,8.48529355498886,Mastitis
40.05929788098006,95.57603974919869,13476.228710346837,2655.53404068508,11614.274043376286,234.4566828797804,838.6404341534044,-27.139144779526408,337.9615581770143,8.083341352255992,Mastitis
40.09979030502024,107.15743699736983,8908.422084847207,4552.886178201448,14538.594745106337,1.2214791331300585,-237.47352793335756,107.1187928783376,379.19793456516595,8.466510385897337,Mastitis
38.84720603296473,75.7364662067035,9211.860941358724,3366.805891669594,11364.018146280327,-324.22596729789984,-81.15487795871968,-112.66563528738016,480.4734011128169,7.854957866978935,Ketosis
40.17697294908914,104.82147191754538,15041.827370664114,2464.766442934492,5449.11058742553,-193.08057304319235,845.6460650917405,-192.44500243151415,348.22768255404725,7.796437874528149,Mastitis
40.027121547053625,109.92353307602312,7311.9748653453435,2322.9879437203717,12482.668314693927,307.9387089475632,168.53120199517411,52.418848605269176,310.5613754408617,8.212042850285592,Mastitis
40.30520453573639,85.16749939691573,8731.617331304858,511.206799177417,7685.184428249058,-151.8860843071568,410.8949305868865,-219.89782836913102,255.09875764907457,7.8655877498310645,Mastitis
40.0285433215646,105.08652401752775,4918.058841832777,1897.7365863924588,4999.467239874928,283.17502896038366,546.5616008891619,-109.31816479545135,271.5412448158731,8.322066219822945,Mastitis
40.14750953557944,97.12869225759654,14662.27968376117,1194.5567020133692,8171.647295290063,-407.3152690016743,-23.129146212765363,44.87887789875262,323.30957481819695,7.986143823500901,Mastitis
40.0496219798268,102.74495228179674,10857.595716965654,4368.058381448132,12700.814198048849,-194.16451812437325,-108.67160677002039,-210.4526608301393,259.6501259425604,7.891551188636573,Mastitis
39.62764520790645,101.64630394004018,1612.2225409317907,3144.246915301246,8627.35564181325,-350.68449703607166,101.30240986870115,129.27589315360987,314.4870651437825,8.065171970569455,Mastitis
40.25611440654773,108.25251060196983,14735.454964140228,4276.248529373553,10712.861428296657,448.83871297819155,263.41507056333376,-82.42862383196946,388.01272701447954,8.019741843984944,Mastitis
40.38743471810148,92.04157675351522,9085.380703436513,3607.864595884507,10851.17806507516,-202.59657408295575,671.4872687566652,-120.21407692892693,306.38752536735865,8.149267368669783,Mastitis
40.32216786632618,97.73751028407153,13803.315737645622,513.4578067658892,9560.62053005026,236.10980719318005,280.38487458281867,-240.90996751090367,243.07891930005732,7.79677253419527,Mastitis
39.8935901185877,107.24637019860975,11227.192437303904,1842.613272354773,11341.070718151535,-69.39317757151886,112.5425170029589,-8.391572014925211,308.6346637001476,7.851323131784868,Mastitis
39.80771568830112,105.39066256658776,11810.962238773796,3404.574708289234,6798.3196609053775,134.40727411812765,547.3070919941761,190.67220936191694,337.77642236601974,7.968392005631681,Mastitis
40.03675781215808,87.87645302284676,3871.5638236607756,2044.7070937800095,5632.370558128627,285.6555847394144,1174.895720396803,-119.12506784492605,284.7594178035272,7.833259830726038,Mastitis
40.00764666543751,100.11279537158471,8817.143563562091,2955.3795929550442,13513.234031569293,393.048313938899,-57.35493242375162,-145.80291246880535,337.25702535860154,8.430614538290602,Mastitis
40.33578972512645,71.91443333777862,10993.737692698282,589.8533100770401,8434.10148418536,210.23701977197166,1042.697676900309,96.29583311464576,246.73144800562707,8.071932716245602,Mastitis
40.34603115417486,103.85863405561619,13832.566346772555,1985.246128171047,3456.1861554963516,179.7978537138051,1277.5419532572562,-65.07345516495097,305.7519785161243,7.974213597322937,Mastitis
39.85411016741827,90.86337245820096,14740.700498145412,2073.5707680771848,5023.944366136218,-372.46586165100763,648.6272156765014,-80.1357922091912,257.74133272678034,7.709067270173117,Mastitis
40.02473876140153,97.77427036563233,10527.008436468466,606.0328960833219,4802.795046081276,-274.61531486421575,1353.1540559871905,206.02848838315958,320.73335481786313,8.265415007793397,Mastitis
40.169555636999874,107.9506342294856,3029.870365650704,4075.2229971851916,6535.830747195536,98.00396749112774,-203.4914083006861,-49.60914729059615,255.60744963866986,8.178010129443784,Mastitis
39.8135516795985,96.60197879626038,12028.000523118018,4474.460076841309,11215.087997202572,-265.33863860992227,80.98424951897329,-46.74878537739319,261.6348974623643,7.779946557008325,Mastitis
40.06811241401655,101.55541588720489,10243.036480023799,3488.2547254346086,6142.281317155281,-112.09801425760219,-221.0807420188205,-161.90174234071068,316.4946624930798,7.6942996755579465,Mastitis
40.34764314875501,97.90311979107187,13297.300948553573,2540.201168954881,8228.58057364879,-10.736703554149493,207.48821882603653,-185.65802857838597,267.6696131501129,7.929386051473387,Mastitis
39.680795754145436,107.0226203541497,3801.0160534891256,3630.2450331573546,11442.276031013105,47.54735286788835,1103.3381070971304,61.219194693200535,338.72047199648597,8.41684342024188,Mastitis
40.21767168093766,89.574490596412,2310.2998703498415,2550.485797294113,5868.5306437738,123.54354273897809,1144.1742131558574,-0.3708376427436617,340.90772384695106,8.099919024223743,Mastitis
38.61393043082338,75.87335432566745,6144.673801506693,4079.4429017607463,7673.508919226041,269.9483614482653,682.9094446973045,-130.75211398304955,435.01572946934596,7.918581526148194,Ruminal Bloat
39.657751109863206,92.97871187136553,8777.347000439306,703.4433845951608,9491.937898317148,466.20024402810407,972.3261416939228,31.69571326344902,291.57944770312577,8.207294972079925,Mastitis
40.16100085618893,90.117887834619,3830.0185315050167,2022.712543120604,13820.491469914308,-360.0983128095066,-75.22248630573904,47.31168914397192,343.65976720380854,7.966660997590955,Mastitis
40.11252712101277,99.8011091428238,13304.245261350088,189.52006584356104,3277.1345031711026,54.510804439550625,1305.653538039821,-193.94885282737857,289.99278561560413,7.6713152580258726,Mastitis
39.99760753758918,91.44036681224645,5269.0471307663565,438.02188831607987,6780.776634302343,-273.04575282273476,100.64637462094697,-37.28020362094563,273.136302594039,7.928940893251319,Mastitis
39.77254355281961,100.53946180890026,1677.6273559344645,2774.4046891096823,13757.720169997992,297.06133675910326,-168.17800706809282,229.76156917859348,273.009745377139,8.050247575835378,Mastitis
39.82801670260434,96.36302398681511,2052.809165252962,4569.120284331803,3985.1685644240297,-419.5552451564198,-61.82196403298133,-192.30976675380407,331.5105054007101,8.334282167981705,Mastitis
40.05020230570387,85.17904559244708,12730.121067278908,1177.7225391623867,9218.591138243679,-330.40981760985943,1238.1529576791818,178.30310858270155,348.7789962754012,8.331798494037496,Mastitis
40.36724560890219,85.07050911468876,5859.717236820994,3709.1465467081644,12071.525484897524,220.33466356125697,643.9075843274327,-224.7505231832554,351.18573174167165,8.03977713555702,Mastitis
39.94427225270783,90.79335899990538,8161.591068948513,240.5309064977655,8774.018747906208,-233.94814525598693,1280.0876031868468,-205.29321231576552,397.15841752064796,8.221991010877414,Mastitis
40.19872350780488,89.02661784951539,10755.336232213718,3245.135660600191,13506.953985107546,-147.18268318486574,485.86374037048887,-33.10675391816866,309.08868667071425,7.989584221536667,Mastitis
40.22974382124046,104.20658890193153,6095.874137631089,3279.6056239288973,11998.52989058054,-411.20250770670924,884.7326523872259,188.11612032894644,303.731601482542,8.227463677871572,Mastitis
39.84069715423406,99.52759043667419,4241.878113244779,2399.9578711786676,3009.2389534189615,277.2974768846451,635.050742292292,51.782565097764376,292.53307217270066,8.212246651572476,Mastitis
39.94637644734373,110.94386271940604,13287.293048879705,2605.2356210764983,13230.081058711241,-14.336896233163937,-107.86500319067181,194.39313166804922,338.113167588106,8.050848669024603,Mastitis
39.985869631744364,100.53642642974302,8547.895957674766,2691.20486066307,3944.386663937925,350.42658345481226,-52.2166996672604,-76.12604056531667,360.1759552593686,7.641791195485662,Mastitis
40.16855642271812,100.12490890161405,6024.104986003564,575.4804412225983,13352.234461299327,207.16161551187727,1075.9699280896698,-83.47279779147821,261.0887723204146,8.333885570746098,Mastitis
40.06646238661912,101.66137546620826,1773.514849092273,798.9170799589231,15165.412240532689,7.6766604636115945,955.0522469528356,-90.07231554979133,338.4415315911942,8.676253043116855,Mastitis
40.30250900570291,91.65381042949402,4913.174633119723,3470.7237764617166,6420.247911730825,-206.08385419931076,1089.5619026560564,-58.93527254026965,334.902416873002,8.171417666076765,Mastitis
40.01285726874835,100.74043321206472,3456.89154466151,1926.9564115984276,3657.607171560928,181.35836104891885,246.69933920538773,-75.30285790615612,269.7246457587206,7.89351265155336,Mastitis
39.584029983489415,100.57730594883876,13095.5434126713,2629.6846998354013,9147.064215943836,-203.80012900994288,1342.9124055843747,226.29618309957627,366.1763577059867,8.113833451086062,Mastitis
40.57699894896663,101.17128514487824,13843.52791099903,3636.184597584867,9197.295235905178,-389.38384601683424,967.7957869144096,39.76423486318002,413.33628708558774,8.128742612325404,Mastitis
40.212879478194296,106.62470278386184,12792.174377128349,2216.439895717576,6918.823342316648,405.3221626863507,592.3253306340122,-173.40989573897215,315.20304173356556,8.194621555856667,Mastitis
40.09078385207756,101.03404763644298,13488.966692707943,2591.012006484119,5315.102597122247,-347.5914972195268,1260.6972098256579,55.496419711927416,337.2976718000282,7.962932176268114,Mastitis
39.74925229321436,98.7885630379522,9690.625939794834,1961.013560385866,6753.861437420151,155.91268137348092,34.00136960305224,33.199868001084916,338.90665378791226,8.20600963427622,Mastitis
40.79258450706039,98.03252576560749,10463.790110139293,4009.3136154131016,12602.561489908812,362.6600923341564,1177.328688973746,27.328556279879802,237.61121794537542,8.114160936646769,Mastitis
40.123480375167226,99.42312116526472,9444.789575385148,816.4932926205242,6876.924338155676,262.62822227071166,165.3818357207117,-189.65104185473137,355.43318742797874,7.956352314106444,Mastitis
39.92161585873636,103.57475875917612,1580.0514663569793,984.6674104027334,3829.8438892962686,379.47724665816696,1130.664542661617,-226.70470331631338,338.5491748406962,8.144309874665753,Mastitis
40.06538525295979,91.49134004300117,11294.956737464641,1809.0282382386072,11271.220338136533,33.53624093225231,520.0469858723164,-45.538771864887046,319.3855013478834,8.366546770060111,Mastitis
39.784388761699844,97.46722462540907,10108.566597793633,1403.6317495647022,13235.53590924227,170.5118327076083,828.4865777914549,113.05128000768671,339.74892235226173,7.833149165587601,Mastitis
40.12116225492784,92.75096292509467,8360.563195739873,4616.708626913944,4597.957768391756,-1.8590950551983205,354.29641586503203,230.29108358118995,291.4847925151552,7.835480697431988,Mastitis
39.81817082867469,108.74208788865516,12816.29968250764,2822.6968415523966,11431.309121748023,-64.94154012966276,526.8511633559807,-53.58481658423166,281.96831862128687,7.9897458936731205,Mastitis
40.46512346850185,103.0110397247773,9467.746676357352,717.1048036317793,8036.7882343339525,356.3053370652956,631.0954006382766,-103.05779039907257,311.0305390518498,8.109756011748447,Mastitis
39.80489766579434,85.87843509888768,3529.2747644716283,2969.6248860721334,3235.8152447285984,-101.3726901990585,156.5961751769753,88.47912502501812,296.4908978890456,8.23622750521506,Mastitis
40.376272413904644,103.09523544933603,1424.6772120826836,3820.3842271981102,12456.087468207284,409.85784059691576,611.9565881044946,-226.33117021697817,371.0060891635697,7.91130204661499,Mastitis
39.79353766618156,97.45417683729704,12049.145126278894,3353.352963445458,14660.101998467593,146.62773589679975,896.4112856168216,-71.84329597471941,270.92693774916773,7.795723459938594,Mastitis
40.05033739657795,81.21899809125757,3286.412970629848,2249.0126424926925,15179.532673387275,-411.3198141195501,970.5715659449588,211.71724687722067,269.9628922886628,8.263081928890042,Mastitis
40.043056563458244,105.49257925646145,2455.3855872447093,824.9230934544553,14656.769603410727,-95.91378376534522,-122.24488704847158,172.0184978206258,296.6050142469689,8.194679384643633,Mastitis
40.155375912452016,94.70755355483013,7708.7867984117975,3866.316036598195,5632.062157042089,456.6593215832185,19.925884509635466,-248.62834135790948,238.2319927203461,7.992037575592384,Mastitis
40.21310494474446,106.20897717553513,8495.716844936287,691.9796919428093,9354.013353572314,-266.10711876202845,82.12457790559517,113.86775459544758,422.8986848738406,7.981370152178748,Mastitis
40.10745503147722,106.37073335868544,10110.386205764476,4360.962025550401,13183.833779298255,-309.3176851334528,672.859204967669,-215.08984194212022,333.92057063436596,8.135958505567078,Mastitis
40.1050987472002,86.97616645007045,8611.36039045094,3900.1275965679406,3200.201586981203,-42.22602486769544,712.2143735066402,-86.51768702846114,296.5693260673871,8.091485502999998,Mastitis
39.9402813408585,91.50177868744933,4962.0550564920195,1846.2474150130527,12954.999344914393,-257.31525888206795,739.8231723811764,103.52428330435205,346.0730847336573,8.045384385840173,Mastitis
39.71770404567164,95.1542474957879,2036.4652337991965,898.5885469468967,8647.696095591305,312.45697478972164,1073.8085500298296,-123.53338278941077,365.512014007008,7.8953728037705275,Mastitis
40.30052296205982,99.55087919904135,4073.0095848102774,3923.7513802012013,8438.155562003298,343.4126299681147,31.80100599941761,-201.90537998648492,235.7583280553408,7.875794090585586,Mastitis
39.99140644458601,98.83921055798977,10569.404877671528,460.5502291835694,7055.606620828168,13.586495273596121,766.453190645869,-191.6969269741816,346.9355164830562,8.24742002623088,Mastitis
40.35444365888298,94.22212340812638,7408.437251063074,1454.7963888669888,3516.3545334945065,-359.91346127776933,558.6422008294453,-41.29879810222291,314.2519406404006,7.6634985589046,Mastitis
40.16842974610634,99.34325604913752,11879.522444533304,436.3519256502466,9527.273370893123,95.092313818815,993.8715522667104,236.38687261491728,379.3816027201933,8.075181781435571,Mastitis
39.63419917368568,100.38972447586767,13984.388585421555,460.4948639948134,11134.063314753128,-382.8149359839482,1238.4090122535863,-35.08959949416015,324.3263182292689,7.847662702953941,Mastitis
39.990342427012024,94.56407865096408,3316.443003744711,2372.120074055636,8866.851953649244,409.9058481053619,1222.9792538877332,-235.55378511755822,370.2895713558238,8.236142570210589,Mastitis
39.9402102110582,103.98463124731846,9239.599814752088,2058.0822547354833,13109.828976602937,7.744337504975932,509.49247766549024,101.09484455261254,313.58415205179057,7.927894047441078,Mastitis
40.25821326003128,97.4904185757597,9500.616519719262,3358.1168150054777,10739.657782219276,409.3026895916254,-122.28338216079112,59.296891672308575,351.21256925274264,8.11748443264559,Mastitis
40.10009882926489,86.42413231380283,8913.062623711772,3422.668593651362,9169.43883014801,-184.1505501079037,1234.5112929652473,-238.34243233885175,367.2808999738725,8.295929518985547,Mastitis
40.121529523372125,94.43757522757195,12457.97011655832,1701.1883339467774,11698.901112540887,-208.40220699175526,198.07096279148323,-131.43214690078693,348.50804432421137,8.069826113463284,Mastitis
40.130511253671386,101.9013318280857,2212.483017112857,1098.0374662699523,11686.046483586433,472.32949801631605,-211.84134675607027,-78.29164646929881,392.1038265000506,8.075724673188564,Mastitis
40.306617250355075,104.43909883207483,4921.619568876446,3122.9013861005747,11102.781047765733,-184.29050985971193,1119.5166478249819,91.09989278355899,328.020012636341,8.231963704446034,Mastitis
40.01780613237806,104.48829898933323,5809.278391549008,1008.6885981433932,9388.49815386481,-422.4601136200743,674.3214616451914,-9.432783760275337,379.7039895029635,8.2323231376843,Mastitis
40.42651768192896,101.11399025245682,3393.562329573354,1952.6565262582844,12042.690156719516,235.95594290231637,375.7963301649768,-150.77948194281203,315.6091384427499,8.076727686991465,Mastitis
40.109931591096405,80.24070513254968,7441.013710379257,102.48422123576256,6890.754272556386,-426.0201720098039,877.8797815745982,154.38251617478778,295.8983463925474,8.167404163690081,Mastitis
39.83161171398212,108.05446234308735,14461.683276886935,3325.262211228275,5184.220348846931,93.43160501505191,1136.2430310984473,233.70268450540138,334.48720790173155,8.14324999956473,Mastitis
40.46027543874908,106.37666124063512,10525.803746106894,4621.66885968705,7872.6118115837035,-417.6993454224489,-11.920584049473177,-180.6057425022141,328.84875692947026,8.441893471114758,Mastitis
39.89371707636884,112.20146727558,7020.27819426526,325.77244342485756,9563.851177371009,-231.32085175723316,417.84805395689773,167.6318304991789,332.7312162477079,7.864277110326208,Mastitis
39.80541727393007,100.65755276755728,12613.08414569122,3199.3503540246793,6796.819010982117,441.06628638822025,418.18503864324936,62.791331945812985,344.9810046198448,7.920929938570361,Mastitis
40.28782244277053,107.20076601987859,11930.880765444854,1352.7543465296637,8665.838433048653,-61.37529025573082,414.29669496515174,-26.56855725963482,350.4925352564785,8.063977493394894,Mastitis
40.08930222318123,95.60855634704595,5169.140357899327,4638.136706504052,9253.281876383671,311.3334491592758,1118.7346424957232,124.43880750284517,335.59799541055054,8.364201637623118,Mastitis
40.06669412434812,85.28094079000589,12681.358792670213,1450.1847980424247,12260.947649334212,-318.97769331055326,-155.20282940386335,17.252563573015458,243.4408853279478,8.088537193649103,Mastitis
40.1438744027915,114.37147087762196,12984.18683687929,1037.874458710329,13321.43703022319,-60.12608706947688,727.0893243624607,35.76710613124894,310.84542685007057,7.599680431814611,Mastitis
40.29063286699472,111.73650446937813,14311.890540583163,3743.2032832373943,11176.67075935718,194.20450873547964,-74.32399998238077,-117.08279297257347,335.7885879896324,8.238028049798704,Mastitis
39.86061982895767,99.7211720362204,6087.778520886481,2960.170903055058,14569.5627773323,30.40748919273195,-70.56509127266429,107.17942248391572,322.9831478170148,7.994954444496241,Mastitis
40.473837467813766,107.44072436392042,13518.193502141807,2049.650798768014,3736.51510855793,-80.73230659768039,326.08196503365195,-23.58633289790751,268.01985024213695,7.827491376115455,Mastitis
39.714750134383415,89.66345883986534,2986.5697510566506,87.29135260562725,11777.729892583175,-219.4147273943506,1255.593838328828,-234.49325755716134,360.5709569295045,8.11487998971307,Mastitis
40.238411932488496,115.10844479711209,14409.321136212453,2808.333306081467,4897.318533630987,433.7713586032604,998.2182969255038,242.83094277292813,388.01084354756847,8.073929423323069,Mastitis
39.76331551352079,94.33063167549099,13860.121647843436,2197.7862270455853,11891.579793241934,-80.14765744448343,746.8440309857401,73.6477018919882,431.4586828208804,8.231688285407435,Ruminal Bloat
40.00047779259082,101.36458174669905,8792.285747484068,1689.4826589841402,7897.239799484384,327.6586062194697,310.95094081733475,107.36999054568697,294.0539116913417,7.818389337387652,Mastitis
39.94644660755238,97.98795015803645,12382.952159811202,3647.3499889515606,10651.330223386096,322.708656005758,-148.1971784157896,218.59999450462848,373.5321019005266,8.261416057187652,Mastitis
40.012280805893404,106.5911485362523,4774.475099984322,4321.372142507296,10877.98192964335,42.15380344141931,461.8306686495257,-0.010981621674361897,335.4392579404711,8.314733199230522,Mastitis
39.86976789103315,99.38615502969306,12539.17306399834,1360.5100829515723,5718.980522485492,-247.4321919880234,816.2517772816781,-199.35291779491257,313.90991489121336,7.754948836102666,Mastitis
40.309293982620936,95.00464200743947,1914.170899105602,3593.486318985625,7394.559368745841,-268.2714637753897,903.7702557906299,48.504555173944084,315.11677571672226,8.172085333464029,Mastitis
40.052759377331505,96.59363000166536,13393.96065200548,2671.995493645547,8108.308117806285,16.854395052962722,1156.557541113702,-191.37904778375116,322.0132775061545,8.101142613040311,Mastitis
39.918561975831736,94.4706666543042,10142.967939823831,4024.4044829543254,14744.021204259727,76.12309938136441,1175.9422579783554,-219.08630460434043,335.9289781221106,7.8789866607674135,Mastitis
39.87054112682666,105.7070151742958,3678.504101575777,1130.8888239181078,3943.7816274755405,-377.94461016242155,624.1083424944534,-215.3943223254253,282.59968588079937,8.068475965451654,Mastitis
40.06306221435536,94.97700079221029,9890.882589371318,3263.5781965737538,3687.992476114214,100.56611277725591,389.68301389422913,30.43103125952185,373.4504155317548,8.318891266713432,Mastitis
39.78983248678837,107.20481881225425,13571.181757647188,1889.872632641859,3001.169738813912,266.24395048780366,303.68292826380605,-244.9803050757873,343.30613395008356,8.233632992410243,Mastitis
40.02515515572521,93.76819612663259,13692.005190806494,1319.6343677415264,5484.733088732309,-273.9104916847808,949.8082549128076,-1.2190396645050932,282.726603739735,8.622417436004186,Mastitis
40.090570498206134,94.5012044007295,7355.366355819692,687.3697528839275,12555.002872863264,-83.0479900991108,1027.708873162022,216.9779941045711,264.3826189850369,8.116566211262334,Mastitis
39.777096211523805,91.02417959974927,1534.5720922905275,805.6885502684768,5268.1194388789845,288.0531087718971,587.8685074469947,-193.14853515417093,293.4662984967972,8.083601451952827,Mastitis
40.11764324533454,87.54778987125258,1784.0900072726836,4601.2697364785345,5483.4282583299755,386.035260300869,792.4035757352478,216.7607142099524,382.1582286839368,8.313919547523303,Mastitis
40.01662723130589,95.43623586398404,9357.378733744277,4515.672201359463,8394.755911381008,-191.1267667780279,1131.026863926873,-183.12441409468076,333.2172638990676,7.999207641700963,Mastitis
40.448794983952176,100.69450355565486,10497.798173720677,2520.8615545512725,3230.9104778880464,-69.09298804826099,-21.04397749641373,82.50374731858423,289.8650647227911,8.316625782498651,Mastitis
39.90435755867032,85.38654409877677,1291.0070984506492,1966.4278649391467,5132.8849897483815,203.2057734988626,669.352599036999,168.82664936773355,284.6295410142518,8.001527079775457,Mastitis
39.50790769287076,101.88893461842048,11420.310823846217,3882.196983955417,7164.276361458806,-19.4153541051453,1139.9874083857821,153.35141355286916,321.4041231826282,8.288567064112314,Mastitis
40.35195283803046,101.49704133222616,9424.797637294405,1059.0265463996873,5728.903362134846,-219.1760909988632,1042.70363317866,192.59523234103804,325.7507449920317,8.055787404012285,Mastitis
40.21247753965766,105.08751351235134,13016.44223172992,3164.206080586854,13087.580837951618,54.09456217287425,1203.439314480017,-111.1028402388648,383.0910616510972,7.8298863772914284,Mastitis
40.094973300372565,103.52888494311577,12147.938618298453,4233.324634264009,9936.869209276143,237.38786507461126,409.482924477929,-201.31551102283785,361.3205104345333,7.669620811066224,Mastitis
39.9247009381639,102.45889509834915,6113.614189229531,662.4268931363279,8478.321334956065,215.41205246521432,1167.30684842145,199.34250657634087,307.071105638304,8.187555983301177,Mastitis
40.046234975755276,100.08675599879427,11647.602021386763,1616.4130629300844,8199.105822462756,-42.791490198075024,1116.5271955062333,59.578288984808424,281.7624407139121,7.742477850338839,Mastitis
39.844085897214,97.36595819651927,7940.782176240811,760.8283735929924,11623.276174186034,-128.377064616112,1066.833091871043,228.2330627801321,307.88623097562885,8.30934829733052,Mastitis
40.253071882833765,113.7277192744662,14174.650634650536,1837.0665753471924,5997.853733368429,226.90392016792597,-82.13294904376369,-154.41633503617405,255.74278402040176,7.843982747156096,Mastitis
40.129697274594506,109.40901629013983,2750.403047630927,2883.8344454192616,8671.44096791076,-96.41731189024503,49.457237923304604,-198.85454573797696,335.41137828020055,8.165989535107702,Mastitis
40.03897642460489,106.97560159223745,1968.7386132199508,420.2938245569826,10119.846451639507,-382.9507916746013,1288.2496230641977,154.66449497368262,325.68023336733347,8.079225481599838,Mastitis
40.11108805909962,108.39712769405092,4787.008453659253,2495.787062955723,14164.968904484049,-127.70015300821237,1044.506465742617,143.44016551085548,336.6578476317229,8.376396789170984,Mastitis
40.14431893806439,94.43142177163278,14558.294695149318,502.27677458995686,5817.824188580509,373.72365406659867,1009.1995847071532,-151.70395607323692,324.8112513832368,8.354470088208028,Mastitis
39.8302642692824,99.11756574410404,9540.27739274579,788.4661760550409,8310.205439507266,75.2273053874969,1283.9063054936273,97.38786684440758,334.5837498632558,8.33658645753519,Mastitis
40.03342496415973,114.22350359596426,2668.13350481865,3749.158595461724,3463.577496947286,413.04330306377545,354.2375518988764,15.024803258662978,317.3687550126131,7.8489693766926845,Mastitis
40.01916960133702,115.10844479711209,14427.923570650742,364.99034144846087,4342.279967817519,-334.32443537081576,1154.4464235000264,-246.63927098219347,330.4061945813975,7.875916810431395,Mastitis
40.3743002742935,101.5350322739461,7735.160349801729,1979.6980191474945,14075.085132166243,-243.0205265222921,767.8123882237073,121.2174024428253,369.6644388200558,8.31466584259408,Mastitis
39.89564122189224,97.2211060370155,6409.7737449080705,4645.047312413688,4020.1510643662787,-399.92305854446636,100.71612213614469,-11.367512549496219,268.8649483691336,8.13584940033292,Mastitis
40.034061231006376,86.58652980728105,13870.302856823333,1295.8573753569972,9449.859438804715,-206.03516888176827,1125.9620204272678,-238.5074178871859,327.17479345306185,8.121072677320198,Mastitis
40.14130851665166,115.10844479711209,12432.513745498984,1539.928253335461,8064.305069259519,-6.69761882079024,673.8376889764728,-4.74168012846357,364.2583247694057,8.442021754977342,Mastitis
40.36964143149081,99.85948717683773,11744.168658331784,3031.0891059863866,8867.103171702525,150.12624995559128,649.6781285437553,-126.64075234993886,353.9326506909459,7.974446189624742,Mastitis
39.929791991846464,108.45324605858028,9114.754755466423,3748.7443070928994,3141.71549435258,-47.77425406646377,893.7062177210624,18.02206459784993,378.120678218918,7.843627242513014,Mastitis
39.41658090786505,98.65987839319413,4404.202994356771,4058.582589209107,12591.640412097528,-318.25510736969403,815.8359978402714,104.4885756497046,337.1088131614334,8.314286947711937,Mastitis
39.45510816560583,107.56935689472357,11732.36260822463,711.034409958068,7243.381166341469,-30.940953550694278,593.6730943948648,-102.06807984556265,302.6638225334449,8.293487504096902,Mastitis
40.16458715076067,103.9151113764573,2048.1951132234317,4813.377948184463,11978.380798274537,335.96034058171654,838.820322327851,-166.40375199782264,229.49070569918658,8.264737703252251,Mastitis
40.5445978363697,98.98911800951008,2082.022516042234,1374.977848826406,14177.273126483913,395.389675742581,942.042365839253,-123.90733697336675,282.76211349330964,7.955495618803619,Mastitis
39.83644584396763,55.71208065931104,12362.056902551787,4385.5257705154845,12881.50480300043,102.84934809985239,521.3886486668522,154.3759650497823,316.0766518347895,8.388136496256738,Mastitis
40.27338542162783,100.0855309001912,2771.643658744868,690.1312753070229,8194.379429041473,102.63111712784595,-33.14288317396097,65.64106398080392,278.37968176232994,8.12355288243783,Mastitis
40.08477419010715,92.82120804464472,2923.0991471324814,3965.4040781283693,10105.978192684912,413.0746136939231,805.9408849258306,54.09818824303807,281.30432807634486,7.945684657747012,Mastitis
39.545144394370055,91.74452227473452,11598.230977311494,584.6181770497151,3459.61757028225,-38.41352932669679,1211.105077341708,-100.45255021706001,417.9555845885725,7.71937690248925,Ketosis
39.642245778044135,105.41129401175692,10999.879771014183,477.7578441889864,13365.980542262401,311.28502363305955,1278.8277426252757,5.141909527490648,299.5743878275307,8.212883859194292,Mastitis
39.924031732115004,93.58345735609744,1150.6417900874594,3212.8244620276064,11667.073104612165,258.0120849256771,1093.7047830038337,76.36441703601956,296.8258818356213,7.971471035110869,Mastitis
39.6230017597373,102.4824087139998,1558.7849566764517,4128.804430423364,13849.986237084195,21.197612055039194,-135.91001815054096,-190.4390470888531,333.05556334421846,8.403998547534577,Healthy
40.19107064017719,101.82462165015795,13545.83995926426,716.0939799776922,13052.329768496302,-122.16357799304944,831.3135415749862,23.991333974400316,337.52445277848346,7.774787459381247,Mastitis
40.22675386954446,99.29416640329717,11869.938283153027,653.8068336450301,6714.213616322517,-324.2373913970273,9.277221601236306,-146.89489871989096,283.79438966198927,8.05482438728285,Mastitis
39.94106607425229,113.95362617220043,6082.6446602340675,893.2691556103136,13406.015567961978,-397.4721002927582,115.81651876597078,-186.73415685950738,345.060891420491,8.035236713981924,Mastitis
40.2381652751968,103.4281458127768,6293.6309446724035,3184.178124968328,7852.21674398842,345.2710601312777,-122.31542124952136,-30.89590366954049,350.32197481615117,8.40901607726784,Mastitis
39.54970140678925,84.76972922982341,6493.018993732977,95.39736390647431,10693.662253142411,-368.02089218473736,-146.27870753843433,-72.00517757898068,290.91031626054234,7.535888724593093,Mastitis
40.22564740267385,103.46209745825843,9938.043957626904,3268.616569919754,12255.40111976583,-67.29047632907617,729.6440244840162,-85.60171668263386,320.3440043864529,7.7366878175688765,Mastitis
40.04980712342138,113.4341744097116,9898.01034647649,2423.007174995502,14180.40655399717,-173.5446704619856,219.20016747210303,-124.9516502159068,312.324711529553,8.72718320611947,Mastitis
39.72279840149916,108.65937869332129,7611.295954833695,285.648497616703,14881.14164554874,-454.1190307221348,-136.82438937603808,138.17526225284598,346.0991287782935,8.066175191100148,Mastitis
40.23692647826674,91.70250812623075,6772.476838925186,1268.133729889783,11544.947961373253,-367.38802556578446,631.0335657263786,11.675158795209633,259.0018759994301,7.92323988559591,Mastitis
40.070683382966564,90.70797511538217,2502.584253543295,799.2226009096339,12965.907358956505,-70.27318858344039,250.97593365212197,101.61067264642197,296.73895237642324,7.860512969734677,Mastitis
40.60316145056903,93.48663528665861,5665.107797369905,757.693058891372,6346.438989277434,67.01969441137399,639.6161623662397,109.86006936526181,292.39715602364157,7.939301768560547,Mastitis
39.67533545593708,104.40302108177917,7517.572008968753,2708.193358764387,2914.231253328243,442.2865881464554,1164.0148037285485,83.87624866207561,280.77821954388065,7.992077303657068,Mastitis
39.44940288363583,99.4508979187125,4030.2364894842913,2000.1901775816737,12963.224805357555,-287.24220271510455,1165.278521377309,-90.17402913752939,340.74951595784336,8.181931311395658,Mastitis
40.00964859273288,99.30001918955377,1934.1425575569565,2336.2228857151063,8108.52508145853,-93.69845835610735,-28.72154252089024,-119.88425739237917,311.47995117618956,8.117184378540722,Mastitis
40.40890045779871,93.71802009565316,3986.044564914572,4106.214686018295,10140.236512906107,-90.36957801830316,-35.88891454493364,-47.09994809973783,347.77727836401715,8.134511238729793,Mastitis
40.14476502691975,103.78928659913305,8676.75596640998,3869.3952776514197,7326.804688785631,-285.1112402748855,108.55643190809201,95.99435523636181,347.5470740355194,8.241076020319143,Mastitis
39.59861367161063,93.94177603050557,12743.037654635147,1382.0109943099812,13922.422862351277,357.12577311308,-129.2337769240587,-81.76118291754786,234.37664522034083,8.161155562446998,Mastitis
40.26151903665376,99.5653523744318,3961.018209578314,2151.3284612532125,7413.299434690223,60.54787305130374,1323.5278447912765,-110.46665465239876,323.77765038407324,7.639473577556899,Mastitis
40.0519553799406,88.88708562922578,10928.567451520234,485.77917255833336,3946.676559357037,307.8726031433853,43.1825122531518,-153.57802347225652,269.25595099271106,8.021645365439978,Mastitis
40.03246976609922,108.52840316134186,4316.64204203856,2238.006809393505,11573.78800640629,-431.4285260690767,1197.5028718066733,9.390856929596975,279.71570812722683,8.04106776679142,Mastitis
40.196568328226356,86.61370357933835,6157.075160063815,1664.6587688930126,13456.373458025573,-346.00015692774036,62.608516877523584,-160.63949153673255,312.8051566269725,8.22722754746294,Mastitis
40.30469845897516,89.79168903375736,4207.1902112330845,2050.4710219901012,9399.895634565015,-336.3817813778968,979.1719289740636,-198.19864288984655,374.47945454021993,8.19150128941153,Mastitis
40.256504720955384,85.76012282299374,7953.413080704589,2073.8752313372647,13391.871577262162,-279.0981398463487,968.4591516646083,-129.8654187497994,305.18447890016404,8.209448757537345,Mastitis
39.68799214464428,100.27100298351408,11794.00903086492,66.03870283263313,9108.643300910919,154.04608439641336,896.1208632760025,-110.5234636397192,317.3254549560608,8.015090485963253,Mastitis
39.9270632054794,85.02532407566812,5599.084554549284,2448.061215830653,14806.322221238413,403.37058618769413,51.895565364191384,-97.39660679389561,235.98521934671703,7.945145297078543,Mastitis
40.196876773653614,94.467652414976,5150.051182464322,1039.8849718031656,7142.921912769244,70.65540697587468,906.8588525323427,-177.85313660188152,327.16333100791934,8.349942483458388,Mastitis
39.754722643628895,95.05764665206068,12056.285053034439,1131.8036291070746,14101.60524070227,-72.11159900004634,-183.88004448300194,60.114412419731934,339.2899566736621,8.00870032946812,Mastitis
40.04991104896154,96.82214298347171,10315.855384408525,75.89315106104095,4579.904369838886,187.85355053803275,1248.2045575467534,-53.607837419884994,346.3889354605875,7.9950198728579425,Mastitis
40.02147126514857,94.42363830672828,14796.820738932942,4007.5561111517864,7146.188904839879,-420.42191303676736,104.8540848568669,94.77099858021992,392.11411164956417,8.07753667906962,Mastitis
40.14216178772909,102.64034073665594,6620.626883206259,2204.182707038933,4280.338600426229,198.6870170428857,790.9665874555369,-183.85890213023026,382.17338196784857,8.22399767713692,Mastitis
40.03063573481118,94.41325014594793,8788.928352941217,1031.989664516328,7558.651245745478,483.2693120101454,1210.3881858269706,-44.91000217342978,301.95937639585355,7.969780341697842,Mastitis
40.44596186850897,105.4345971036526,10567.685651735,3583.3770718802107,3239.3504437924603,-270.7788508827007,-156.13695770265497,152.62737005309373,355.9892496627594,8.221731451773298,Mastitis
40.00366054335233,107.51855117432223,2220.418289914922,458.00054440951044,14377.621839578467,139.77554010415955,65.38516324544639,-167.5033948639971,355.31990704567806,7.702702447244896,Mastitis
39.95063569354671,92.75189348478783,13369.130977359117,4656.632680543525,8459.501379686933,345.07591934195017,796.7865735653854,-45.82990832662867,318.67264789679524,7.9853284594422105,Mastitis
39.87867799209014,90.81384857176884,5408.695964970609,3433.701612428993,14733.415489758132,-95.7222705694468,315.90687702996286,51.509536235214746,284.6743726943432,8.102319150564611,Mastitis
40.157464011714076,87.95450972863273,9701.710674189195,2720.1098005543686,11233.479797800972,-172.24808996213042,1295.0115209235505,-17.656842897509478,378.2033338352717,7.910452840353887,Mastitis
39.85596424703534,95.89559946532309,3804.940617361988,2796.163320645778,10580.826454036944,-416.36439040556115,462.8809495804012,-51.61319298451078,346.8052816976958,8.593376954961087,Mastitis
40.272052001542896,93.08056923804938,1438.948248678409,4576.460228816175,14254.01570492019,80.37934446059724,76.06708382675197,-49.26676373725014,305.9645260041244,8.21525943103071,Mastitis
39.998101387202006,100.71490566240885,8171.27179869923,3493.685292545741,8275.068047581117,245.61213726390477,681.0465434143421,-5.524123919150961,291.9434990101724,8.323792920408088,Mastitis
39.915337456534566,88.90604172832724,5323.503770146779,3047.9415742123556,11002.727230512057,213.62142545656903,938.860285032181,-29.39729983182139,336.450431677879,8.308054209147688,Mastitis
39.89359199598169,98.44122660092347,10974.306881971403,3182.455044639737,10018.583323320632,-208.8029314801118,1263.5852592916076,-59.48585006591061,350.01736039096875,8.528578976542509,Mastitis
39.85784147315128,94.48973481185023,6266.178199351032,4441.161394365001,7568.0645360179005,86.25403325553674,714.0822548495653,-150.2214211756059,449.99424002047124,7.716633063826656,Ruminal Bloat
40.05187488943458,94.15440522607994,13949.849792730594,831.6839893626607,10696.966831836326,144.96006983665183,444.1993071726053,43.912981968166264,391.0738618920823,8.047228928996487,Mastitis
40.52143864275815,89.5167562743133,3290.743217948935,2972.2230566995368,10856.741161908038,41.54712225074864,433.3038881082976,-204.99399420622396,296.24219839760735,8.332388183383628,Mastitis
39.987420587861614,93.23641408538148,9923.46093092342,2456.0208819334293,9522.74035120553,-319.32951626926155,1227.9901927635324,-181.62948950080656,355.131751315084,8.339570991201976,Mastitis
39.49440968154126,66.87335432566745,3767.530641754446,1012.3785139783122,12083.976164992466,-55.02139689289363,84.81634367697359,24.679243940077118,508.05449802517387,7.7965286995543135,Ruminal Bloat
40.120808390550856,96.9625476348817,2084.8959984578323,1379.6913938086873,10279.29349558092,203.07803786640312,1092.2218798665801,208.88859374827635,316.9671376851416,7.976048271356706,Mastitis
40.34775909933444,101.00788641360589,5807.15750320117,1288.4988091606342,9657.690602081657,-22.27070302797249,334.81117681318426,-172.52708947677255,395.46066303761927,8.014531657370021,Mastitis
40.47195594075118,115.10844479711209,4692.845816970857,1508.5692476220138,11849.439709571607,-252.6116101036957,662.0197780627988,-132.00764083953098,331.76129374712497,7.960154159947335,Mastitis
39.98456424234976,93.28465959355421,8910.991215624326,1765.9304455725432,7780.391757920065,-135.18406821892864,511.02573806339956,33.37140814359535,335.88780718514136,8.133011531960697,Mastitis
39.996123827360954,93.23939428780282,8229.601222524518,3419.495907794323,11499.158814575108,-256.59031497884644,838.2524730536342,187.01466783933105,289.51087553116764,8.037588716139865,Mastitis
39.851323384783726,109.04993825535132,13104.07474335553,-46.570289978766596,8396.87014297581,-434.1981057521782,587.5811332102785,206.0591327010508,403.33687688116555,8.117868359482838,Mastitis
39.81194773093918,94.89222643219543,9737.946852865696,4266.881172640962,6477.933960866594,-236.35197518883862,562.8836483844584,-41.37029342478752,346.7763464328315,8.076947592905722,Mastitis
39.83565722646187,98.74462669556846,12839.006065295764,2694.9897069942517,10493.51757561215,335.16148679643754,907.0119670304007,101.30778985595266,312.3546508015483,7.768089418110714,Mastitis
40.14913759006401,99.79558536596053,10182.826889423515,3973.298650756571,10084.10570619999,454.4867800268419,1346.4529282005813,61.321167589947635,305.77739852175455,8.017025461931738,Mastitis
39.919284932317105,92.96950843557582,4820.36776109783,4673.774949202034,8529.255632515795,475.51505692336616,327.20377195691066,61.84146041681625,349.55503333720065,8.075651327962586,Mastitis
40.413624835499924,105.53771048785686,11295.500776270543,2656.7978838221534,11617.051454496952,109.08716949697394,986.2324576730427,-166.72613546019218,317.60303820436627,8.472203023871845,Mastitis
40.158805568322656,101.17741126142994,4533.397173391812,4231.6956501014665,12745.391902999707,-233.66792574741223,368.94904544310486,188.10192429021,286.14508589562547,8.672837943853935,Mastitis
40.19166164164083,90.19293134251544,4460.635908778756,2021.2890514131982,7565.449027724035,223.4848721548813,589.4592360152235,140.88352265497286,266.3113489210666,8.217126134758773,Mastitis
40.28237269186903,90.79593259599565,13545.99470319242,3357.389799187944,8971.193145947429,-272.4331962032835,1240.359298849729,-120.37822277781719,400.4179186028109,7.900923476083368,Mastitis
40.496321492857994,101.65087764588122,11051.333288146947,4166.674062369633,4548.069217114031,-61.54490378511545,246.9782392083306,142.0839261441667,328.10957900788924,8.216445411880096,Mastitis
39.54939733427769,66.58135865191598,15413.843878394055,1300.0080748657865,18062.243088473668,-442.70214462794155,401.5303574404147,196.55170165996157,356.6303477550297,8.012932120888474,Mastitis
39.85956438700362,96.76158268620517,4836.308362785655,3789.954428445416,14753.528880033276,398.7392093105344,-230.45994837590513,-101.80132195294392,302.15399118311143,8.170495093788718,Mastitis
40.08807915932923,96.73096981501348,13717.227052526521,3552.327019723341,10914.727192794122,-138.21298729844696,619.1767702140656,-26.51240236785322,313.65816421049726,8.549851699710732,Mastitis
39.83134131483723,67.07879454391286,13596.548882690518,5290.236728319145,3759.570380033947,158.61339335219978,111.24958967871567,-55.76166797950328,404.7623864011765,8.273410440582307,Mastitis
40.28496418816643,95.27258709154505,3658.790579251242,3715.4063202254006,9926.476229343358,-317.68375877887456,88.83029257713889,36.05350669362598,297.0949121768044,7.858922522047045,Mastitis
40.226972268813306,96.95688144177711,11602.06358913993,3261.9759731414943,10958.385168160004,454.76438057615246,986.9118333012823,-44.450617087068586,330.6691442115595,8.033433610666393,Mastitis
39.92242331255182,84.91375979178574,6482.68734357506,2189.7333293241177,4014.1937261801822,323.9950096471801,382.25185281222,204.95085264760345,326.59371134808487,8.127529561596138,Mastitis
40.10171232340189,94.6377712229823,5822.258374241018,3036.9616449772575,7249.289854764675,143.81256096528014,509.07654918057193,-163.99271340702657,289.85499281430424,8.282060826745441,Mastitis
40.39344462088809,97.69327371455756,11527.232084898425,4462.463575747336,3315.8186044430277,412.5948868460705,413.06099136973285,37.05941203957411,350.31071997428205,7.790108123647248,Mastitis
40.00777884400878,98.17707589976308,9938.64827078112,3533.48234324601,11242.785934674515,-422.2013493898521,-158.99122664723438,-180.69229548203603,324.7779218504046,8.089063707242008,Mastitis
39.81563948901182,86.93903985295472,13023.907947999382,831.6438063066262,5060.340306440321,-85.1061526753521,383.29517082951133,-159.15114527491843,316.7047902848804,8.017786332772877,Mastitis
39.862815111172154,108.63623967540958,8192.215449890466,2757.4481898873137,11396.404328913872,128.52051120979314,333.17113418470797,-93.63871082349036,308.99060396249365,8.13365407733979,Mastitis
39.72745153936187,101.57767541860946,9642.519313752313,3557.249582292362,8577.578367661416,-52.91051803117104,109.27596279419379,104.90890124471528,282.1590582666056,7.70007198812322,Mastitis
40.15868130691997,106.33598905718563,11822.40259798626,366.4146977778653,5473.914057487529,456.1073788831767,1272.1283698656302,-138.92709219643734,372.86024254386314,8.09524364963146,Mastitis
39.982288832974696,104.76174943259468,12258.077202591896,704.4364262598745,5631.278207249916,-181.84763766760219,-234.6131134064134,-182.68192199671003,340.50158664677826,8.084135272954764,Mastitis
40.2798255364511,97.14377658811624,10210.441666702141,4466.584809130682,14082.243712402606,-73.02736684364942,1216.6055960705608,-222.51145236883346,332.0592903647783,7.912018787284043,Mastitis
40.060375979616545,85.371319533173,10959.40653311212,4457.448595159146,14896.067193112223,154.262119186434,281.85648398718286,5.757556426071722,281.4396306502765,8.327139567175013,Mastitis
39.973691503007856,106.85570375729273,11210.354193326995,3504.2468074485373,8664.913770554347,355.22755736738407,801.314809475509,67.4389469824478,237.7997877497017,7.932547344101267,Mastitis
40.006834137821386,109.11243565702105,2717.1142227830705,1807.212512765549,9178.069675945659,73.44476268749986,942.90119238905,55.995475825915875,298.8613655496648,7.871134508991094,Mastitis
39.8912104606169,110.72511388190017,10401.309642625518,2747.663631405176,10879.714388120608,79.87547481983356,1181.4719740729802,218.5033430182199,359.2542630901779,7.974642302717238,Mastitis
40.04891240811121,93.70301906750089,6098.856358388775,376.4915625503197,9347.435621400495,108.89109616239902,817.3285407302586,-148.9119978101968,302.30581738145185,7.8130400872391945,Mastitis
40.26216502215181,106.95003154107545,4802.373448347097,1153.4409122789161,14350.776445086723,-294.1278301137061,503.02712594224533,-77.56406159586746,284.45433201303945,8.033549986430561,Mastitis
40.08278098064269,107.53517231057691,5090.060124403806,2768.052103767807,5595.054157564318,480.0830420356264,925.5097393277354,37.36408585424937,351.89681690057813,7.867383772682288,Mastitis
40.214954727170806,97.8408557575819,11885.156155102059,1710.6021345459467,13389.674080820314,18.659935551147967,1214.0884589789393,56.37761123390193,337.4193430270742,8.218167412456516,Mastitis
39.773756145368615,98.15226327158518,10487.734712207104,208.58384272196372,7235.938897435699,-334.7460961873728,208.33908690672678,161.73002706466687,246.65494176778563,8.180249138884928,Mastitis
40.36912347491894,96.57771951414028,9733.709039960879,2803.3131207155297,10862.029214474589,366.201424073077,201.75471314041306,-107.1482578122312,350.73345154729,7.79355784977632,Mastitis
40.4332084229638,85.44310742907685,9618.065497821477,1351.6661184935674,3323.3640006753576,-139.66205941133745,-107.69026421110686,-133.5954937237656,303.25035028765603,8.076987664675482,Mastitis
39.98071174979227,93.31663176514073,8818.183178944946,2955.384840101312,5468.966288463077,470.42419062097576,432.96949153346145,59.825305598016314,259.12385535474783,8.551603532033118,Mastitis
39.58650654477751,95.8167844047832,13417.87728206571,4744.84527011425,11573.155657408059,380.68163056821817,1290.6480241694458,228.55818657072672,307.32219511304305,8.365596934403257,Mastitis
39.79726425816094,103.49236770161542,9632.53094203,4122.028020048543,5611.087215168547,285.9627379122776,1232.7798211355075,-131.6829907289878,289.43142320534685,7.896657619823072,Mastitis
40.37968435704778,100.79446657113823,10591.327825510962,3786.8029627140077,4296.465747564836,102.9573332447322,700.9667627563,153.96631402808268,262.842369681482,8.134835059769083,Mastitis
40.27541678184828,87.32865707071744,8235.607651297854,1993.089705982342,10786.024534200042,-453.2575606883196,109.24698538245593,-40.88765405567148,352.27213717470903,7.994202743726252,Mastitis
40.10579796872287,93.92028421180711,9822.778444669239,4368.657782543706,3210.9282648844282,-102.89171456342761,746.8195494080416,-97.17730248635267,307.99103851930244,8.154166401176589,Mastitis
40.26946908952717,98.10676018015207,7585.7366458259985,4283.006434096766,13726.171076747709,82.41947564122117,261.86003566450734,181.9963066544309,341.16015847920517,7.743620575291076,Mastitis
40.24613214580908,91.83013175530576,9255.205341852145,4114.301293398545,6958.954034235481,-103.10499427382967,18.532762482182193,-164.74500603014982,366.1217419559806,8.017967556567525,Mastitis
40.35574152320998,105.92225844483816,6344.646205904549,3166.953150336579,12394.350730476202,488.89791723549945,86.48488970534925,-210.2622478996693,313.6136806613927,8.242039537391072,Mastitis
40.53630020667158,108.38592188049812,13290.69640421512,1885.4048365121141,6584.099843720742,-422.115151768465,1242.9361310882134,200.29921281293227,286.5641767094811,8.162861879251016,Mastitis
40.404449251701216,96.16280206026165,6260.6328153576505,3732.429012990191,5888.013191694333,78.98536049592764,879.5642649131081,104.68274856917003,277.3964916999702,8.073199034487523,Mastitis
39.78064523484207,114.50593494086408,1883.2660772274612,2901.2005142654584,13578.602097381097,252.20656472933666,795.9629697756179,62.82856991468849,302.195067239679,7.8189773163681355,Mastitis
40.15475149264961,88.97458776524698,3104.712142397826,185.78552959115086,4053.601036248112,-383.25324012292185,399.3060659247859,35.9897724712594,319.29826311215345,7.627142974376211,Mastitis
40.02690617555278,101.94829072699093,8257.603946214267,2838.4305382108564,10287.805417002328,212.48768497172213,-112.29344695383497,-215.94900378110398,257.9289946469913,8.156995526930691,Mastitis
39.67757909420235,105.4714540939539,10836.578853149711,504.6242288998885,3630.73822783353,443.13424806597334,328.11807469293603,179.13141046530805,408.1838970108718,8.132548093564758,Mastitis
40.44579954070742,100.4737741851186,13386.586077989072,306.1988658192131,14760.245583934371,256.48292868883146,141.33104185213938,17.06084848499518,380.6480617870226,7.705793974925431,Mastitis
40.00554805297194,110.94651607265797,1453.3274317624318,1474.5126808379564,3585.613147533164,133.29966599233828,552.8251002314506,147.87771213637686,313.1055711571656,8.133989058434853,Mastitis
40.06099838014787,105.74537311834729,1520.2287728227875,4406.177487435479,7322.534399282227,-249.271679608443,1169.450929259344,76.41741792775495,309.3647907541988,8.19848424500556,Mastitis
39.90024599492465,90.85006218220764,11196.386100290905,3498.034979922832,10945.484995404626,468.00306901396266,768.5375678472219,-11.581531378378518,320.14770011585404,8.187684593034458,Mastitis
40.22866828526511,106.94963685557683,6609.696312369171,782.716676594112,6647.397221646479,115.63819593637446,413.83484106223415,-72.30390466227935,325.24730263794504,8.024253443673238,Mastitis
40.31199567618521,100.41217077662178,6725.7162972137885,2118.781884193642,11060.204319334902,48.212960229712834,890.2846819236686,139.6025930598128,331.8516937993961,8.09219678573308,Mastitis
40.175173577562006,96.6640473533384,13167.859254355793,3834.7334353689243,10126.079419725647,275.54710978657585,433.53274474245086,37.16426559156428,289.93346261808324,8.083578538678385,Mastitis
40.28862486312097,108.26450774603154,3252.3507217981733,3556.857930845619,3008.4648756278884,385.18999217675963,-17.71777929388827,219.58158687121536,322.019384401389,8.089949582081271,Mastitis
40.29445833963119,101.38207199376805,6510.895763517269,526.137891665619,4365.219740213264,-311.8826841878539,1186.1150730126724,226.84129223598498,313.0828901676416,8.121057132992298,Mastitis
40.19661756614962,93.07548717894852,10175.380985610169,1876.6326320910343,13872.649474169146,-416.37463845954846,965.6511520970575,81.9088597970284,386.00801044684755,8.313119231780808,Mastitis
40.062880528221896,105.20567168110998,10445.444081431895,3874.3177382679823,3466.5400488560435,281.0552974296785,1243.9078139127064,-181.94909648553133,298.27248791362797,7.884834877514438,Mastitis
39.934314016250894,95.9990135531615,11958.022916981,1359.2444347419555,7928.230626162354,-440.35939387874845,896.989408606619,-52.67047332239876,287.69328263509436,7.976523151828692,Mastitis
40.38552638145349,104.9217942817031,11152.205825041314,3113.7562287686465,3770.5234695969875,-312.61773547297435,986.3050958179433,-195.57064520664264,356.99080184587757,8.391003439860976,Mastitis
40.012647306153845,114.71343537328528,14531.469736299956,3511.361915377159,3468.4678552128807,310.7392729175525,1145.019598980924,194.0104114701003,291.9779285756157,8.169946734654623,Mastitis
39.97465476414985,103.66577780969982,12423.62772669713,1038.836127612995,5372.916200868065,247.95152581765464,-176.26014492892614,97.10149724251367,282.9380569684154,8.295295259262506,Mastitis
39.4957403094458,94.12863392509247,3064.259498302743,3126.8712268334807,13979.744006609908,474.3453991350855,257.69348888341125,-15.956943865395314,273.3007283857976,8.1250055633675,Mastitis
39.81429052819851,107.33466811807997,2724.8974312160854,801.7486143249139,4670.33062454699,321.3783608174565,64.95324212816848,81.52054145705645,329.25900731953277,8.16200086155049,Mastitis
40.09608061813512,89.93095656892547,2110.9399940498924,1304.7060671001514,15134.755968124211,-362.0069745170426,979.2326688971204,52.23461591066897,321.0505915504198,8.175410329297943,Mastitis
40.12207030999706,80.03707898034168,6194.051310216455,1546.7030351537633,7423.766311575307,-368.43594397115965,-102.16516312439205,-130.9988237843777,297.6125452070112,7.889714787303503,Mastitis
40.35982627364644,97.22547330376986,5344.101934405022,4070.6768643146665,3861.4003997074087,-318.2841720965372,-170.74590184577858,55.23568295321404,328.08476966107645,8.134219889962617,Mastitis
40.31956759045552,93.83674871133438,14138.862884127542,2890.489404046747,5409.997295988054,437.1206031238951,-170.26222873218262,-85.60296582933289,340.3968836084951,7.693421291866856,Mastitis
40.090468319112645,104.5223003336224,9140.190750486341,2984.4974397243823,6927.807224426367,229.0020703810046,169.23475900014944,63.93709694269225,327.3477346366244,7.591552442254498,Mastitis
40.118575664831376,98.82058315408649,7749.512612528114,4391.654960732791,8403.612396850334,-413.8813789847301,-145.47104449184428,-86.60824846555184,240.816286956037,8.117114075373381,Mastitis
40.37712877393468,97.9276010574454,2072.881589693485,94.46359687233326,4979.52917228329,155.45888742364565,487.7269286271039,-217.79555755530262,376.0491883157147,8.298313023994083,Mastitis
40.584502951733405,93.3444631832152,6881.199160317097,-4.388226457187557,10838.642391606925,113.7487351163736,-176.12217742036717,-187.11812735356318,263.5519557402734,8.243400292533769,Mastitis
40.22993248789371,95.6302942877974,7925.53042687036,1801.7348386452438,9115.144270026587,376.8659198355091,-113.49141554878167,-151.18624569106348,288.0523922913616,8.312178457045775,Mastitis
39.85373867891576,101.785408963859,9059.821747856604,3618.217229395422,9458.712768647645,-127.09298611909037,601.2193692928914,202.58320263402416,346.94827243655357,8.33155955453173,Mastitis
40.16892021519068,99.04655921856343,7773.686965046569,4067.4597058734657,11615.110798105017,268.6860066190703,835.884820496892,130.35189181765924,288.6616003349877,7.69169540556043,Mastitis
40.08540690248521,95.04932040721636,11613.20046021299,2242.8978611061493,7357.820194614676,-444.17980309562233,-145.7987046832667,-226.8302032607379,336.44274073262386,8.167601510172162,Mastitis
39.72125133959468,108.50595980968565,8151.877175361226,2563.4875324370073,13800.656637295324,90.60755730859624,296.3013930762481,180.57140862063594,332.455049434177,8.230715795789985,Mastitis
39.794276842415336,95.77411876464004,6744.46726404878,2431.715515405797,9968.361559196092,-233.48982987747812,1316.455908944375,51.996282657228576,296.6573048527356,8.119570491973098,Mastitis
40.07147092585601,89.816883855492,1934.6849039374738,4398.303045868892,11920.334646407353,-408.1506771837637,-178.16570846262937,-119.19195924217199,326.0663401182662,8.6257004950421,Mastitis
40.19447565202193,101.18784672671563,9239.9682992928,1839.4633231823527,4221.863967528663,439.3780930462658,592.1014950441431,-212.50962019478519,354.6391991775403,8.141565521702221,Mastitis
39.903268950303534,112.97016643275626,9070.309964059734,2642.916987016043,4750.6798654457625,323.6614490468879,349.8114950667901,-44.91190085298401,276.7215112968126,7.995642464677019,Mastitis
40.210688876088945,103.25807257972221,13075.727330531266,4500.6731668644625,7181.221563807699,71.57070256970938,139.1647129954032,21.722464821156716,353.2832474712102,8.153608822328847,Mastitis
40.20308041549954,96.99511142715984,7781.009750358374,3220.2252046052954,8981.864260047769,51.310317324678465,123.54534162558076,-74.08795187676652,288.3945598080303,8.204568386626752,Mastitis
40.25928305942703,100.88214111357556,2006.9289364578299,1026.3104464894461,5727.361050485699,-265.0766621348073,1170.084934436286,217.6816957068897,323.8624600597045,8.439023851890816,Mastitis
40.38788694919316,86.79853149990367,6911.688695206339,2720.572591517235,14625.827854047486,-186.76669943285748,440.83878395036703,-130.50969324017092,352.8721569629434,8.34692915487046,Mastitis
39.992343177964365,111.02189033574531,14398.479089474367,734.4621287190073,9292.853397484778,-273.2662905354943,299.3580294983853,8.603065434939506,256.3930565963653,8.284592647105013,Mastitis
39.74600126383154,98.39566858608308,7607.84506206457,1286.260065125802,8496.937490160159,478.54041613326183,946.8240777721724,-147.45133334180233,328.7449637637096,8.351929882005578,Mastitis
40.04894633583818,101.27386693515749,9574.598658076166,3287.076852971857,5624.6680758941075,-122.80484016591979,1171.3191129780985,-157.10960382697695,320.6027218002274,8.158744341022436,Mastitis
40.18895866921956,98.67360463594608,13343.451544587459,3096.158440881585,14165.429673398461,0.1341706280772481,151.72771829317338,60.74406696596971,366.47938121608195,7.736254086967222,Mastitis
39.99208811697563,110.92352871818501,14638.479059576457,2629.9513053240726,4780.274975137465,-54.8725975194406,908.2567733719,113.217971843341,366.43257679145944,8.059804924728416,Mastitis
39.76505468784588,97.47499023018568,6794.007407420068,2438.5285657875756,5572.285732894232,-326.533584044696,525.1659110694803,-205.61338539548345,301.6728151161859,8.256055011312629,Mastitis
40.23658745971316,108.75239212874416,8397.439430694561,3197.903544471156,6760.778886458515,219.67213011828312,1353.8402990091292,127.75305115246225,311.18481104332267,8.461547565306788,Mastitis
40.19383621352969,100.61062725527889,6066.7298423450375,2797.1450823870955,3590.3270240844067,398.25103522036903,1052.8857273183705,-37.196970545930505,311.75850980689813,8.0893926591311,Mastitis
39.93124686743496,96.49396785720764,9790.399180801529,1372.099799066852,8130.349863413057,-73.91494035781048,560.6133627746905,-71.32687641783437,331.92379316941737,8.195498406285258,Mastitis
39.60914121599501,98.79552880689907,12691.535596509273,4787.483752489429,4523.392925803786,158.75409620739717,710.0344692119589,-100.15663500221461,281.56825524016625,8.446767560242405,Mastitis
40.311611348773674,105.39812534182376,4899.562655289947,3800.9109432218497,4227.178529251499,325.42354556174115,1110.2401451912174,-80.48680604387499,347.8235495125508,7.976287908437028,Mastitis
40.49720943923095,107.14170647038672,14195.548109928233,1704.4386290691482,6999.282063973966,-390.72600835520984,239.31905384556217,149.376148765196,318.3009340632798,8.298754706320013,Mastitis
40.17245749283644,114.52005327570859,11717.012541114033,418.97909737032705,11473.104490388396,-165.29245832631855,1086.003189809498,28.002942015530135,372.35831343272736,7.964809985684349,Mastitis
40.02696818618395,90.99099558962351,9285.65983225133,4668.488332753483,10315.514311045496,-435.1653870237378,526.2748915116349,-184.85658185891597,260.57699872545913,8.090611015033977,Mastitis
40.32837131814472,99.81430128182375,10503.252082264024,2717.740883293761,10311.901747468433,-156.81232692295316,468.749857318613,157.44254425435273,362.3853902981421,8.417148086668554,Mastitis
40.14811614016864,101.80674009904372,1971.1109301332272,1735.8186917651915,2930.3344033530975,-327.0270643067069,1058.17237968478,60.10745998203474,310.2856303192475,8.027346849014764,Mastitis
39.943573881200955,106.40203864553955,13691.804160750427,3805.2735571326575,14029.223013181181,48.53664519017059,875.051897437375,37.58686852257463,374.55841039781825,8.433238916080855,Mastitis
40.06064746988596,109.48278371374802,5900.427128907312,3845.076467801383,7245.542490484072,279.80213448197117,175.10610779445534,0.40357771575349144,292.790865383732,8.091129174381658,Mastitis
39.849876869640035,92.29314871986492,4852.262821007009,1140.5053466326399,7356.63866341017,261.2570236021772,-94.49008917723802,231.91154472076832,325.349369842836,7.90860805094899,Mastitis
39.984721767296215,106.75725131737845,12388.601544901701,363.13237831576816,12954.374012028564,-65.36443080655621,829.9720557332012,36.48010525308534,328.5863550053723,8.30353909490811,Mastitis
39.79925020230456,93.400873263026,1710.6760821856224,206.87534827721993,2887.80336601567,-96.44814519459572,1294.383365716408,4.2733329171705625,294.39922045851495,8.288902257923535,Mastitis
39.76454424791912,109.03117451804377,12147.48475977156,1398.5254701310755,13093.702223389944,145.47337511824773,1231.9274399631388,-22.17971170596249,206.25636376399945,8.149802146822804,Mastitis
39.98385245800392,96.48882965384325,13541.87562568418,3027.393885794729,9199.833755130338,-383.63409935264724,1073.0517372921454,14.229690917322195,310.57309978018947,7.678942558883608,Mastitis
39.79940497032454,88.91402379294857,12598.796039397033,2124.921839159212,10026.383051967263,154.79600148854715,135.69179197831386,235.37662629926845,350.50910581205693,8.252225770650123,Mastitis
40.259436511653014,106.90967807720212,13188.091314083558,583.2730424353126,4517.662385493365,-266.4021070171443,386.3899134681428,-36.16284154321118,325.8501753133424,7.703990918091936,Mastitis
40.19246273681159,98.90338464493968,3745.8279115653077,1442.6079209383859,12419.303697237347,-434.66696554555216,818.2363933763955,55.41259508001005,330.69104666821767,8.164400041001375,Mastitis
39.94722947824051,104.81467572614407,12521.862248147601,4316.501128648511,10965.013928802255,-407.1363387638251,337.7713949402525,-79.23538270364345,276.96170041069905,7.821751924597492,Mastitis
40.158935170602895,100.0057047020289,2674.2455495742042,3325.0554984641394,5706.42038765711,-308.1291008439097,1259.0098076396034,-97.88373811474152,267.697160044833,8.050227561078323,Mastitis
40.0633907337091,95.90880755143667,11903.993317883429,3140.331127307221,4518.394360739696,-160.06321073495937,-135.05305090237346,83.84142986381661,269.42588956169226,7.71758466198166,Mastitis
40.13376402889624,98.96910789953681,11290.40438463505,4434.603435112233,3234.280448041789,37.07855090858375,912.4771272838842,-182.2138966495542,309.8548130968216,8.146601709927928,Mastitis
40.08672530607784,101.35098673625794,4612.79091208914,350.24657616048444,7803.202743756549,-361.99554454927045,-81.30450780265187,-102.4011862199511,254.70476360697091,8.174668220988497,Mastitis
39.96657745034027,99.65430407424878,6879.4340699885415,85.03280258066161,6550.02389366508,-306.11261702957154,-30.67767608202962,125.25700039970998,238.01041582758617,8.170638313560751,Mastitis
40.127967580621565,112.49770108098826,14911.056792075673,2290.1095628419394,3851.6151875587257,-415.69910062810885,-139.4845031216738,186.56614343537834,330.3237870799218,8.386678699407478,Mastitis
39.92089502387638,101.43533852223916,6418.509977485892,3324.7714117513856,14610.333462992088,-13.883170849195302,-85.60300280967647,60.661890825231126,371.980535308459,8.043304688432851,Mastitis
40.12532289751614,96.55434594302666,14194.73939568753,1060.7878675348516,6205.178988724807,196.48370451283958,914.0591006757584,-190.29150254712295,353.44115062640583,8.482886259617905,Mastitis
40.039347797000126,91.70703087910695,14232.604381460675,4295.972819079809,4469.52225454035,-199.68317526669315,1297.2603524732422,-36.356760261554506,322.1774879036558,7.888448953802662,Mastitis
39.725309708905684,101.23105420652081,1533.905417065961,2160.7774389134574,6519.09396628513,40.43695079235821,1351.4849519061759,1.6857537264562188,254.6165336802298,7.945362332997664,Mastitis
40.090640365266516,98.72994285693099,7617.363345843773,3010.4049536379557,13183.410232965927,318.6607103686775,1146.5922095981925,224.30482811279472,393.4746572802018,8.29776801061192,Mastitis
40.43302103797195,108.46383526971951,8662.698735787122,3844.4582077011496,9932.989903707521,240.97156533539496,219.4796129514914,160.5365550119002,304.6771357690141,8.199120018416554,Mastitis
39.407472568646924,92.15270504921045,10479.008294596442,1682.389256203399,14904.531520269717,352.04469467569965,321.4757841460197,211.63096346996699,382.9597908131345,8.200192590228477,Mastitis
40.05614599540975,101.61273467738116,2850.970342521672,2059.4649055122086,8903.851218968444,133.0033137527266,815.0615676846863,201.7398706654587,315.19183258965734,7.979152622145573,Mastitis
40.23583674253049,97.61537947254321,6264.464333288086,3247.6100585161116,12224.283245540404,391.63698814804854,369.69050729241934,-61.10149244161684,293.4249325056691,8.068063985695318,Mastitis
40.0752983266053,109.99324308824706,1998.0295259938466,2033.6853637567697,13389.260704195394,388.0389752777806,722.1942087906123,51.099832767907714,396.60179716639846,8.151111968365665,Mastitis
39.75457927823518,93.9006712465888,2923.5070588843037,173.06288529902986,3841.76749842561,-411.7288694845167,46.4480357926177,228.71440131062653,339.31013175701514,8.22239099519328,Mastitis
39.8596165523011,106.1304890717592,12691.632727521675,2369.497232355202,3373.8449971822247,186.17479015248827,1327.2795390077786,-165.10081130684793,295.6346901722627,8.101273925531693,Mastitis
39.97025308933722,103.00359395613292,13709.720873736345,2020.8387953949448,14109.293105780052,-158.02713501741556,-163.88766767096934,-111.84992041235705,391.1208917968685,7.719859683043942,Mastitis
40.17898224411826,98.49211516254731,14864.48232717949,228.4224430892491,9170.118944042777,-212.21169563636903,698.6531069938021,-184.73925532173672,347.9025225166829,7.880609928301617,Mastitis
40.36061219033801,99.52963920999288,12358.221842638613,218.84334756805674,7785.877087167064,239.05766134642155,941.581348149368,205.18198938976676,328.91316391617244,7.830531130889143,Mastitis
40.12903971059276,101.61637578272612,3523.80824062142,1516.0056551697553,7791.509134200445,138.41791529777385,502.8051077294246,-141.5345328371771,314.08143089526936,7.89733161986038,Mastitis
40.09318407739202,99.76885660590551,9879.02179307076,3552.696752648307,9116.377600518943,-59.917836467550686,545.3752741326191,-174.84241248192905,287.8022171241759,8.289470641616335,Mastitis
39.93739055197329,113.6803692951201,14421.304554961067,4072.655494785512,12624.350282717063,-323.4510396100789,-124.74674533430266,-51.59369427286866,278.42229813435665,8.240362969563371,Mastitis
40.11638920174058,109.82340032010853,1807.0913171396833,3948.5863595467254,7767.061203208279,338.967687833249,551.9639740017649,-95.8971520140949,307.95231212513795,7.912352496139049,Mastitis
40.16215355429513,112.69279390212104,8413.204392442272,4646.704245632596,5587.5236447238985,10.272674870572372,-189.28541843345522,-63.992834159445124,363.12412876377584,8.067040482438031,Mastitis
40.04162272498324,104.76048700006821,4725.1058578690045,4531.80838448217,14567.322897510461,87.53248898373857,-31.81727305727793,-140.47511976556697,353.0026777100527,8.04583631334447,Mastitis
40.086537715506516,93.6758257905576,7386.153662047336,3197.8964523701875,9397.94909346629,246.04166977810692,74.2011660381246,20.53130963903862,277.36853888946683,8.194616695116382,Mastitis
40.325352293740806,108.33664928941866,12957.858253553106,756.5564625074671,11101.622931308975,240.71298025481937,-62.22090462130393,87.14435197637484,274.5907531328256,8.068900547207008,Mastitis
40.11018298235498,89.43064936346045,3782.6538369609025,2639.0564135496215,11231.739922680996,-223.54865883031286,845.0330436249773,54.88307431897603,271.8787893803917,7.895543036678296,Mastitis
40.14964685255428,100.64322728164694,5493.686477115273,2315.2209281028945,5929.949267898715,292.7366303883265,778.7118922077643,-140.35620965866275,277.493618335926,8.359335330806482,Mastitis
40.020178655391426,96.06506392996148,14508.004482891003,3366.1671329452956,14715.311867444274,236.97109443067077,868.6541720184634,61.9934328619875,323.85718193512685,8.225294640046222,Mastitis
40.12179360069046,99.2451878048679,13359.493034654279,3550.4776245300723,14268.26199122417,30.866930031342605,-9.098295845351686,227.4289960075052,341.558748344558,8.387690254176531,Mastitis
40.16359328581817,88.72303276705064,2196.301865965621,3383.991340003075,8053.6846423515735,-413.63234391695346,515.2890599702257,-59.44777818335007,308.4013372394276,7.914296082637305,Mastitis
39.85621769557892,101.76990267509765,9688.301051663333,3469.710399543421,4495.897020383187,-119.09829948381042,-198.85457805633416,-233.32401553754684,305.6493333534529,8.714161665289332,Mastitis
40.275327546343306,100.20796363760553,8942.327398629377,3526.007346249873,6511.616531216556,-152.1423512614553,-97.28370674170185,23.916647798031722,291.23431599806725,7.980071566012048,Mastitis
40.21609274101764,101.21500649516075,7829.505881383278,68.9158966656023,9738.810917885068,-132.8645944865458,366.91823632800185,145.122624691381,334.4381396506978,8.091961139694556,Mastitis
39.91121377612505,90.70132403158796,12518.420005026645,4256.229199880464,10158.1618638557,-343.79969368209333,-119.45025761396766,-19.8317967445816,301.03435118232443,8.690328565945041,Mastitis
39.85771414074391,97.34570107899765,12698.56636541187,4431.031987036482,4568.707207803344,83.51411971186423,1039.9752760639053,-204.9397556324412,250.90924567239506,8.175595880570492,Mastitis
40.45084321630865,99.96329972300057,1630.0974622838348,260.548816291408,11197.109649012184,68.20060357364743,1106.7673259595388,146.12457215864467,324.33647052180874,8.257986954998971,Mastitis
40.27018955027937,88.39001938680438,11714.360591709257,1922.6253022025162,6479.719722321238,-189.84268131211203,453.1781872423054,-76.71236028104312,315.1202370233989,7.906257065024901,Mastitis
40.06342680788295,101.01626022871028,7651.497052350569,4236.40239559134,10275.290892183446,-333.3892248478803,545.5369465197748,-49.329758590391506,283.5620872582279,8.184575150087303,Mastitis
40.44518131470382,82.1324985037565,12223.643257741509,2974.3647695747177,10095.694085603074,-31.426689597448163,21.252108785784912,-211.5315028489553,321.3267803988836,8.285103470604314,Mastitis
40.06437598125686,104.0081204884249,12618.338870889469,371.4037931157336,9155.100512753588,327.00247215138967,332.6673374304238,-80.18227974276967,305.3279839238844,8.045700459698342,Mastitis
39.97437353456153,101.10473400965631,2185.4183478193936,2619.583022729931,14459.911567502748,-440.1462870949224,1138.3679875173298,12.71382133859738,343.4303976060537,8.275000118793878,Mastitis
39.890907583989645,92.91527020254259,5775.390350887819,233.98970363011676,6234.570921079226,-201.00682296722763,537.513246658619,222.86278608637522,328.4147023168155,7.954879296574212,Mastitis
40.0279388831287,90.29699376538385,10312.336682957637,2674.271362879733,9413.410495251825,-385.5736053225436,195.79528448256042,-21.403976639192095,365.6322659846455,8.526948519397607,Mastitis
39.83919231348193,93.34685442300675,5957.2266243568465,2444.6125890311914,13395.320105047711,367.18722877180346,172.73378308413623,145.03491476128278,302.2196699925578,8.160699269319613,Mastitis
39.97546935163519,113.80086464853126,14015.033487996587,712.5316022102743,5703.199347943759,54.77689728493338,883.6220668019378,-66.31513800141354,294.22334600592797,8.40673939507414,Mastitis
39.674254783941485,89.89647591739731,11664.684879326769,4794.278683337074,7243.664804033006,38.23604725553966,870.0164984911784,-206.7811324521726,328.6170062656296,8.085423759057125,Mastitis
40.21867293967099,110.9579007456857,8371.375576731341,1316.3682502659344,10098.102934108147,320.9100001371576,1347.4630528264533,-235.05227968115324,280.7004032875337,7.800843765091512,Mastitis
39.81471819090404,98.7734949960016,10298.552674207484,4449.641978141624,6313.2548042736125,193.11806161196316,245.18395015152214,-116.10356263129275,353.86911903510827,8.310969809916369,Mastitis
39.59650872723391,104.71568876290664,14740.140082941727,1919.3625369343029,7886.430297943357,301.1630996552351,1110.1771356083318,82.02401617548252,312.1806752805264,8.085300730187821,Mastitis
40.472639100699155,99.05726144800177,3037.328635142794,2827.4102896135723,8539.776676486112,-106.92692131807405,788.5721146889949,-198.7511003425503,345.97707967037485,7.8851765142174575,Mastitis
40.38404606450429,96.9506186385207,9001.871139651372,381.5217214680529,10449.32746326674,-325.4957896634976,921.7745729248255,-177.44029069721756,370.637637130949,8.159585338849027,Mastitis
40.352599178031745,77.29673294757472,7591.452126059143,3015.7219847037263,5394.925558535983,83.2067942446813,797.6605435726908,67.87200332648287,303.8167565189279,7.753683259147789,Mastitis
40.15576215434756,93.77961019230204,11228.068041192777,198.46765166987916,13835.509260271268,-256.6836759973643,-78.08408775891928,-161.26439151416406,400.6091966325176,8.096659968142088,Mastitis
39.64628248105053,94.2800178856998,1691.293933040427,4072.8156224591094,3943.552179359175,-33.6595907556121,531.7808635252823,167.16220654259675,386.4795913874952,8.317154269534427,Mastitis
40.17502528887891,92.59102874417243,13652.122155719151,1543.7191762386701,12579.185238534563,313.18212818945995,41.6091609466298,-31.195339019563026,333.8005924603157,7.912877356888154,Mastitis
40.27175119532603,97.68403430839878,2494.7522827226303,1036.5348485803056,11428.653111563302,166.86452576503902,1145.058133073555,161.62328023795973,369.25324856678935,8.570783534857565,Mastitis
40.23644730685384,88.5085842318285,13297.270622509292,4270.575745251919,4297.7260974735555,-195.73799424429856,207.87299029547233,145.96799418299338,278.1343874389303,8.202280389576849,Mastitis
40.03276661887174,98.71554693169166,5476.156277728969,1245.7451061485797,7224.761778242532,247.67357569382415,770.0956022432405,151.63381704182342,309.96438321118484,7.984405467226067,Mastitis
39.983515935329926,94.63034848707083,10902.093165575434,2687.0312591266506,7024.709980103853,-258.28058410922904,745.0163192389604,-59.94941793142267,454.15971042027854,8.109923816527832,Mastitis
39.877605005523804,90.1536697422387,11040.335013406399,995.262113789853,6587.254745342855,254.49928426992875,178.6955318856098,28.384364249950107,282.6856538085275,8.037346282455232,Mastitis
39.8471596733976,101.521520322324,5151.296553471118,3378.365684831021,2781.9117999038226,-87.48980873446467,1330.3041735216684,-200.8800285620408,255.84752767162334,8.1813176529698,Mastitis
39.81098954379245,105.76174294695375,3058.296356757057,1124.5677517581234,11979.055711646555,-371.9463551116823,786.4871703773422,-106.0723703548543,331.6772038626637,7.764279751385409,Mastitis
39.750004084824496,106.71077247550892,11336.553665724317,4364.592017832982,7429.208948515046,-105.82839627125982,571.3963298274438,221.5982490020667,283.3280079699242,8.363085908461564,Mastitis
40.00140487210854,110.53246191751293,4343.62697625345,3248.7126587367566,8782.63432716654,366.89037861272175,1003.4587409490123,136.9743357137668,296.68302173770854,8.031644261462908,Mastitis
40.0372556901259,107.512961897176,4077.871186688558,2211.6793628331166,3702.2185958294313,178.11960807463439,1045.2591544806755,13.410046829219855,314.59964130648956,8.353310458346874,Mastitis
39.77989043055724,97.26586335409488,6222.679971009668,4595.815684641455,11152.35476127787,77.84077555378795,216.3395374155142,3.5120635286800086,342.05180098435255,7.940373153693006,Mastitis
39.756310212998116,95.57727234908309,10976.062582834178,4596.1641041078465,13580.252839189943,435.77830468597705,501.01239087415473,-16.007243882528027,342.97695795104596,8.243087858125847,Mastitis
40.185725047202475,98.4900891475285,1721.060888238998,3760.2315377740715,4524.339619444898,-368.8018767476319,-16.321360982526016,-152.03730732103176,368.0414574909031,8.002831221031064,Mastitis
39.59631898479227,98.60056763844284,10873.174840827269,765.4576323935075,4231.206319150631,92.38538238657426,-73.87128432388079,-161.3434717023227,293.2282326621135,8.307655905839157,Mastitis
39.94043685418365,90.8526025695273,3948.3138519336744,3720.7823268626626,14896.728595190249,213.6325432288219,29.215123117248936,-40.25748534066599,323.68245198630086,7.813805737338429,Mastitis
40.16317255545939,94.2661244107648,2008.564401557598,2292.994279694076,10833.894688637354,209.8971195863328,495.04738458678435,-100.42682913409217,324.2095860929323,8.308325505837246,Mastitis
40.02050511394093,89.55895966485858,2481.0618978484217,1763.949300337171,12960.986984418256,344.6801362886008,677.3897702746766,-156.04704601647828,349.521735598069,8.122764832514356,Mastitis
40.28677220360178,108.3829512904952,7314.73614189187,2369.8314867258487,14630.717612758799,-354.8265625620736,10.306294606118968,72.25755608723229,315.619922832041,8.060644638566668,Mastitis
39.779907267203896,101.42867322459304,7243.522153593123,925.4709434775996,6631.199389196781,150.94353271143495,-143.94002270190379,-35.10119812165232,273.13223983031827,8.255657166236663,Mastitis
39.976369652850394,105.16588264875654,8025.3119935743825,3217.158944977638,6021.028444215832,-144.00894475099514,179.6158359916522,-229.61729177318367,371.146311876642,7.963947078961347,Mastitis
40.20344217994808,84.42285473785158,6917.791196747432,96.73642279770411,6164.598712996947,-347.2369331943949,35.852599495701725,-79.16973119113324,320.8427191140878,8.172312379488368,Mastitis
39.68942514953426,103.46913416018629,4614.9061871414515,4563.193774646841,14283.703987747584,180.51047526094203,563.8140714168804,47.91590258037199,325.5906259966813,8.177156174711039,Mastitis
40.20200255544087,93.6794061837731,9760.749152944425,2835.509979599802,10618.863014109029,-426.9315400150151,734.7775862131116,-50.7000097999166,325.81689895813685,7.9246975810221425,Mastitis
39.75187017838356,93.58021162011003,4700.724049628404,3422.9164438096122,7490.58781438193,-190.47913190428736,1132.5774619260092,23.391180206778923,791.6413826528604,7.553976170815103,Ruminal Bloat
39.71780354342248,82.07921356291853,11225.583462840948,143.5244067683725,6230.076819984275,-386.5856430924676,740.1592472410883,138.9894240581412,831.765132530928,7.509318077433408,Ruminal Bloat
39.86950640764385,90.52546757431571,4073.313717651801,590.1922212259731,3228.475999063485,-402.8969128793446,755.0567743293326,-94.16230925765842,837.083934376052,7.522892913943974,Ruminal Bloat
39.55702872133064,109.30508485135245,1964.5992362678098,3941.1174377692437,14660.778266972764,-322.4341996195456,-72.45807779946745,49.562824909512344,814.2684288214354,7.677181857785743,Ruminal Bloat
39.33598044580276,87.33060804593109,12213.91567703227,4603.724052976677,5610.384150656323,451.3769342986587,1180.6776638223243,-4.40222642179531,819.6135155655833,7.558892700660614,Ruminal Bloat
39.7681907817953,82.94901318282432,11562.959222783593,3304.2641356105355,14639.839002050216,204.23935473865447,747.7729042615083,-184.59696682495544,753.0997091701017,7.427682323764278,Ruminal Bloat
39.22404048248804,78.1628360547826,8723.362103111573,622.6572545780607,10777.561793745239,-170.77203121534575,21.81854805457283,116.0419632069515,803.7900353417425,8.028606784361024,Ketosis
39.46154826875649,86.2709293327217,14292.15667585537,2676.03320550596,5695.95714568906,73.24927842709906,-233.957169229432,-236.7420414868701,795.0681022364313,7.449720834133384,Ruminal Bloat
39.2659558534829,99.01675707855283,4826.4227433188225,1172.7784873284515,8045.970161730136,-264.84624694950327,-85.79463003059811,98.54239904760504,830.7159724573922,7.766705341110917,Ruminal Bloat
39.62381646493264,110.51200314895924,13472.933159500888,1701.3451988534646,5153.402849594982,85.61334029551179,-114.22194054649742,202.8581021289006,803.028666792535,7.54549164906137,Ruminal Bloat
39.73228752201428,88.89271555371903,5393.518933789401,711.287687942922,12572.569339189784,-358.02326100209854,1296.8327134817125,-203.27569765071212,845.2577008494301,7.859490794055057,Ruminal Bloat
39.983974387744496,93.61451477849845,13803.939097681243,1011.2894518362616,8753.254730165776,449.28450462629866,679.3292451087311,-38.01759189699915,691.8949703748694,7.433316986157418,Ruminal Bloat
39.75586287320878,103.619311412972,11992.048891090955,1905.0065109491675,4637.946664163201,1.7936708654883162,1220.9829570355678,-22.976617965596585,869.0846587410806,7.51287794828082,Ruminal Bloat
39.82647855509369,91.88709787880484,2505.089465914213,1051.0542901094864,5137.809708803485,-403.158637830539,787.4843092620875,225.28633557906335,785.0126537399783,7.482254025381234,Ruminal Bloat
39.796595258354266,93.95865084378761,1612.3255537493005,1954.3765882779207,6939.104304959571,82.24766134619311,1108.4398943737708,90.96340097502733,870.609387031322,7.510466238296173,Ruminal Bloat
39.42555571637842,101.67023511918939,3386.8331157167213,3389.7464902463053,12143.808903795278,76.57033853035945,1094.9449146916663,92.55926075628494,868.1012865499999,7.3681293225102955,Ruminal Bloat
39.792099630546154,93.60456826922112,11851.044587412362,1232.3698449024241,6954.733070440261,448.9049176026612,229.07399242165263,164.5586023024282,785.9805740223197,7.5699395354449,Ruminal Bloat
39.388539217933975,90.7200431298672,13558.775096053385,140.7212958785467,7735.490578312001,-385.0937432264209,-152.0613632693229,-226.46373396649597,872.64701802871,8.025395955008836,Ruminal Bloat
39.4117612951713,103.48171420882842,6100.454137612733,3280.627943729512,4276.912355028187,354.6182452611069,323.52630811934154,28.6163123159282,685.6774725229043,7.587196675512594,Ruminal Bloat
39.439416859222185,79.24111158961301,10574.248081384108,982.3299049128768,13889.14989932864,-379.3088744387841,306.4064773908205,-140.31083156875874,767.1573020444507,7.59028965367072,Ruminal Bloat
39.231449889627484,105.88843644258054,7674.186096166887,4595.052122387293,14107.051303828805,273.82983643652966,771.2480499376727,-91.0302905793274,725.4473366596778,8.069653173643994,Ruminal Bloat
39.47517968613207,101.45730628025814,13568.07937774399,1029.56427238357,7239.688183216496,19.386580625708696,1336.2570135744936,32.68784946575519,865.3411163113021,7.987847350197618,Ruminal Bloat
39.658025978303066,100.61292877507731,13600.123548207115,2492.3442123787527,10663.84546493616,-292.05265448647106,1253.306276167114,-254.7976013074865,866.5566675907357,7.503180248334051,Ruminal Bloat
39.40976278439168,90.8330656190395,4907.125364405825,163.26996863880322,3769.8911274160528,-362.31311351386927,1266.4334728070262,-90.89968601683509,759.2104387470265,7.428551042674913,Ruminal Bloat
39.7609419371428,98.04822390884917,4021.766772634939,18.07040666709827,13328.914053150871,275.86346954872135,1183.2509010106917,-167.4478922514715,803.180003627256,7.831424372284946,Ruminal Bloat
39.725537675127036,102.34817083728386,9890.85308661087,1737.573984787083,9459.857714650534,-298.652779521346,999.8378459669035,-228.96512460273658,836.3263022333773,7.370359913897035,Ruminal Bloat
39.617627099695945,96.62738777668719,12461.242953324381,1365.5368292200217,6295.478385379187,-237.08310292460672,879.2829655421914,-226.8127792247341,731.8915616524407,7.672876175130029,Ruminal Bloat
39.71524693084296,93.91030234133733,12785.567603627178,3551.5475348590653,3055.1762726678326,187.0461584756313,-98.73632583568462,31.864677223457296,802.6055837099351,7.761830921854908,Ruminal Bloat
39.744390084760205,99.64194464865066,8463.190425435965,531.0842836225193,5465.68673245028,-190.30466525378552,260.89886246450016,144.22701074111407,800.9906823279439,7.715089684099819,Ruminal Bloat
39.46245948273083,90.1393969772131,6937.195417877291,4012.16177663329,14023.101447873223,-27.0843151020497,1179.8653676494869,-16.722285455697154,780.1693631327237,7.5514692364555005,Ruminal Bloat
39.25450231475889,96.17795159355634,3613.128640563051,200.14706937998972,3801.104511741167,435.7741525979516,68.7881019344801,-124.44252708725807,735.1327650764879,7.716350190499068,Ruminal Bloat
39.4892524684795,92.66505358012435,13841.092781053658,434.1229879585951,13174.85926128543,85.96801719361,1292.452504424888,158.73334292586202,872.1650019073845,7.604348013879255,Ruminal Bloat
39.899045313717984,100.22799625103295,11849.969309852684,3777.0639189356843,14186.832630137313,-8.228079523858774,41.7772493952275,146.08952491419134,763.1777601973106,7.745128526626492,Ruminal Bloat
39.63660419153396,97.06926043138562,3554.4969129355395,3306.868115267602,3104.134634494065,-126.34677911578046,705.16711785903,-124.09241846292436,730.1641946312421,7.206772000888475,Ruminal Bloat
39.270643652948145,94.69266500084635,1260.0469983474459,3760.9834303192088,13073.287981342975,420.13861373107454,-34.81334221455825,-191.59338080693917,782.5909348533974,7.487433349690802,Ruminal Bloat
39.920798333934336,99.91186745471535,3431.5787616608313,3360.8367161219376,13856.979506669522,-234.85021507459166,904.3397797991681,37.7614339492785,816.7998776061056,7.6673203915997235,Ruminal Bloat
39.57532765800693,91.31414319920913,2296.673171082528,3574.436117515719,6910.268972399494,-278.2248595540412,343.82938051110705,-159.93947936334837,784.7748180766437,7.6335686987755365,Ruminal Bloat
38.998033390185675,84.9721625338715,10943.381409390973,3400.2860799814625,9873.785675184376,-24.056036172806188,85.51493141663605,-162.47548962253734,763.353124059699,7.723880819873781,Ruminal Bloat
39.74277231750779,87.59824584324721,2138.006932525672,157.79100477138536,5588.234478144153,-432.172952001489,770.4847679747969,211.6062315734632,811.7525966058348,7.849850729162063,Ruminal Bloat
39.667032499511265,92.97667183993273,14059.45832465395,2315.121731726888,11860.535499427478,-259.467463062924,1107.407101270996,84.42013656896955,843.7532228632697,7.673567972411303,Ruminal Bloat
39.43419464063629,81.41979600137147,8089.6963764251,2246.9432094247013,8346.974950662465,-163.0801641613041,-100.20485768723165,-202.11500965849353,775.0295036379199,7.6361402001459115,Ruminal Bloat
39.351396602571,104.54598107516442,11216.102311691993,691.7602747865437,5358.115862164166,-306.62994130628226,1106.9467906368855,-225.8367716275643,751.0772258471698,7.636988070533938,Ruminal Bloat
39.92137777496911,95.7673062298757,4291.392562815037,4250.098766420109,14612.01051174953,-150.96478440273555,1156.4859880330932,-196.89802170726549,723.3653960989981,7.7349640372340795,Ruminal Bloat
39.36411905776849,86.93339585101191,3215.9153422370227,4515.1715255104755,7116.9855308931565,342.3628951476882,760.1996205498588,-1.1341336307044534,799.8063235792464,7.542880649078696,Ruminal Bloat
40.28515009194555,114.87335432566745,13947.017211413902,4621.785882128678,8629.86925918868,440.16714285800305,326.6971731967901,34.460208949138234,765.8265661738619,7.751531777560776,Ruminal Bloat
39.33827225398245,85.73000764827457,3988.7241305881735,4500.582001929924,11930.312093852908,-53.191767874061846,-119.87645626583833,-38.5808206014607,710.9000733196692,7.668623688552111,Ruminal Bloat
40.01717672234361,94.93140701073726,6483.681839663395,1794.3008132599593,10444.15034785318,98.46504829060237,0.6778700490948495,-55.99425759453271,762.4957661820022,7.123824457264253,Ruminal Bloat
39.65280728032649,94.99127271720396,3226.606594764711,3657.2426498726813,6084.043621736573,7.93386953916718,915.9066668363745,28.16830115557372,762.1027693031203,7.324526638029799,Ruminal Bloat
40.103014164713194,105.29770393538206,11068.205280206525,1774.387289483031,8749.152881491067,456.63487133768973,1298.7871353539326,-28.227572946123843,746.7387691356844,7.454242745410159,Ruminal Bloat
39.446710509234244,99.7655085387822,1448.0490292910927,291.4742284709673,3728.967495891702,357.94011160554754,1239.3792349073938,-105.75043839860137,752.2072426871148,7.79740840999757,Ruminal Bloat
39.68010255877984,83.88962320433663,4023.853507843164,4041.6365491176507,10496.300683587835,-158.48033659530066,739.6234951727761,155.73284818376132,692.3472398208337,7.71852256792759,Ruminal Bloat
39.665540997000654,102.51835769792329,13989.480416664985,1836.434154870682,8368.96135027102,-15.928646414891382,610.3884182053345,46.28347432134383,714.878572466405,7.955009445392348,Ruminal Bloat
39.74333570180771,95.7662310074102,11157.204256899488,2152.030635727441,12820.577179891223,-13.622206598500675,327.6616868401803,-84.16107030214296,732.399959084077,7.694353925023943,Ruminal Bloat
39.70098689229069,98.57655712786914,14532.09898410835,4728.86378673716,4851.539620871412,-382.9064728154454,-104.48431108790135,-118.89841077743579,787.0394173660345,7.684390881092647,Ruminal Bloat
39.355815425289656,101.81181937402295,7692.896887903016,256.99532415499425,14375.799061605034,-323.2747275333988,19.372696353498895,-195.55647562608166,610.716004973969,7.710643966212377,Ruminal Bloat
39.662907197848895,95.06481073144921,4346.2970875800465,1935.1314422638857,12326.053842279649,459.10233271853275,378.5717956206066,196.2804664284812,861.4802059688883,7.775146231707363,Ruminal Bloat
40.11108489367158,90.0557377904799,3276.665355778613,3695.5077315753824,13118.084149554981,290.5862942832841,654.1668843156714,-193.63056603803847,870.9496371336991,7.381228096560997,Ruminal Bloat
39.42325883035189,98.79428399050548,5116.618829623491,3549.2909548622183,5663.935556698625,149.41493861588634,784.7733971033864,177.0888077272424,744.3844179092957,7.846455103320612,Ruminal Bloat
39.67424544330098,90.70140553039533,6225.30012931106,1115.7655800055772,13503.125190783183,-154.22050454582828,293.7141099175084,-64.57988827732889,800.6716867228541,7.880071339339352,Ruminal Bloat
39.5366919821552,95.20878649153269,11418.864460977358,4770.8821786503795,7813.172787267401,-263.5894019180318,179.12279693077585,-123.13465820006235,698.2945085347853,7.486410177361867,Ruminal Bloat
39.75617522993344,112.99391446989291,2923.152083567954,2181.8412687307195,6667.279883674364,117.24666815195206,1061.4441364297813,-74.88378553138608,771.6071849673513,7.80316129188142,Ruminal Bloat
39.638735761250175,88.0856151336582,8404.657601460895,3801.7348016960977,13352.806326766651,-75.1726695695161,333.91491422298657,-105.24701950653025,717.2912700677365,7.45675723755717,Ruminal Bloat
39.61467700151549,114.87335432566745,10026.24118708085,3525.9729527435297,3848.3575724718903,178.37247119485045,-64.47310817308141,136.88307818736598,769.7350364453492,7.6878076083066365,Ruminal Bloat
39.16839513907435,82.82630689018269,11024.440588153931,51.41338538965783,12949.004546851753,-409.9955106501117,1282.7454908927139,191.45817581265953,769.8166433219557,7.571154703092098,Ruminal Bloat
39.758153638524824,101.2611803065489,3954.2649752568586,2420.140572550019,4234.017269866528,346.25633600918724,895.635885551037,-29.522622554042115,870.4192604704598,7.295623356883283,Ruminal Bloat
39.02613873774258,97.04877970879426,10692.53511353168,458.24381096592106,11800.939780090412,-380.54653466746686,628.681453310068,-171.31736016860276,809.5537775845231,7.600777844599767,Ruminal Bloat
39.208692175056534,102.9824407222637,10590.185077598493,3490.2121005581134,9250.436454477798,-0.09406679308527544,699.6433093755041,130.1871850948138,854.4162702149297,7.70998512783371,Ruminal Bloat
39.84716647898028,77.38173223732043,10936.299306230534,1666.7326507701916,6123.225264219935,-41.17606422692449,1188.095609472126,-15.037106128906867,755.1962074729697,8.052356653707722,Ruminal Bloat
39.520076037946424,82.02102231299045,5313.261290888593,1405.792731465827,14065.405895845073,241.4988961798573,-137.5945419487972,126.75118571872059,737.549347978193,7.528478443949477,Ruminal Bloat
39.70878973074988,79.86599804715023,12237.638057257318,4051.124691071268,4543.48502403687,469.37460720892824,393.56821765210213,-240.56659668450203,871.5000906499996,7.623128798518776,Ruminal Bloat
39.773749596502064,89.87559822147705,3822.6584309650725,2381.0377535687617,5898.776249112372,465.987650358538,1150.158749498226,-115.72320937083937,802.204126142422,7.780103260798071,Ruminal Bloat
39.7264201239398,93.64135813297105,3657.0361197903057,878.9110998603373,14186.092238307945,-113.96717562314791,638.152548807614,152.34577591142283,840.1949724091403,7.600289131612859,Ruminal Bloat
39.65053993108908,96.57602804705968,10130.593113874118,2879.5214185521245,10146.261383051222,95.88234750739893,1187.3665573528356,-214.1692296681264,684.6244973156472,7.362575831031546,Ruminal Bloat
39.72593246457003,110.59884872327525,3102.958005278614,2724.016311341432,11227.167626508024,187.83648140483254,1276.5253213765423,-31.652927378242836,730.5153595159304,7.542522378097509,Ruminal Bloat
39.81869080381656,87.8324818757388,12769.497323472107,1794.4783687975792,11028.850685377824,315.423759322128,203.51206897543943,-94.94632798912802,816.5977554666064,7.424961506217248,Ruminal Bloat
39.66887455963688,104.18345297810208,7614.771408540323,589.8266105610396,13936.111231755796,-239.5301039899127,813.1032408410363,-5.371860187640407,871.5627179948435,7.29386993076575,Ruminal Bloat
39.62016789427374,98.75128386207798,13345.830138876605,101.49708902148768,13097.36974743144,363.03537700690225,284.03622766332415,33.60452796704179,870.7867712715756,7.861827143963133,Ruminal Bloat
39.62943304802878,101.81100203006997,14080.95945637571,4284.382450175483,9083.934642139482,319.14285553724363,614.8877838942735,78.12799882861296,729.1784051878681,7.721467350717535,Ruminal Bloat
39.579253579365904,104.99562290347752,9710.530584274746,1838.4842099425605,3909.580971526804,287.2566824269403,1363.691888547538,108.28242475128539,723.0309941440814,7.248648911521384,Ruminal Bloat
39.62073471068114,109.55579925851634,13204.355708260946,3930.349560000432,11031.448513353604,211.30481281785111,-74.40553363889717,42.624491931264174,678.7160410723731,7.774343351460617,Ruminal Bloat
40.02759966364456,107.54810044856109,1726.2656068914948,1915.1050531174374,3643.7353651803933,-368.3235422519708,113.98292166440808,66.59179855573205,808.4343007465119,7.701945101100915,Ruminal Bloat
39.53866547078514,84.28857291398643,4257.434125594082,4452.7995035377,10407.313075944698,35.36304737836314,730.482164847248,-226.3663902652459,791.0471847168315,7.680901368673513,Ruminal Bloat
39.5671716181966,98.29719378185592,12651.496575743859,17.53656696937651,9292.225780985798,429.36988798472424,-20.54507180637995,218.17339839922812,770.3208689140178,7.885297659313414,Ruminal Bloat
39.699941233342024,98.7382674110481,11816.395701663503,2783.444596093762,4928.118280631493,-182.58514970173817,689.896487277267,64.58599066623087,770.4265958752711,7.612019341181338,Ruminal Bloat
39.32338649853949,95.41255543933613,4657.121809780219,1901.7479721239338,5269.876579357906,120.62646240334519,674.1875078707483,43.967487643661485,673.0983140210584,7.636396585651707,Ruminal Bloat
39.67347752095956,106.25442174051628,11515.041281018994,2540.517829529819,9405.545323434604,-360.49963980082197,-238.6080360916477,-4.45011661850331,783.915323143655,7.642443667240052,Ruminal Bloat
39.66539869987284,99.01529198315941,1589.9257525359253,3803.730369363516,8554.08045528485,76.5181471349247,1303.1788528339898,123.24197280789852,813.4424713108012,8.01107029519855,Ruminal Bloat
39.543928510667556,106.22152041395259,10141.928916926288,3426.1608331013717,13605.928945290487,210.99806291936514,23.979853502655033,-136.22081582718562,803.8462136763374,7.414005620279764,Ruminal Bloat
39.50061747542941,93.70297497580098,2439.7112918654984,674.8795663885037,6429.21890070158,396.7069658756422,602.6503826876447,191.7859214674172,719.2449093046561,7.443891763386781,Ruminal Bloat
39.87946231228675,114.87335432566745,14341.762326646043,3777.699158366903,13719.100455885793,-24.5449646421457,502.6294108189481,-156.09457123622104,793.7543595560765,7.92805715356187,Ruminal Bloat
39.51742859898612,100.82699502548016,14836.36343678752,2435.1608597225786,10086.475983234672,325.39766596793754,-174.2679254262206,125.46453132625584,808.7524156267116,7.368818416639774,Ruminal Bloat
39.888841020948774,102.8165243507525,4253.830724665362,2162.532861216063,5461.031100789649,498.68799804258816,1006.516347120196,196.52164929383457,761.2228911623005,7.240608295758036,Ruminal Bloat
39.60148828651841,102.34074807893431,2599.0170768511516,418.09596261863,10659.952414708616,211.6952300063308,703.951335961557,-174.05487150953297,811.0038314527967,7.567049584497161,Ruminal Bloat
39.80771962470707,109.4675669023488,8313.546987379443,1304.7998796075892,5129.102588126607,-199.58383300592217,1319.0830638377693,-89.10177665026748,587.2252618733824,7.879921910372296,Mastitis
39.69281035033731,105.1357446160373,5408.625010853848,4822.513528867753,3226.488182303635,-435.76408818059366,1106.5705586001104,-232.49242874643133,872.5429843371335,7.8496561666856355,Ruminal Bloat
39.8549620239764,98.50991459456186,10721.067000353929,2441.316532374596,9777.755757440322,-159.1912776690413,1342.2353761768914,38.424292540254186,778.38995286581,7.413671114265698,Ruminal Bloat
39.60247137102575,89.64506176033615,4032.344452241732,811.6660397655708,3409.8741188396098,-285.29224798308115,153.44142479042205,133.51152485373487,776.1828146666012,7.408200921355285,Ruminal Bloat
39.897141262011225,94.86010633110632,2334.569821268198,3870.70359195987,12285.053821116451,85.4507319979287,754.0640988363353,81.40642601959534,823.1599526464406,7.8442454021075765,Ruminal Bloat
39.608745766980505,97.27712660407883,13398.67052511953,3717.647153071777,9026.32406574622,452.44934467478225,567.625998916165,139.78696594713057,801.1958503383111,7.491324883340291,Ruminal Bloat
39.629169788043164,104.38737286232642,5074.732789143831,1653.4229352046789,10697.878952822486,-428.4880548796462,98.24549340456417,-224.67783092444375,824.0228262134804,7.594848704041462,Ruminal Bloat
39.973488913071755,100.57910698492711,6440.681820419945,1158.9550698063947,6204.879134179304,206.87186713260675,266.8530957374959,-2.387315794192565,782.1553811133482,7.494439848015963,Ruminal Bloat
39.41571926258775,108.56282169281093,7799.909406923609,348.01794804657993,14135.47520432514,-195.0675527554824,1309.5721058369495,-94.77222478509883,768.191137884706,7.490851594667148,Ruminal Bloat
40.14384423404859,98.79687586401175,7412.98722321094,342.3125558476436,6609.274758255539,97.92493696608574,-35.014717204279464,-100.17925527181384,733.0924830192694,7.605088401269487,Ruminal Bloat
39.65153081396362,100.44228166964365,2692.1827386888563,670.3855704450434,7426.408849387763,365.782568432307,1072.763817145301,-114.95923436776968,757.153801369393,7.131918713992032,Ruminal Bloat
39.15110582370541,95.92203598398441,7075.719752275809,2648.736277447505,5613.029617850067,292.83237750434245,35.16874629100437,-20.54463382121526,872.3988482770706,7.860722595016318,Ruminal Bloat
39.80105753998871,103.62734407348961,3997.5332060817836,4407.887141925437,8664.561111781313,61.008843279141736,749.5928849319077,216.48007323245736,866.0404078530077,7.6549523500640895,Ruminal Bloat
39.44688416297963,91.1920574890414,11844.635469946617,1614.7260734210329,7429.326348375816,489.57190298914225,64.67181469298708,57.44157511944927,751.604704032842,7.494464685184524,Ruminal Bloat
39.41185394446391,104.99577089287341,9355.117851360488,2456.8857310655762,9540.011461335704,-108.86271523453127,372.82287440141124,115.23308959891861,853.9174544285409,7.93896523432172,Ruminal Bloat
39.54080976608988,84.50412593567329,10015.49497259217,2048.608812982193,4517.969661225712,303.0236157153904,187.85806646702127,-231.46925942082936,759.9065176376671,7.626166041064222,Ruminal Bloat
39.93862789519452,96.75226480420065,2870.110904594392,2869.3472864188125,8878.224911510137,-428.5725621914144,972.6157296630995,-122.7137362198676,801.7767373674102,7.579443631569553,Ruminal Bloat
39.80418936661945,104.45652707100919,10743.964602974513,3412.5113188939117,12581.887800286593,64.31467388016844,371.93238869380207,-32.82452858705787,754.8603701059643,7.686849762290756,Ruminal Bloat
39.45158002982313,93.6001528890556,2702.854374501082,3269.761118731544,5320.49297574163,-418.3536842014758,185.10872514142454,116.14481265779276,798.8062158717651,7.947419028175749,Ruminal Bloat
39.555687615795456,100.80092742649566,8694.545066034265,1596.7364397167044,7545.06671548843,-138.15995502492328,762.86641373793,119.22399087045471,784.0201481728192,7.640983223817914,Ruminal Bloat
39.783339019410796,105.09229500954928,3523.711132836339,2199.5132051939736,12091.264859564426,-199.66127175928176,-202.21776366626796,-165.7766902002553,809.555419336749,7.534808076280729,Ruminal Bloat
39.95116782059204,113.35590093673798,6749.273577476518,572.9181203562641,7024.617631138872,-415.8504464613089,273.3943436109953,49.64457089442325,783.2865402992564,7.584563747985301,Ruminal Bloat
39.74942237468973,98.00946278528573,10407.640207227141,1795.5694441028243,7044.0733735290305,341.530350673559,801.0720992275155,136.14222864898923,728.0651025663498,7.673425366197997,Ruminal Bloat
39.31486247899405,99.25929914013051,13548.008888437347,1352.7536219377869,7838.927356134257,-403.19410495606104,211.43307312774488,103.42218874971255,742.123768859712,7.8459133164353645,Ruminal Bloat
39.47238673282319,94.48818368801788,11865.761401814303,719.9263143986409,11805.515381927227,71.00398292615674,59.64500697211861,27.44293994670682,742.4904945895056,7.4280042050940445,Ruminal Bloat
38.597440204775005,77.13059134441191,2644.7188685992633,1395.093029602483,6603.339787255729,-111.50540190990046,536.4832653412104,119.96128711224529,690.610416807168,7.9490316485206325,Healthy
39.59077486467305,83.49231821964587,8565.838158145667,2549.721151949062,4219.3670149457375,292.39236931548106,1051.9696440756086,-37.88028919868224,789.4581035177397,7.891610169368698,Ruminal Bloat
39.19262603373197,90.83609125935186,4380.555305658564,327.3891736991777,10392.906776916978,393.48227696903865,-97.36825084536201,-91.60764398098775,820.1769927249642,7.898925742689785,Ruminal Bloat
39.37807493971638,93.67223288977193,6288.045868735207,2724.9021324273626,7249.716449960504,-380.7696867485049,1250.1610470697774,-75.32744145753237,869.7972925105644,7.789179753635787,Ruminal Bloat
39.679216144349205,100.66138475645067,12144.74118776444,3383.9878687165356,8717.731893318785,-140.52185065533374,518.20021289988,-192.58148205300347,770.2663580576366,7.3571167612073625,Ruminal Bloat
39.7222952344358,84.35458096165931,12350.683477066485,3251.131714854142,5917.870696748324,292.14174617940876,370.1761328701024,-246.5023522095544,720.6342310098594,7.350935180848359,Ruminal Bloat
40.06743045694329,107.44363075226758,4850.823417007427,4425.074565721105,14766.891222913266,-61.96442313009212,549.1829501856741,-24.360366795198143,783.7953697636399,7.864952250947569,Ruminal Bloat
39.453018403423016,87.56642224830335,12031.151513048935,3594.015200936561,3720.195575338579,240.58036875585387,120.59769957638412,-233.99956462126832,777.3152397112232,7.7086415014616785,Ruminal Bloat
39.623037139618624,92.75672632219771,13193.950397956167,1858.3112470570338,11036.770768333372,7.803554288777324,978.3591465481105,138.44866435097424,782.0200311247299,7.807753622086787,Ruminal Bloat
39.45002263669658,100.8118538456642,12697.788797293504,986.3199696345987,10283.795513260786,311.34581137575947,331.11181202294455,-246.721755714828,793.8738082082004,7.574105529630935,Ruminal Bloat
40.077349383815665,102.30979679380877,7342.491472937771,2614.142409244287,7753.572562695393,61.14270913543416,-50.65411289815927,-200.46319458354176,869.7956150395148,7.476612982981783,Ruminal Bloat
40.049514287545655,99.11998865015187,5350.894127804742,1044.320202144479,13236.544385690782,311.1858812912214,-121.04676204916643,201.3658818289423,675.5610032185602,7.374418341684059,Ruminal Bloat
39.79260355316507,83.90090868799615,4888.442369791433,2275.164653763547,9808.69968810356,-347.08124508164656,590.6257042140555,224.46815271539657,673.0288778639912,7.608903730261429,Ruminal Bloat
39.55796594675708,86.46018129815522,13043.157431275284,1903.1493578820193,3296.5021308173345,379.5457043233001,777.6687812757407,-236.6678514568826,791.3366385218568,7.551849749384395,Ruminal Bloat
39.381385075555585,90.7884792595446,13755.97597647104,1079.4976205460193,9751.284235786832,-403.49356564228043,804.4152066247314,-62.54942147140332,787.6636974656844,7.792183156503865,Ruminal Bloat
39.50372766477842,106.99727429939264,5145.645393163404,2066.1660602210472,14635.953952476902,93.91494904595004,573.0640152079775,66.364617483583,708.1279207801952,7.814358283287565,Ruminal Bloat
40.006253917897325,88.01030110471785,6168.134285037244,1219.80501799938,12339.64655054614,-383.1332543866686,224.87023529431008,-207.34233862517794,767.5975106560272,7.387474952815595,Ruminal Bloat
39.692995687110226,103.91290669060109,2740.6099403807048,3284.2775441417034,15226.86498036075,-10.42046497703749,828.8779532097508,141.03271988853515,845.6526656028565,7.389389372333672,Ruminal Bloat
39.273599586200305,90.75882292147901,5201.718564897111,2757.2541571773777,5716.281652506285,-103.27286476823909,715.6119409505429,128.05262179150444,812.7805524467598,7.195133127482152,Ruminal Bloat
39.532855402124675,80.56695194707277,3238.045188597147,1677.7220305069475,5574.675996654901,-378.93525309495595,1021.6702720588008,94.57725206709812,870.9208700034783,7.596267417875765,Ruminal Bloat
39.73098378591034,96.75447341476848,5341.94552938381,3988.6053252646057,13781.247121005896,-124.5098181395202,103.12781553670158,14.592188984223608,746.9286441633321,7.881924542289127,Ruminal Bloat
39.567081500478174,109.0283221527127,11089.122750048391,2154.142267203229,8117.10595381239,-335.4155606248085,-60.92296902486737,-49.51004691524511,800.108410662083,8.040075210389045,Ruminal Bloat
39.20348756522116,85.8880703252049,2406.5965346650864,3997.65380171306,10349.618539228182,138.35979371883272,509.46940858118467,-169.17678732304603,729.0831981108789,7.496491339001239,Ruminal Bloat
39.688014645597825,91.9831625804294,11987.602230624054,4249.056504345259,10458.705168217031,253.0327163610506,1260.6811266785917,176.28513377533105,849.4686005662361,7.331209900800349,Ruminal Bloat
39.82998444137785,99.77649678464834,4713.307517637385,4405.494698237446,10530.537267770325,291.19851723069837,680.9840928897959,-168.03889679909247,759.8974602991821,7.486701220754993,Ruminal Bloat
39.902375711871024,112.29543398675827,13480.085800454035,2543.929521786765,4357.569817198951,47.28660053817456,1134.306644071652,51.63226190225036,809.2015578781687,7.248999776690811,Ruminal Bloat
39.831704486752834,91.14729484755699,10615.366646947597,2116.087658229173,13633.363405007809,-228.10649010049448,-82.22812327890426,27.154309353363768,834.2909493114091,7.248937578770932,Ruminal Bloat
39.71249808642187,86.42456691288889,2830.40540599577,2220.8009422182613,10757.666903261108,-190.266423883444,330.3028023603771,-206.02894311243125,668.4970761530046,7.393764417705663,Ruminal Bloat
39.53220205211699,99.03453425839662,5914.065003932585,1979.3065013541018,5449.997223514747,277.12036777717196,1007.1279346962141,-196.89461038441522,852.1465598493045,7.261034033718397,Ruminal Bloat
39.780629363434144,90.90677289439347,12897.223578032106,3924.291183643985,12353.099684104902,-380.5576294931501,1096.370862026538,-188.49134238905748,703.1447054897603,7.323725079059974,Ruminal Bloat
39.27710753923528,80.86010635725928,4484.806228278925,2129.0174716883016,12168.89224920316,33.40292876472354,397.64514072592755,18.555111903262112,866.4799148101495,7.589249764170821,Ruminal Bloat
39.39613758154283,108.57192762508022,13732.550646833222,1813.5678848670264,3649.1802292869615,30.212606263874946,1020.0575070664338,120.94423678887617,806.4114813214462,7.4495756871496805,Ruminal Bloat
39.84869009452718,101.30544088281256,8011.8207250432715,2994.7630885202852,5588.763372068762,21.07007488958643,874.292901406461,116.58124228293264,860.8013591455688,7.771406514293696,Ruminal Bloat
40.20433595173005,111.96240457863928,8487.523024570688,1617.3094461853746,8881.33973266181,472.7582324263242,533.0391516389585,142.19631531197706,810.4804227778245,7.768203390405663,Ruminal Bloat
39.67174710958815,91.906344616943,10986.306869009106,1959.0089266476245,13489.205518283823,335.57794988436973,1147.6852493692932,8.617146760510892,779.26208964601,7.167237768666329,Ruminal Bloat
39.919424046187395,86.23667826070825,2526.0086890032026,1201.3793151842233,8205.061611269584,-190.7374097252536,487.95879953030357,201.5335533912728,870.6519340555317,7.589108229169494,Ruminal Bloat
39.42965350020187,86.38125344806245,14471.591505752465,34.887587647631335,14041.485821083492,145.9337699972615,781.5120116724647,-144.74390684621997,773.6039283272644,7.8285718217087235,Ruminal Bloat
39.88446244505116,91.465615721963,8186.7945222544895,1014.6966171772913,7500.664528397022,-374.66392460436845,1298.615876061339,158.7360628838247,832.8367524268308,7.4696285559644355,Ruminal Bloat
39.651052337407705,89.79904397353911,4112.217804767484,3336.0247088560304,3767.7443878674985,-128.50162810835192,1148.2333211669313,-161.40294518246634,808.3641770334327,7.609997617773126,Ruminal Bloat
39.84066038469519,82.01572649715064,9526.902860820715,638.8593702381436,6369.994046977321,85.18028005812613,-184.92133720906156,124.74189075525842,809.7415083209711,7.996574197929575,Ruminal Bloat
39.51080812948174,85.98230836020218,10582.609413540833,4776.616357078549,9420.514507635999,-129.84012237594982,964.9548602474232,235.9020333859953,802.640798692037,7.767746725803876,Ruminal Bloat
39.51085451893742,107.89876750156124,11278.13906321597,1549.751439037544,3903.6760474785397,4.713799586133327,907.8380286821546,75.13557833224513,679.0832381661774,7.663814723623291,Ruminal Bloat
39.886545353957025,91.10844479711209,10490.311467912017,1468.279083677193,9461.751695980292,127.33685448841399,785.4706939905044,-241.1531572868171,696.3028893820823,7.313365433740764,Mastitis
39.92146288340298,98.32720635610227,10643.281534451919,3731.4298175398626,9497.534424524812,162.04008573390914,899.119256211437,144.40368605130053,810.6936357765429,7.669120648039122,Ruminal Bloat
39.88266403521993,83.89198076100092,12966.82624336981,730.1640284461434,3207.680649215341,-430.04933953957294,1164.253248668062,231.10895744774655,757.2619417552847,7.707036194375276,Ruminal Bloat
39.7288324194013,112.61488054596524,11625.681664625054,3857.453834032887,3372.5155553715167,-159.25346150772688,1085.4810504625411,-239.48893053818955,842.596183116656,7.876375360736298,Ruminal Bloat
39.68326741860611,98.00467484077045,11878.922433363123,1100.170440188125,3280.0645847811384,173.04342114223357,1023.935275072958,-142.79793199705915,698.6567588181072,7.277462385123934,Ruminal Bloat
39.51382527797875,106.05699058654076,10443.181282738846,1549.1153884695536,4081.2136803631884,-348.7092384679259,700.5042920702438,78.57713226477205,622.3591484921917,7.693384984820682,Ruminal Bloat
39.97550255883814,90.63779632444485,2733.989154687648,734.9468435742879,6348.772961830222,-218.13455663134945,614.4776521097574,175.589519702597,719.7062554004851,7.598376795940649,Ruminal Bloat
39.37964842113698,92.4341174756802,5546.9392565201515,2695.250815957036,5910.402141406332,314.22532262216254,-217.13483898644438,170.56271659574244,716.3612984321917,7.30538281449279,Ruminal Bloat
39.48072127143406,90.36244383315557,12042.336223310278,3770.577444060575,11435.581772488868,157.02120210965037,521.2313280394503,-99.3357474290271,862.0591292470777,7.3055348847508785,Ruminal Bloat
39.55530232538383,92.79198714301793,6979.089900769055,4472.330118567694,14580.1410880181,-6.54551612653124,537.9320227389246,-121.47226618551737,725.1122770037219,7.861664060612309,Ruminal Bloat
39.28918312167107,87.60668865197631,13903.640145999692,77.06014569409808,8047.680307930667,-400.7282035137876,886.0172093030296,-48.76509997193983,676.2552424447724,7.640504841591536,Ruminal Bloat
39.15862803954601,89.8495259528861,1934.3249665727208,42.86754456244671,5681.691887467034,178.37705088004137,497.0079448269074,131.62853412342216,818.5859081704517,7.317277714764941,Ruminal Bloat
39.692294086553474,84.32562707501388,7784.068381275684,3178.9911095618154,11954.138273303673,332.6609924759491,55.04583964152755,128.13861992590859,730.4715525777414,7.329939661002134,Ruminal Bloat
40.01828927419048,84.3771137279655,6437.010459692396,3543.7292748690315,7879.10513589169,388.9716758519374,718.5850167120741,-62.72251381101772,758.6718384668839,7.044273745270052,Ruminal Bloat
39.65407922858566,95.73794315474663,9098.33587102588,3094.3738976875334,9888.490947976594,419.49516243970737,1157.5933718849635,56.11492924451163,710.5076072422268,7.4392310643639625,Ruminal Bloat
39.883296355887786,105.58461592650724,6332.960345847934,1834.9023793151491,10202.869239471798,-267.9861639997896,477.72919977865195,-100.52747117234401,774.0329182946825,7.462159991288937,Ruminal Bloat
39.58443316146453,91.67649302405702,3692.6678169262304,1870.1393480505828,14865.071572549266,203.701101246887,1100.9456169688274,-191.68663900877885,728.2228848395825,7.36545432775204,Ruminal Bloat
39.65854039825685,104.45223492490723,10155.764731144618,2824.787792820068,4622.4838394473645,-37.23962951536077,1222.5220686156115,-99.26569056843849,788.157481995557,7.453797612713519,Ruminal Bloat
39.47370402656167,96.67700421433156,2715.209479549375,2908.5535845364907,6173.353210895835,57.757956002430085,573.8401906725821,141.2978785755674,806.7465263979452,7.467099470828269,Ruminal Bloat
39.969897722507,85.66741843724307,7084.6909003812525,184.5050978127183,3397.5956076925922,121.51403896375652,1128.9225843584668,-55.51420258339178,831.2920729265647,7.718270887527027,Ruminal Bloat
39.47081391055708,77.66796917377546,5890.751563359475,9.025022952300333,9703.391313700835,195.17433658370567,-84.63616948395213,-44.57643755716222,850.8185107063036,8.07001899384151,Ruminal Bloat
39.28409738183478,88.95371024286,13384.865695340304,4232.213093379605,6109.433943044926,-332.7966439642771,1252.7911275267147,184.85547319048752,741.3591993740931,7.26327101985889,Ruminal Bloat
39.4793584664527,95.62301298138327,4426.769616347463,4372.025791009539,6152.111576819796,-346.4342258252572,291.00577037454724,24.56282354156293,782.2617649729834,7.2229320301838635,Ruminal Bloat
39.68087842918024,91.99444807693385,8621.07517640994,362.22471963581484,9054.83626458761,378.2612546968959,1222.8031691248575,233.97934723526686,790.0788432273357,7.495950264650936,Ruminal Bloat
39.92154427074964,99.48434378637938,8979.31363045615,3412.314053432059,9418.23981882935,399.54764087698373,1056.7430479861825,174.19700962188887,871.703076841142,7.752629001476425,Ruminal Bloat
39.61194070447455,85.61517558937366,14258.609024148258,2193.2268800291167,10073.658204670624,427.90609782961195,351.85465623392565,175.60449359606275,871.7515702114753,7.647891633296597,Ruminal Bloat
39.71352163748211,100.08658094612667,9632.520714309918,2813.4638452404965,4688.525777165036,300.0245770992007,758.2234668164251,129.08516939739795,722.8505364206836,7.656595726072896,Ruminal Bloat
39.97971906250613,100.18709565740559,13715.177048076064,227.46575965003376,7539.77668852062,432.90029923144897,642.4672049392923,218.8409338995506,763.732731865947,7.510738965651055,Ruminal Bloat
39.69552967309573,101.64679770732128,1739.4231067833725,4731.633769275639,13849.80245026181,102.17909671835307,1315.83201060576,-73.38579420163515,844.9456618806407,7.692790755345596,Ruminal Bloat
39.739636045686446,94.22079076913559,11194.475129826194,3177.3276510155433,4260.392835869925,129.29473320274695,564.4993826463573,-195.59782945404046,815.4008439008674,7.522702095196118,Ruminal Bloat
39.63029987393628,100.08876106831066,4619.615150538729,1107.358476432273,7836.18577074911,93.56222954428367,314.1027248136435,-77.7334488580542,686.7803555809003,7.48882038765554,Ruminal Bloat
39.46114923634901,102.91071417435852,14114.782846028085,3674.188946395777,8046.87318656457,433.981505859504,1098.3049068037092,-185.63926724113819,868.3398885508915,7.139458392026776,Ruminal Bloat
39.6277652200985,92.98149221944531,11473.860380374783,4191.71489159873,4855.524041268616,405.1946764308902,-113.37296457640923,-171.88511405074493,856.4284893083116,7.4584664112953805,Ruminal Bloat
39.464510362913884,91.37449401651075,7889.389863375983,2423.6395432584495,4196.660789165788,-293.60556049811186,-84.60815680751716,136.92039478722367,753.5596118257232,7.702423385487827,Ruminal Bloat
39.61239335534454,88.69772407147593,11904.129310686796,171.27133332183666,9892.373170954139,303.2483238177835,426.94844957882765,226.37291542240416,870.721408616735,7.7464369309708605,Ruminal Bloat
39.56457653811427,90.57800893846382,6014.305894143972,1847.2277830893427,15108.836597185198,-327.55942367453935,-174.6943467706201,-79.01034387911112,742.6881398391808,8.053038355813172,Ruminal Bloat
39.88587610333337,99.68459548345655,14324.481032427871,2993.962744326048,5120.169011836482,6.836935119537895,463.8502396944209,37.85616007735041,865.9562439669934,7.514832065811833,Ruminal Bloat
39.7713942980553,93.56547919174886,5287.545140911074,2868.814627838601,5590.8984628629805,357.7839892591846,957.400357958072,75.62136889831416,719.3304810248292,7.734078159343085,Ruminal Bloat
39.75358698991086,94.39845943655365,2223.7302403881185,2949.2626781618997,11817.885508867996,-3.530981636604551,431.29888439552553,-12.192216101658795,870.9087715014641,7.279686803339194,Ruminal Bloat
38.952957845864425,94.75419467071615,2393.900339583136,3994.820646196763,7415.381663885621,-410.08348763384714,812.1799619342775,28.942399343553724,778.4630613028751,7.608099480995865,Ketosis
39.7374969719181,90.28705164512681,10031.232337333044,896.429397167502,8409.151606300864,12.973774087891368,-150.33143733698466,-71.34002688564479,771.7445099791554,7.424191049732504,Ruminal Bloat
39.770256336301394,98.88322282293957,12325.090884878497,1821.567022967414,7571.192350978741,-47.320882746403576,1255.8647104711595,-66.20765759551546,702.0319511270682,7.502213548143232,Ruminal Bloat
39.38944522377579,89.22469910864497,10797.1842075414,3975.8048565554104,5105.954725660953,-48.830924493211846,663.7749963045791,47.25908790307696,788.7836630441209,7.63499810626123,Ruminal Bloat
39.50804647899828,87.02697017540679,11385.384215164326,2518.053107245677,8625.168959056704,62.657902698773725,179.95282163951595,-76.82229730924777,730.9052673905389,7.653194294489212,Ruminal Bloat
39.267837696639944,83.88865227244902,2542.1281831345423,3849.002091312415,12391.610796071127,173.71310672184543,502.96057287339676,98.93096843092141,770.1462521735485,7.751258861316975,Ruminal Bloat
39.76495945032935,95.46125827045168,3128.502394805536,2733.2116727887023,14677.875369479769,-378.9059077320389,519.3886191524452,-178.33397101111257,726.0355997813118,7.662730475043238,Ruminal Bloat
39.53587150944839,96.65730888963208,13730.997367049742,677.2711576834713,8217.700725779658,73.70536198218505,369.59239428607975,25.355356390599855,688.6387550215333,7.4078485335924045,Ruminal Bloat
39.402225039869656,90.15158640989856,3319.9806409737685,2477.3335335171564,14992.750529267363,-291.1076647525853,159.82335088425555,19.453340694001373,792.5872873145779,7.7337876686915665,Ruminal Bloat
39.80509512682471,103.13755779796931,6309.992292511867,1861.9396645476772,8189.498066721366,-5.541135763986169,990.6218105917477,7.189350565716596,860.5016753077107,7.499320051702932,Ruminal Bloat
39.78514432905218,88.76617151415101,13114.946936953183,4831.023758169415,10679.715974636347,-297.2068932516042,1223.534982636707,191.12309044319917,738.1477353740684,7.782765967823285,Ruminal Bloat
39.51858262887259,88.1202070853297,9219.45242270203,3833.8923135518594,9892.92203879417,310.32644222710206,782.5776945284704,16.09123526980729,810.1826763470264,7.247779909415694,Ruminal Bloat
39.45961778659483,97.50883744188175,10870.325626550446,1188.2270065689343,7025.262336735671,421.8879749193416,955.6131265778736,-23.893729529919998,736.1795001261582,7.3400388748783865,Ruminal Bloat
39.61654020518493,94.13877813758936,8437.930959425044,3250.930809988412,8930.410358558225,-449.49682232047667,506.98844263688864,-235.08432563425515,869.1815966768155,7.513401668586628,Ruminal Bloat
39.496171737565994,83.18948991786819,13739.600536081341,804.6583029300052,6103.761211742545,301.8160032627322,412.1110438115,-195.4970174686813,723.8816008266225,7.653459567684455,Ruminal Bloat
39.295415752439645,110.7492161345682,11132.932371779652,966.4246534751724,14589.177815203375,94.27021055948461,237.13417129689685,61.815938601824485,794.2103357304749,7.10973145094496,Ruminal Bloat
39.38331866417624,98.01505186864489,7101.083476557498,2420.7598122369845,3295.3715725100656,-223.12068430109505,1159.869071258368,123.55562799819211,769.4837910306553,7.704971247368921,Ruminal Bloat
39.65445668094784,92.86472959270505,1906.6287503960739,4269.373168850243,4879.519652990783,-109.65370084923703,745.427617405358,-89.96272717582126,857.5182177932318,7.816501323965096,Ruminal Bloat
39.46791540386918,97.71792610487803,13656.914099583706,2400.1736979236352,15002.877302419503,-35.21706845414996,532.0536643007337,112.49533442296308,838.6450320233807,7.810531311411783,Ruminal Bloat
40.04295063938463,83.46551164427407,10231.246601141655,3661.637596378586,14678.367988483351,189.90164388539372,573.8384919886213,101.10972933350125,704.5466229699609,7.697050383157165,Ruminal Bloat
39.25922976112898,85.96395227557167,12648.425158817588,3509.412912548358,12360.074208943914,358.98987204896355,-30.38718214075925,-142.1716202387493,789.837392694158,8.028309342666654,Ruminal Bloat
39.57115695338976,103.19154390251904,14048.758994945136,2543.497376767927,5038.159149018791,-244.2619783454961,5.622856526813507,125.51368764813813,856.8623451605199,7.53221346129748,Ruminal Bloat
39.62072694108203,83.58700198419604,12337.413183385572,938.6565168502607,10088.629920479165,-279.2607447681815,995.7177510225488,-195.16971397264973,837.4990183497428,7.830121145001419,Ruminal Bloat
39.47072229029127,98.47723609340476,13007.94674346728,4326.413055082547,11381.83196603857,84.20712877419761,411.38028273022553,-219.28276740685774,739.8602854206465,7.413498647906008,Ruminal Bloat
39.47046918074507,88.89685990757522,13990.378859670247,1200.0717485653665,13040.916135948144,388.0652752566113,155.7752666756087,110.97523049488109,722.6892546376426,7.883665558137029,Ruminal Bloat
39.211506922641924,80.18474741466233,9791.411011735758,4004.6957934298794,8263.905598560295,160.9229828548968,468.4347548860406,-48.11741390662458,828.2645595694094,7.45896888120574,Ruminal Bloat
39.544809475693626,94.74938254204044,11987.161658391917,3509.7963182361873,13605.69547775122,498.885560615497,527.3820665287146,73.62066891878618,793.8027304105951,7.49385244851578,Ruminal Bloat
39.89280902300177,97.53029848139184,5592.116636382625,3264.283741647255,13258.584473637056,-65.15665508342286,657.7769567809881,-51.9323725758623,791.5768895774627,7.421673244280887,Ruminal Bloat
39.74476818843034,104.2902467559492,10362.574314316864,2346.348664661859,6334.392878801589,-313.2995872250773,334.1140491718718,-101.64986280128709,806.5940486216257,7.647357598140438,Ruminal Bloat
39.449632364040504,93.31551302971408,6961.441661462782,612.4127958475431,5912.240863337618,447.292061452969,349.07564749824184,-22.313923278344067,727.8308542936596,7.689949409444702,Ruminal Bloat
39.649015759958914,100.46805259290447,3524.001902819824,4171.66925357143,9578.239453489658,258.04273058828585,1163.3157913336067,-150.80435779272173,803.3177462914254,7.662755477373219,Ruminal Bloat
39.45090405036314,92.03368229854438,5058.43148333333,1556.2881965145993,5634.927426068605,300.70490790801824,787.5197638111737,168.6223040051294,846.0486075029673,7.8144167538138465,Ruminal Bloat
39.75564385869239,81.4412267898091,7378.556581488365,3762.0791839025037,9020.014460590624,-392.3784471853561,-133.77608810487573,-77.77619976910162,860.523250058561,7.334522367036293,Ruminal Bloat
39.98363521590785,90.54838729159482,7991.417398422035,4238.647182734207,13877.1147336235,196.20207707723145,-151.30041129256824,-143.33071350539427,844.8389479386896,7.504245282887231,Ruminal Bloat
39.49125533099079,86.82043355129753,5691.252133805423,4604.898634673129,11147.90051750778,-316.39102786861775,-88.65752367999801,-193.8030214170921,835.0078235838434,7.676417634248463,Ruminal Bloat
39.60868190834069,84.58631091895344,9525.829898576285,3896.629832607479,12670.45259010898,-158.58525618133595,611.5669791038629,-4.366503912481129,774.6014510916218,7.742958097152818,Ruminal Bloat
40.03913242016778,106.42809902396829,4853.738708320809,511.1969378834474,3404.690944344524,-210.74910390779056,890.2934154585355,233.3518902516368,734.7588702096502,7.473661560339804,Ruminal Bloat
39.86358045371188,102.07355859435327,12666.2504723321,1777.5735778243454,6056.117480542227,-25.622664006546636,266.65247131406977,194.32669230260169,852.9927628470933,7.686476341423767,Ruminal Bloat
40.00745629035212,94.11233297311405,9577.664387586197,2268.996523909227,7734.51875515211,-300.9791683378423,1245.024275120094,218.21448291995708,743.1574288364171,7.518983043339857,Ruminal Bloat
39.66846132856851,87.23473175021147,2882.3343428268563,193.34732062562762,9320.399281808859,-156.18096964670923,516.6564122412926,156.00409616818087,869.8666297069653,7.327801504100628,Ruminal Bloat
39.59404618522577,94.81112251275597,6622.969956036192,2720.1387341073105,12667.547382546032,-232.54403865075457,-199.85473920220113,210.83091465071266,742.4702273024626,7.1694168367996305,Ruminal Bloat
39.62323883486778,94.32910013248073,12481.919391291744,1327.4490844332795,12840.438214547463,-303.7040161903179,51.700918674354625,-173.76858155800426,847.8337732314972,7.434221106452945,Ruminal Bloat
39.37892759723561,86.79176630331938,11841.91389162245,884.3429932759295,12434.173447190595,-71.40424265979908,54.97971855672097,-174.9186107950637,732.4350106351968,7.66388658387894,Ruminal Bloat
39.64609506085168,94.90814052283397,4956.990640844976,2060.304749421773,5610.18506674998,175.70086177939797,546.0235655649392,-65.82031323532888,834.7271605171373,7.846705583875342,Ruminal Bloat
39.79697495514882,97.39878596645049,7825.975188165154,2081.857745460222,12681.632606737305,-42.79478134776051,356.4676654869018,131.13082209576385,826.5816699260961,7.4699808387106685,Ruminal Bloat
39.33424522275139,98.49194300847533,11922.586649701727,1915.431359434619,9336.857484716747,-36.045970706058476,486.376567580353,-32.35987409202647,806.2975193696229,7.494387043463371,Ruminal Bloat
39.44915577672499,93.9458131947757,12103.322651267361,1831.3502977096327,13613.706808060779,-36.4397741484129,1174.861206539443,-46.64008995845374,871.8244495468475,7.671427697001065,Ruminal Bloat
39.25828165250843,101.97661072662346,10951.008608589667,1887.6456190547458,5638.0002370834745,90.97273352271154,-41.479269938807874,78.20905248624265,770.5577056445971,7.39972940007368,Ruminal Bloat
39.699925987763315,88.81064236518472,10959.00026664952,675.692239192761,13248.980692585612,-30.705686709910964,675.6086214411926,-171.99803816736116,740.9946718991188,7.336441840928178,Ruminal Bloat
39.75375249217963,103.02475041273242,2577.278510031266,844.989622617366,6420.621387765352,-4.056278649192059,196.3156528817184,-138.2585285145972,870.7154606955719,7.677334673373347,Ruminal Bloat
40.478361397640604,121.85844479711209,12001.16787966677,4682.250719440735,6795.218407380823,-451.315037349832,482.77534505460795,229.67020491985684,662.6530030529095,7.713092654200661,Mastitis
39.76002186048588,101.94529404997729,13021.358939109796,2270.805273742624,10885.743592611563,408.3062188202467,1290.103082283637,-189.4551137798587,748.9453774225909,7.815572614852818,Ruminal Bloat
39.53272129725181,89.19040589133768,10784.376479076698,4057.850506240218,10178.898891958432,-425.9090104872524,106.56150977557309,221.79381912775804,853.9229609081774,7.711750481767379,Ruminal Bloat
39.73903253264902,90.7789893610651,11917.630595631985,3076.308722062571,9086.368686571928,-297.4427201234791,929.2285367095479,102.07352668962096,871.5277684008734,7.55539555266565,Ruminal Bloat
39.51592767407589,93.67943608541178,13176.759824036262,3537.8808084593466,11401.179036083588,369.7623487990355,157.67484065579924,-20.746843676803707,861.8034443924835,7.329565899728804,Ruminal Bloat
39.6171346335532,107.5002009091449,2434.0064655415044,2077.339386547718,11975.834368573498,-304.9446595862558,58.88833654540497,188.6660398228163,714.5700903547338,7.564078602702993,Ruminal Bloat
39.40202980929086,101.91471933131089,10751.09312534024,4174.50763130638,9977.395130078094,234.9800594873504,955.7662703068036,87.77717823965389,837.7671015719062,7.50987566278939,Ruminal Bloat
39.62790313804677,81.95376066558006,6076.290663610376,4485.266388711,12932.316456370794,21.413368738427206,1204.239672726244,33.96179119133424,832.7406291545435,7.617945533693302,Ruminal Bloat
39.884458042929936,88.37373866045905,8953.05312603275,62.89464846121837,14191.952807110003,-117.97658225019947,164.8691781417686,48.917238223666004,870.7975830497412,7.862104678235561,Ruminal Bloat
39.67189353627597,93.21426885868195,9346.26122747028,4179.039383743382,5369.053599012819,340.53988230644114,711.5895361605066,203.69515405507119,748.1457178838909,7.486367580144166,Ruminal Bloat
39.42568610868887,104.11470151583958,8542.766150163545,2521.9825075475615,5711.706575520271,-437.0715481974731,263.53789294093974,171.6918228947548,755.2473390384172,7.524078934746174,Ruminal Bloat
39.64984383326091,87.8519733689556,1185.2541402519037,4271.914646409676,14517.600566361769,141.1077828778468,228.66904203282024,-53.29448834801012,816.5190891176799,7.3374915147076925,Ruminal Bloat
39.81589955570985,96.59090834076692,3146.8689461040567,3641.5061496273356,8294.775090312189,64.58125701782407,683.9977953401537,145.86359229272125,697.9735190592672,7.554748651792845,Ruminal Bloat
39.81840485315939,108.95417682377352,3348.6605668210086,2236.6768873874707,6461.16762464417,28.61378778302866,1025.0106698279128,-225.93799797007495,767.972903980035,8.016249292216106,Ruminal Bloat
39.69897305890186,85.55367665854554,6890.04046508505,724.6696788917525,12237.931287890855,-408.88555878219944,1086.271218007526,-237.71527071753087,761.2749649162859,7.755230707123399,Ruminal Bloat
39.71714562811176,90.5358237019418,7000.401771668177,107.77580403662932,11461.55572339876,-82.76313946082854,1268.315410474875,86.74937595122864,746.5767467694577,7.786074980378034,Ruminal Bloat
39.273314737480746,92.45507466927272,14546.649320209217,2036.7672538444178,10657.399398249894,497.86602847549364,887.2292582812795,-187.6339072878892,755.8064936204424,7.481802161805652,Ruminal Bloat
39.32376947242091,102.21725307395036,4845.592155239541,1007.1256747149832,10144.30660097078,-139.78384108001993,835.7408987513112,155.08944756997437,797.709232344478,7.79713202366359,Ruminal Bloat
39.576177892069026,95.40650573611632,11914.128001232035,2211.7535108079883,12956.453187139039,-54.43524017225182,217.7871573498586,206.58448560745222,719.7877802769715,7.459840693947557,Ruminal Bloat
39.663810348914794,113.57481252755665,3683.339828787103,3849.300491594054,14785.657269545569,120.03566314617015,1178.8172989251857,185.53593734825589,688.7680356019195,7.5797305031434155,Ruminal Bloat
39.60412240286754,84.84967585185431,4878.0927921098155,4034.197918115225,4206.842000859487,408.0401561051281,280.0098608137888,212.18071751461048,755.9499662555825,7.399896617768476,Ruminal Bloat
39.78014879027899,95.22932710527658,2954.51863006609,4644.823278845175,13903.445928177629,335.62569799486,668.2584476887994,-217.46385541947555,689.3426079890584,7.613670755041106,Ruminal Bloat
39.62451478162835,87.28051093789287,8005.38635142601,3692.286124208916,7484.22509171723,40.17214852917522,1064.0918317135229,124.01809430679174,680.083839253576,7.392080863046781,Ruminal Bloat
39.753742199852326,90.30145229719923,6991.038440524202,4705.222311845204,9358.44940578683,-50.81783272492424,703.934210036645,-39.15866960359105,871.300126496555,7.49123704075771,Ruminal Bloat
39.898521430332295,103.89376748630559,6413.457919118677,4592.4815413467095,14114.295613413624,-267.82756589397087,217.22814875594338,232.09973715396353,755.5245058868153,7.526924817008261,Ruminal Bloat
39.3526743460767,109.70923471172294,10581.115620361574,899.633398120146,7839.007124452568,-278.31387521708746,881.8150436351837,93.05188818136355,706.4863706244817,7.536939396581359,Ruminal Bloat
39.522316459623354,85.0872216114639,7773.398940072006,3837.714790030448,4851.688766244672,448.69847068688813,425.02707459884937,-42.330144110108904,753.0225846396595,7.39257220390045,Ruminal Bloat
39.7711824201452,109.50866107810253,7693.994653628126,2652.1659517442376,14493.325009829648,413.9960616271375,1016.801623717372,-65.30010713044439,746.4504578203206,7.580466222987057,Ruminal Bloat
39.39661261601099,99.04191309112959,4001.225197017887,2483.2682956305316,11937.469668881968,72.63321616278466,871.1072963600673,123.18158198260147,855.1231796240021,7.386809165636467,Ruminal Bloat
39.8907128518545,89.00867607155632,7566.2752264978,3740.3534005415636,12522.111996652853,3.603681568083175,154.04538162853203,-17.87209016255988,782.2435225107484,7.122225460275304,Ruminal Bloat
39.780245982829165,92.84940098622222,13418.460893194064,854.1740632944691,12659.234058330974,-155.76030513101753,628.5633553663442,-129.3168973242784,720.6178027076157,7.6794732133889605,Ruminal Bloat
39.81331053296288,96.88362381360612,10811.50983866413,2739.7457967480045,14858.639933141632,61.338503210694505,-52.77039377412018,190.48497961804878,855.9194969099012,7.8687155807102265,Ruminal Bloat
40.03987162406942,89.90923548840757,13523.517581150309,1480.7924452127784,10244.919909860677,506.9924485614354,1269.1846905383572,68.23896864949975,811.5246453701789,7.523014062973941,Ruminal Bloat
39.67581608321377,101.2886906536184,13066.67535703846,1946.453471390288,7067.507640869956,-149.14496445466906,-47.839540395764175,132.5554514808094,782.0771808769764,7.166049977114134,Ruminal Bloat
39.05910673088344,97.91095866893198,6329.684159865607,2315.5622432357113,11380.09874518363,406.86867421220796,1145.9142227912687,-196.22988670924772,689.1707331604284,7.4459682215306575,Ruminal Bloat
39.621214700211546,92.30974452705263,12338.267585052656,1911.423412352553,7444.952775150134,-214.51542805230795,1037.5908177139886,-236.2999842729563,759.8102429505291,7.366324854012413,Ruminal Bloat
39.59089889833351,105.1331869041112,14137.460655563093,2162.935997448628,15080.024960934881,-124.9450012815256,891.7637445785942,-187.66662989877884,874.2371166456381,7.984656406236554,Ruminal Bloat
39.91753039887754,89.4121661338271,13570.831784088223,3893.8875870659936,9298.902605193742,126.68011637558351,828.8871299833353,81.4106106715032,642.4954017249253,7.686159661522188,Ruminal Bloat
40.107462787972224,101.78975286910611,12362.40829399672,34.69024359194873,5074.754364810304,324.98634054878755,248.69552168561324,192.44092588666842,800.5272351892085,7.721517001186163,Ruminal Bloat
39.31497065985372,103.02550442719252,14682.835991598318,1841.169076981073,5829.196001500973,60.260940395409904,-203.32075260612908,-151.1611305646805,771.676143889223,7.423958528807325,Ruminal Bloat
39.85398509476816,93.12583999204445,6107.243564412193,2779.2061864198895,8941.746853112605,239.27614646779995,87.3144570786236,189.7992575206011,764.2034326836532,7.95313359012262,Ruminal Bloat
39.64767004548,93.86476867327002,11324.184053799,1117.2348442876814,6062.096145732083,365.3875849143831,1073.2402788127906,-81.13565087325523,721.7495676545539,7.4120551890508635,Ruminal Bloat
39.832805709030765,92.82791253501392,5201.622027740548,2030.299103624011,8000.065409420285,439.88196248352716,5.274231405168507,-18.937171020387517,816.3701958781172,8.025493511665703,Ruminal Bloat
39.6742616596297,86.01835639174115,13340.752413921982,1681.4241029038826,3297.3728492659266,56.585293107870996,280.7695992037743,178.09262583668166,811.282150731431,7.516695433587345,Ruminal Bloat
39.42576803606553,89.26340688297792,1716.9509261336189,4176.572491683919,13678.429154623447,247.7568129526413,398.61648660557796,225.38583056452936,803.2246983189353,7.725834305162523,Ruminal Bloat
39.70428307753362,93.22967147612225,3123.2945215789223,1925.8806203372496,11420.689007984078,-209.38802656900228,432.2833238666207,-130.93601642763733,815.1943467913704,7.921012381149257,Ruminal Bloat
39.8289442308776,91.76843636530275,6152.450189174166,4613.205146186431,7716.272747013468,253.22180697587302,-163.74044405901975,-125.25211423407325,749.7518604166175,7.591879839003966,Ruminal Bloat
39.7236062722175,88.61365729114956,14624.455539957858,2080.27835007464,9565.822546952773,56.15748464814845,1027.5587236478707,-114.46303199827724,643.6612736298898,7.552396854342681,Ruminal Bloat
39.49929586569218,101.8924445969006,7030.688628621723,3139.3667634587873,8786.073121729338,181.88067427516413,-105.7498743855632,198.7464650081954,872.235711904364,7.873650335502637,Ruminal Bloat
39.24592472772435,77.80520916743177,6357.452601563112,1560.510279236513,5581.746778748373,-36.964074227979545,193.6398798494336,-78.88448440914024,815.9440264065684,7.507332779407326,Ruminal Bloat
39.766873085888044,99.1342491986194,10342.148279028817,4018.4093894779794,8778.113157861415,-243.69163888744387,1025.37377650164,-99.11325865059713,850.2276260058952,7.676640884575662,Ruminal Bloat
39.67463987401457,94.32564472031724,12053.430458153245,3652.9855873143874,11142.18794019281,-241.558820575554,121.39655712584488,162.00539530598826,755.0888845182338,8.167805917323276,Ruminal Bloat
39.582078376773616,89.83740053296609,2358.563635913725,3579.814615647513,9634.781441618588,203.60062787295325,896.1746170306247,57.41893380921496,794.1813855841126,7.647892144086977,Ruminal Bloat
39.80249333935107,95.40412609481574,2240.1408427301276,2164.617941253503,11517.05961879256,36.13265660971818,-15.358295453923233,-93.93771878999557,740.1344165024934,7.643502030602978,Ruminal Bloat
39.73455214726312,101.39772728592582,3365.3794943536504,2709.5459618967825,14616.501050120485,399.0264626938022,1013.8815323682242,-148.53013841273335,793.5363582703367,7.604630747583844,Ruminal Bloat
39.18871594630773,100.2219773924277,12479.84709398522,1549.4361163080887,14045.789152746216,132.8694911477608,308.6927746166274,5.726784103334788,706.2988934430979,7.555707256940521,Ruminal Bloat
39.47360358245882,99.08473944617703,10465.562401229621,565.3815340377182,3513.716666564431,-114.68346525992217,1096.3795831495167,-165.3238539594788,800.0840565173487,7.4799838796582545,Ruminal Bloat
39.627207150547484,96.66799061214529,8554.302823191347,3276.852428392998,14715.642550102044,-234.6578063845328,12.422106241156257,199.00741469658274,821.2110339348462,7.664763090599029,Ruminal Bloat
40.545718289970544,97.37138618786597,11450.507889176446,45.951202828983696,9149.288659990978,284.7683292101371,550.1441489650006,100.89261400690611,772.1476902755396,7.451530907539169,Ruminal Bloat
39.90368735384838,99.60666028094941,2851.3096024279603,1107.5229451762712,3715.0575201344236,170.20810132414215,589.0534024113783,-215.72412218723736,805.2915675022233,7.641169932354296,Ruminal Bloat
39.71754988546321,104.9929812889632,10957.96763334428,3572.2698635166844,8077.630988342345,-48.847888433928965,1023.8319582150363,101.41512090421973,774.7426601278128,7.621373532371437,Ruminal Bloat
39.846792756475516,94.64774172259419,7238.605724626004,2975.747375899041,8496.162079986603,-113.68246273901218,236.95813589884676,-215.7839635283339,774.8873776139615,7.686813886901348,Ruminal Bloat
39.61111165511928,95.85675591470644,5286.4927358456225,2590.285159993507,11652.502303973632,389.11049403980655,750.8374529260099,-194.71759016355364,794.9992719008974,7.5387780550919725,Ruminal Bloat
39.516945742451405,93.51876907670285,4616.827884069548,3393.566291323128,5106.003532248742,-220.26353969822722,1117.6530552267445,205.89914846806033,742.4784440583725,7.354800521367936,Ruminal Bloat
39.753066145645455,114.87335432566745,2866.1053471776504,173.22710837256136,8341.335605527454,53.942189629165235,593.602394588114,185.58167937280467,870.4298166158342,7.3746691607850146,Ruminal Bloat
39.8799372077536,89.0397583085342,3412.053094704028,1696.5546073956725,9521.091884546187,-385.5403197750614,865.954702769716,-10.416352771357673,798.8942826828114,7.170892390804023,Ruminal Bloat
39.639573795683354,96.6618338519865,6902.050515569424,2346.881116715883,7813.318625016425,422.02340072019115,-131.10871246137356,-13.11379810012091,683.2330304842228,7.667693603455007,Ruminal Bloat
39.40268902428519,87.09067235943726,12634.717695461155,2328.545653117324,8222.329860657464,115.02376764614723,370.81287227387725,-1.181770657085151,809.3965726261504,7.837168320250819,Ruminal Bloat
39.64127157295103,88.51845542859894,9763.135543665698,3481.740417309086,5916.144838955287,-321.6661628325963,1045.2267177229692,-189.1335794411263,781.4939215338213,7.4789746194190805,Ruminal Bloat
39.312652987374214,108.77649508675394,4269.128467074567,2080.8159406477444,3716.0313881958646,53.3942082532246,-91.09998448542581,-191.89864086623018,815.7602619074617,7.757341602264557,Ruminal Bloat
39.39857051803177,96.68992295111941,13818.983385895355,467.00188046877884,7342.020799606425,-37.06848135704302,203.73041732626734,-108.24785410272345,869.4996961703326,7.511333547831281,Ruminal Bloat
39.73039840461095,95.20890675138857,11721.161825436559,2358.9923764042237,6699.879079097609,342.8916505459221,1018.4138305818534,-175.14373641719806,725.5905108386851,7.651694309389827,Ruminal Bloat
40.018877402576614,97.38772870961165,14176.799099122414,4651.66245039479,8620.563642420395,-78.09819435489507,724.175381185715,126.76677319052368,802.534516283235,7.746808022416492,Ruminal Bloat
39.62402958248969,81.30410454641859,12079.81207246027,2919.008323428361,2996.0317609869244,-133.06939650907037,1133.4104941135597,40.73837310314201,783.8201460131975,7.381086488526749,Ruminal Bloat
39.43710284203705,103.76410127444596,1862.5449858829106,1226.131066739803,3812.56621912865,-85.78109266551806,1141.4554072789233,-114.00159557733554,847.0384843677523,7.579496908381394,Ruminal Bloat
39.76278494701887,89.33609465143282,14365.534127785322,4656.260294189664,5169.007761258112,372.9801683148175,1019.2519044520346,-241.52519425529786,872.8389979385577,7.569704149641633,Ruminal Bloat
39.83250373703156,102.01890382921734,5886.940272761751,4283.528090727488,6406.599675766092,114.40694065668754,1192.6519537228262,99.52417950310132,823.164360490456,7.509220874505271,Ruminal Bloat
39.436989863288,95.77110079356282,8226.979296920486,83.68449312984421,4385.451214281051,437.40727188335154,733.8464655510415,-187.80378874473917,801.1820302117336,7.649145065789199,Ruminal Bloat
39.58355196918599,87.05559248498011,7590.0866729950885,1230.350516254706,13681.299261654076,-30.352556725314017,208.4647650013626,160.3142419723648,804.2274536452144,7.299059881361974,Ruminal Bloat
39.7651473350555,97.52377907248572,4854.482634398277,3462.857183198079,7702.627278199638,-428.4330348604192,566.3054680329996,148.82663316363409,830.0447157854846,7.6138125834660055,Ruminal Bloat
39.98289973197951,89.09026344403323,7024.2501558067415,2578.9470154048804,12204.120320262024,-418.31892661290095,98.46997437429758,17.897187213946133,672.9447847028157,7.7082278418443755,Ruminal Bloat
39.76272583315867,103.93838308916592,6037.77278275381,2280.918767656413,6636.856480573231,213.9518400127833,-91.26295072676453,-206.49084090414345,822.4608835619756,7.796863915896323,Ruminal Bloat
39.492528515858254,102.39562595306397,9788.459195511057,4662.704653103125,10966.503601643373,-76.72462820778901,600.2768945865155,54.014579596433805,716.7031270831762,7.6021397335037175,Ruminal Bloat
39.74632052790282,100.81241355880036,10534.369546798242,1497.5007095198655,4650.922225311619,223.81190398132264,376.146164999642,84.45757577935643,732.1183767477789,7.673338997293941,Ruminal Bloat
39.36402628870252,97.47621594815108,12106.34683877553,2200.0336556659267,4692.630053125851,-25.59864119795752,916.5698555525679,-105.92568977148896,795.9903269922297,7.679673673338403,Ruminal Bloat
39.6838993526811,99.40177641826469,7465.707650432555,3551.7740630388566,6573.485609437337,-362.19603777995604,230.91534825150023,-139.14810022973137,870.3973570263367,7.676722170592196,Ruminal Bloat
39.709138857105074,87.42787768427502,10884.067514639519,2807.5682741025093,13913.556217064277,-238.66883251015398,869.7815694490151,-34.35744009864454,735.8511397838658,7.717447085225773,Ruminal Bloat
39.52243008323937,102.52963517372548,4993.484231435341,2196.8605561454688,11856.421863427926,147.9815350853982,215.51447686269643,-187.13294684987028,782.8881572091559,7.5787856911428,Ruminal Bloat
39.70517483030036,96.30457294914781,6471.369625134732,3244.9241692239375,7951.722914833087,-320.22196678538955,-112.1806539572907,71.71591896852681,869.9252452148211,7.457342302738855,Ruminal Bloat
39.58174337985694,97.21298010366317,4660.7307714631215,1341.2754712310257,14195.107306790112,207.86522512991922,-253.56990266531795,-194.90840684747633,867.7512812266361,7.164091719312903,Ruminal Bloat
39.53868574274807,87.0600599038684,13587.437704525666,1242.0030160751114,4925.69904285094,-243.53383550050157,566.2990153293487,84.70769092190795,769.7093619014754,7.407726843469982,Ruminal Bloat
39.78309149237708,87.42299110101264,1306.4744096825598,1879.870382196596,7293.35753922563,487.8549428552556,767.2397426071234,-82.7049654942428,867.669548936528,7.224496178691387,Ruminal Bloat
38.917157662754754,88.27783210868115,9297.298484266994,2953.5692520220036,5128.077081505169,-79.18422274414553,685.0815426757432,93.16599971825755,721.4831039397714,7.909821537899612,Healthy
39.543863766459125,98.70881794574026,7885.701514960054,4360.994684719861,9577.558545821827,130.01823400632435,58.678847730087114,19.691947583054414,846.6418809045774,7.553567002563771,Ruminal Bloat
39.640218804477556,94.2527274195646,5664.529685679732,747.5861715496965,9245.864136890483,118.33170849874784,215.29035639485608,-130.02577617927776,765.7626235928783,7.706771679362592,Ruminal Bloat
39.69567481374866,99.81750161930822,8724.79750312899,1158.3756937579096,14306.221353750387,-83.55732087166453,539.6572061548854,-42.19558372599286,840.7818801090742,7.413451932492329,Ruminal Bloat
39.692350726139985,92.71894338773367,5224.1847445021685,4414.450624047242,4572.4381687179275,183.692720431007,598.5393325515095,63.09630542950906,742.904806570446,7.436646337791936,Ruminal Bloat
39.2491816586029,95.18496234959551,4576.972789949744,1767.2417529900124,9641.981471321757,360.2936992699711,-147.42582600524554,30.427034096253823,809.6225365898682,7.577219683016056,Ruminal Bloat
39.64869828443557,103.51574675753956,7825.234212040609,2885.519330867497,13955.45708831651,-270.1166851599267,-237.26322289110908,4.503064916133628,780.8167464966617,7.950456127482862,Ruminal Bloat
39.42147008825237,56.52731060766531,11400.899283996227,2735.7479362671766,3649.0359060032333,150.02321036182798,1050.7825002441205,-221.9382141015164,775.4884946959947,7.512044937856967,Ruminal Bloat
39.365376023661916,86.6900990554343,12303.743837044163,506.75670343682214,14511.801839679303,-277.16642726227377,822.9939021905982,-158.58575448079236,843.9648859549857,7.952098686862559,Ruminal Bloat
40.037436120266904,91.2355691842954,8219.237319683925,870.7222117840204,12670.014929127065,147.4170812287649,141.33708496638855,84.15644179365857,849.3069555848381,7.811346890626856,Ruminal Bloat
39.74529533158131,104.4471339148517,7227.7558065522135,1034.9575186693774,5825.080407117844,-330.32265366626933,105.99285852591834,-119.9401114694995,791.9995328200933,7.36171798536223,Ruminal Bloat
39.807642800612435,99.25989998380302,10724.255397488083,1380.6277388736346,14039.621204326337,-422.2309128105109,62.55267171644323,147.59829755454996,836.7233868446697,7.3181849075137935,Ruminal Bloat
39.45152609818047,83.06181046934792,8724.458165823968,3912.8601817852727,12647.49969304851,-394.49237856234913,476.0218351480416,222.89986639167148,746.4611908959147,7.608899728514009,Ruminal Bloat
39.37734818780026,78.72450102990676,3383.9052760256654,2475.14113548349,5017.865986382936,422.8842720643334,506.8575720729316,235.47172054915904,786.3461547428983,7.378264052852728,Ruminal Bloat
39.652790489942234,90.30998067181613,7589.51541311371,1226.2047641624144,4876.481387469448,-343.88246517360125,1345.137595528689,-237.30891927180716,825.9071759624918,7.488917981355723,Ruminal Bloat
39.40449534243664,112.23785174624972,8127.868610229831,4454.6366958643775,3046.034694291884,-311.4950099435199,639.7045180273822,114.37196905982583,826.8621473704534,7.44223358436068,Ruminal Bloat
39.20716865795773,102.04866217056576,9098.016476354116,2401.4253843527877,13379.289500657913,-190.1327073112105,750.824763966619,89.01200419844315,776.4112776598605,7.862789434659262,Ruminal Bloat
39.25361095821613,95.86526852983029,9496.327845519554,3600.774390924823,4246.81652719711,-282.38533380331484,-90.43334207098155,93.41120063626013,798.0788026791333,7.438784422632801,Ruminal Bloat
39.72095521213105,99.60223650663664,11290.093882544867,2330.32689097672,8787.658624891705,-29.68479643449865,-239.99171089914273,43.54423413624379,719.1699607092206,7.62718410271064,Ruminal Bloat
39.52573180054146,92.61674514524057,6405.303277106248,4857.957628337766,10077.609891043277,277.32236223998075,457.7256969846263,-131.91149530425398,698.5510027348245,7.483792705162254,Ruminal Bloat
39.70044844672467,95.59655547474586,4392.717385600587,3291.308045186469,12397.658665430774,-82.88485112007837,-117.79763596193209,79.75870288864904,835.6988947023655,7.692762055788421,Ruminal Bloat
39.6631029740305,92.19273059080734,13967.32650450588,2158.592810972286,7584.737631634724,218.9970178073141,820.3977599717147,-184.10839784745787,815.158077942801,7.800237511401266,Ruminal Bloat
39.420876430132715,95.78454620791828,14724.395494470253,174.15901684263326,8254.095137414544,338.5986839419679,753.5887395673012,-225.01595958494815,802.33563030316,7.440338005217523,Ruminal Bloat
39.59551167845695,83.35809053264508,10665.14127780857,4266.785860526597,7127.318452365865,-236.8910919084224,513.5421195739913,-135.29172260349884,825.7120668641095,7.4475379497517,Ruminal Bloat
39.489404539401285,103.30340351904222,9974.597961888798,1608.5929344962271,7486.5288941038825,35.92227470101422,196.6708586055031,-132.99647252075266,755.9049180031794,7.411009035193842,Ruminal Bloat
39.252785840656855,99.97173303210423,14189.708784229691,1793.84374199248,7491.578442641562,329.8676285742115,929.5062609787718,-45.496392601481276,865.6364149587073,7.359132789437485,Ruminal Bloat
39.632581009363484,93.06863507979166,4903.3030555802425,1231.2268566953699,3780.361071547846,59.12940956298665,-174.55547690781782,-177.62487231242554,791.0611042099124,7.188867069738911,Ruminal Bloat
39.282201229346164,95.09607501163475,7483.693550542146,2996.8532540132624,8600.469119259518,-73.87020367058375,1306.4166214640363,-205.90138555742186,747.0394148099736,7.515383909701042,Ruminal Bloat
39.79523527036596,96.89988419747826,8481.397380563429,1885.7676278163171,8769.621280157224,356.37852638157665,1186.3768283576846,90.09627474702609,769.4252894598396,7.128604711041661,Ruminal Bloat
39.632123123158806,92.7550829357258,5657.879486899157,3415.5720464511564,13188.248561654404,-290.41687163354516,1061.6697843365898,213.3755342188764,870.196391065207,7.090731579793051,Ruminal Bloat
39.55892742453797,93.31238850236602,13301.030513819107,3580.666902158748,5240.740083860659,490.4720041979101,-146.20841892839223,76.40569929796835,860.3509423557311,7.620384127176909,Ruminal Bloat
39.39447673957286,94.64007795577879,14796.565121505948,926.4426304804433,7956.330348415795,438.7683721377362,17.69928846032326,-170.687423747052,762.1854303274001,7.768841394791223,Ruminal Bloat
39.72942123596818,86.02750065344787,4078.942441761319,4620.58281750825,15152.721132747176,278.463728945056,653.1867222614021,-136.60672861568779,802.2615445079302,7.288952838226409,Ruminal Bloat
39.58810015551909,89.46830865799974,14501.636542363334,1000.3541622717873,12409.945388087788,156.12283715372232,352.93763941923515,231.8642663620335,729.9463404417808,7.788483370031616,Ruminal Bloat
39.78382150161833,97.20797320519793,14188.496773977256,1483.4063512918228,2928.4086442896896,-4.012065540603345,-142.7495558321317,-133.71748121405267,796.5091601894671,7.568844275066122,Ruminal Bloat
39.91607352422517,94.66655036422375,13079.28309303947,-37.02871094317061,10044.16379632863,90.68787801214886,883.275690671002,-128.36750281669384,814.9545925948072,7.429871224582174,Ruminal Bloat
39.837389668766406,104.03687415305836,13545.744457219787,1062.8861283660494,4965.4711513609545,-14.15361797499591,310.6572029910435,183.66091701254732,840.8835782913255,7.934273965105489,Ruminal Bloat
39.890387576396456,96.56136446713985,12551.046489447119,2194.274966015046,10538.520923352022,-271.321044397171,753.0148771698591,-161.9218367395949,868.286427818612,7.833053912178507,Ruminal Bloat
39.6338750026762,94.6826357997557,8322.940352181946,1671.754836838747,14753.603404659552,211.29491001865418,1380.3728615014813,-118.76037293396648,794.4756589841483,7.3998257203675175,Ruminal Bloat
39.803659503515654,92.76611073250703,4646.211897689935,3168.235058409712,12476.310202181081,390.5799152620032,-126.73929580681147,-34.558677142246886,802.3232229969157,7.3351893859090636,Ruminal Bloat
39.391092928612856,82.27735298101376,13908.265934150208,3504.2296192796375,4226.925985013165,398.9618268927046,790.7017537301438,226.84544333022393,775.0896363823402,7.772317030133953,Ruminal Bloat
39.30202776530717,114.87112130971268,7162.8228090674365,2649.010842322394,3962.1120637722825,-403.2301510695892,887.6822634041674,212.04713167879976,870.539060716225,7.532675963521791,Ruminal Bloat
39.51681937938668,90.8433595368751,13634.260099575422,98.5697475885695,12884.42926059557,470.7489181552625,165.24079415392885,-37.479348008331826,713.3967745945491,7.506054200845596,Ruminal Bloat
39.28419544464614,86.77036432238062,13802.893732056524,3773.805452389693,6723.347091173749,-319.3608633203306,344.2239016161092,147.3823122658294,869.1421142583789,7.4118338513511555,Ruminal Bloat
39.54627204978246,114.87335432566745,6512.561723425531,3320.9343910630896,9082.376033704852,350.30274156356086,-67.37903597138188,129.88483880884021,867.5042607778381,7.242870818153679,Ruminal Bloat
39.73010687294528,101.78869568713343,1916.8154415747058,1220.1206837551365,11973.589291480055,318.62824705977323,796.4230663418889,141.3986357922908,803.3060968830778,7.255575183801662,Ruminal Bloat
39.504264307034695,95.59631967815184,14792.23883196313,2300.6317929785464,7340.953682815571,-401.50584709301665,-210.11095153345877,-152.6498668842178,819.1368629975791,7.9404214423583435,Ruminal Bloat
39.60963101883892,96.01149787765557,7911.151568330713,304.69953792739625,10292.232561105437,18.92052859088805,-11.887031887729108,213.73982433767515,720.2904457879815,7.497642469912738,Ruminal Bloat
39.791232810945154,93.34864973607716,10056.723431363416,53.800951242727024,4938.245159558814,473.15534497752446,38.348160049543594,192.42830622330166,753.3051264522874,7.593303843861053,Ruminal Bloat
38.99443182499625,91.22287756561221,4733.618479741521,4123.6499949808585,9165.19120851793,-83.31426124945767,1173.3867276900537,-167.3267464505413,808.3229673315916,7.280675028057005,Ruminal Bloat
39.73485855661317,94.99130608941755,5202.975191808267,335.31697242664404,9350.713543757767,377.1985121171647,1281.5697969907774,36.6143491202167,854.1950012353433,7.605088647465208,Ruminal Bloat
40.1829508827616,94.89670441354062,6666.157350263188,3732.510877081697,9499.378330069538,323.9472592390958,986.607024709305,87.85753723369027,756.2140333652997,7.501216554105064,Ruminal Bloat
39.37557735625244,88.30165794174161,2026.5095154237752,4394.317432557564,13171.52076342489,37.675485217831344,-52.34175091355644,-69.7504418169076,825.6013138061277,7.393061276483792,Ruminal Bloat
39.63533657175073,98.35814207264542,11903.679369923511,3422.8633759934337,6258.000439530393,323.0952030442074,-163.26603318873993,159.63381693959957,774.7780283838797,7.385138384266932,Ruminal Bloat
39.8436846206641,90.41977162314842,12574.247363454411,804.4673292578216,5498.723984749633,-301.8299379926431,796.135812242778,-101.25751516450234,697.8643092428877,7.7947622283356095,Ruminal Bloat
39.80659286522317,88.85295884507579,10932.37820565679,418.34845675252063,2843.0487906178823,165.9229984166267,214.5451553863607,146.5035699720874,797.033848821225,7.738283469020631,Ruminal Bloat
39.25248631663321,89.54449277382221,1940.5168179789998,3574.0386480487755,4232.108828161818,96.93993703367369,-29.384137805771047,-21.39049682119278,865.0742696849919,7.791247289724359,Ruminal Bloat
39.238029194851805,102.91419196488783,1545.5675504486244,3234.7407348376832,11976.948244910103,102.11896668687595,294.9935100223957,67.70671871225282,834.1203668232096,7.545763528887493,Ruminal Bloat
39.25717152230419,97.82996415331914,7150.98944657265,3760.095403878338,13361.909617980898,-24.064581608169043,983.8412474625537,-188.1724338090868,812.892354431201,7.580621610952561,Ruminal Bloat
39.930654346546596,94.21842835001077,10095.725395957634,388.2489840185078,11394.527754643794,-414.4060624867052,1279.7311999282547,2.4513572362376266,843.5114502954123,7.5140948104244,Ruminal Bloat
39.70608167541034,93.38112462411793,5626.769800516242,2507.0048804322128,3265.519266412146,483.8357899956816,266.3703984004237,-29.892168761777693,823.0646514500188,7.42767724634407,Ruminal Bloat
39.743041231459124,110.43910381540655,10134.373598766848,3354.817274507289,11859.81715720268,79.24354458218919,710.7942630150542,-9.866139071341648,831.3472944704822,7.6408681717243345,Ruminal Bloat
39.15686845045739,110.58277954305369,14112.163113067156,2730.7008112478625,5197.394782214197,-189.83185422563,-180.08070998298365,211.40741747987832,787.2622489742279,7.640338910060216,Ruminal Bloat
39.41218374275217,88.82558883798858,6963.144212737753,4147.954629868707,5436.703478260561,-66.38778191197886,1139.7698966154812,-139.68642657985558,755.702672769255,7.699926159820267,Ruminal Bloat
39.83327958167502,97.14771168027548,6493.458287744819,508.1028425360246,9010.787528221417,-398.2129422824775,946.6118024751419,150.87364509286468,870.6916802835798,7.727989644744446,Ruminal Bloat
39.931833459234035,98.47617050294907,7397.052082499046,591.9714030383861,10688.066380947057,320.26045512579236,1044.0449892888928,174.3790775377138,869.6059249043225,7.7320663800946505,Ruminal Bloat
39.267768218056496,91.04070657893556,13477.122749893837,3983.9224918979594,3055.8408163875447,203.3218484880858,1228.6922297385067,-23.245226070886837,648.575195043055,7.936286524199512,Ruminal Bloat
39.67258779391871,98.16026724131972,5768.270628070033,4235.624819086781,10948.173992385593,-263.578870810138,1334.1108770375513,15.19889838563573,811.0416866559642,7.441479057076787,Ruminal Bloat
39.558199243153894,101.30043056186918,8209.073275319379,3595.9745000447,14052.724105652424,113.1944886239092,35.80246391635217,-116.9038544019483,807.3295057160562,7.423665512549462,Ruminal Bloat
39.40072632060851,84.2505515392617,2694.95737093308,4787.412395926805,6620.598591045324,-185.4146045319844,926.9998580606455,-49.467239069649025,836.581271149665,7.365606716976978,Ruminal Bloat
39.852669396037776,77.3359905778747,4654.309490736132,1880.3845698724558,9284.805675589985,153.76086704300442,81.33053197651105,178.78238780416424,752.9767808496837,7.603545594928134,Ruminal Bloat
39.7726729922749,102.57700121154599,5830.716016666491,691.9350687374704,6076.313400437961,350.283907230896,-16.803918921843092,94.67944260092486,840.6098430385582,7.67812034091576,Ruminal Bloat
39.18007488671081,94.41265262439865,7747.720431672324,4607.1897975427,8619.238093380982,-219.03793330870198,657.2522266778492,-36.08138869113745,776.0846226142144,7.200491058457788,Ruminal Bloat
39.380959223367434,99.97809921287589,14011.928621257044,4264.748866724531,8171.3664831621545,452.5391076111087,639.5727049421457,226.68675577704164,723.7012991322825,7.304019988161896,Ruminal Bloat
39.394692057334474,97.79276111193984,4621.169080068801,2271.142377406688,14294.34924757969,2.3497125304621633,580.6530151666087,-201.75019290044966,617.0556707805847,7.901640270187824,Ruminal Bloat
39.55645824042214,92.2721560288176,1764.1171967625596,4502.670567546136,7002.492529628892,236.90281299180086,-181.762225540827,-79.71180094310537,868.2112644908218,7.443958169627724,Ruminal Bloat
39.96481108134947,102.80302974804736,11567.446396842035,3007.68882598784,15081.171853055657,-265.9305451846781,-52.87576606599566,-12.735522099283513,764.5000100688993,7.789723296241114,Ruminal Bloat
39.612237977690775,87.84220993380636,10976.48445134557,3225.1656731930884,11606.061425078702,-339.5865792582272,1138.3197882361756,-199.36967750879603,838.3088312425568,7.484229597959894,Ruminal Bloat
39.79103070359866,97.42494415535926,12554.929450824055,917.9698766986389,3429.750191958855,-57.44807645956242,-155.1369527997598,137.72447722352652,813.6330860000924,7.445013248224202,Ruminal Bloat
39.45851240298388,92.27278609893305,10018.318610059632,1170.469440681022,11479.16200271754,-278.00299136717655,1008.0252009498164,-93.77708971749915,861.6913345339015,7.736012163097108,Ruminal Bloat
39.41748425415862,102.36002909873427,4007.3494722290097,3489.587788348132,8997.760208584461,-230.54048186323533,222.36359039312413,192.37515598235632,855.5141887626137,7.541200796044351,Ruminal Bloat
39.565240294100796,97.45961159031287,4803.284896587648,1254.9559658115202,8206.787482439062,411.5002603329801,1008.7070675233581,237.4027216818028,812.4670552504269,7.373878249547294,Ruminal Bloat
39.71445284107616,111.07047215798431,8060.07337071559,1440.7444205734778,3197.547410708774,69.1879049303977,705.0881889092163,235.4743885688101,831.3617174505395,7.4013541327617975,Ruminal Bloat
39.58231944321686,100.54132830449134,14642.354116015409,2060.752978324568,4391.239811957067,-300.84913013162605,261.40323259266677,140.89180166871313,791.4112813731552,7.916349896208892,Ruminal Bloat
39.51218037957036,103.73870292417155,3857.6664230143288,1930.0858527948685,7827.693620130887,-31.557691118667258,-63.77740296621516,108.70822819237193,797.5253409376016,7.789846893181801,Ruminal Bloat
39.911027287072024,87.37237479170963,4788.343157448533,-42.069351568029106,6138.745242650478,-316.19485395815605,228.74972255122867,-115.86420497842461,789.0871958662353,7.796098047723156,Ruminal Bloat
39.6842248957493,86.4990376398104,14161.862540276408,4227.953474551585,4726.926943743421,-78.29022062798606,330.56486387153336,174.1323199576499,727.3918446941577,7.631662045789156,Ruminal Bloat
39.47277442104334,94.42848540218756,6621.181737742807,2322.4135734799816,13657.29862086904,-173.16436248793974,1173.2969944341708,123.1377588605908,873.66530987597,7.854515943821437,Ruminal Bloat
39.498939248751114,102.92083177878641,8640.09918942576,198.7478509474081,10230.451672753403,470.15782609274453,1000.224626035622,102.39720933703693,823.8542263410568,7.545549859431089,Ruminal Bloat
39.20414633234739,75.97659680064852,6173.617326872963,64.827882487858,11024.965908238039,190.7888908742482,857.0326568674559,-200.83856582307266,775.4943414203191,7.451285342326626,Ruminal Bloat
39.659419320590445,94.3621574235488,2885.2965812712246,1436.001492602235,14157.063452893872,-226.90816943060847,650.665979084352,-177.01750903013672,760.6212110434133,7.59498043501169,Ruminal Bloat
39.55345367307172,102.09782180163256,13280.156245097609,3293.6352628147765,11173.352767645161,-21.168315470469295,288.8485915258973,-134.47665009719594,659.5959944467379,7.504078716926905,Ruminal Bloat
39.64609677711273,111.19416224106732,3404.508624822638,3887.8355777306983,4152.338254043827,-231.59929549716648,1324.365501270343,-199.72484986008615,673.4543888839123,7.619543558454929,Ruminal Bloat
39.786757543030525,100.84979685093066,9065.534798593779,3419.3235780961136,6782.168271751911,-417.6623038082827,819.4437754123394,221.9054041622399,783.5585162724482,7.819924677013192,Ruminal Bloat
39.99903178738178,93.65912434476068,3394.5560142121685,3920.434382872936,10905.724444752692,-284.3335225660599,510.0617392346908,168.58916740138082,817.2813270933781,7.7607922591258625,Ruminal Bloat
39.859547592771065,97.85439779892438,4124.360480485815,3522.301441309432,11166.33533934315,-192.34771858506943,1340.8318942361932,-24.29885483506697,872.1780892538598,7.784414372951108,Ruminal Bloat
39.2624084689201,97.58525303202248,5657.831004710505,1891.802370250412,11687.2374183985,-107.62690689057834,491.34920251459073,-214.78889653267944,799.973144740613,7.640971925459895,Ruminal Bloat
39.19162974850237,90.84084407918793,5328.419203331831,723.0482525261918,10938.174964396698,-409.7389526545541,670.07108002328,-203.04105095206262,755.6166905655417,7.758708446811738,Ruminal Bloat
39.687531677791895,85.56274321632219,3544.063479574016,4198.155661205009,8582.556869450229,300.62169650731045,728.1199286386769,21.753701593411215,785.1856388921533,7.1832710006101355,Ruminal Bloat
39.012793517446156,98.39956843853821,9953.147186033762,1473.557399919585,14369.844968738074,-78.535971177998,770.7989176951108,59.23221474223132,793.6672894938278,7.392854174543662,Ruminal Bloat
39.60336018490831,88.11451204517675,11565.857315756117,2260.3795769676276,5732.911212022273,396.6395863849973,580.9916737950258,-181.60408502488252,818.3588480448227,7.677654102458472,Ruminal Bloat
39.85614266927219,104.70024861183198,6747.186451405145,3723.7155801995905,6546.345637748264,83.24209131680726,1226.2205222581838,86.40833553149363,670.7581143536964,7.617492218753545,Ruminal Bloat
39.3199812716118,94.22777500622263,1510.9194503237668,800.4123059143649,13985.503519034617,368.444506457306,197.11804289495473,236.37338887375876,822.8155381771105,7.3310155740833505,Ruminal Bloat
39.35881214841297,98.81833810633573,1523.6965072571056,1451.2921185462797,8453.088254813392,77.83497144320407,1131.5662938473324,-129.47115167204475,845.6412440019471,7.166412244804279,Ruminal Bloat
39.33515505104288,113.40391690577104,3856.665782615608,2137.2243710115636,5849.3533616623345,160.06661479159453,1208.3314288303627,-241.41781843368594,765.7221071703686,7.526894139160055,Ruminal Bloat
39.4698724523167,85.26197531535433,8411.51575558876,4245.748015323112,7066.463552722706,460.78369112163904,1030.908541924757,36.554507357732234,787.8464128353947,7.495232838618676,Ruminal Bloat
39.55853479034928,101.30857190575377,3248.823979455701,2769.488286503935,4164.591921476324,-346.418365807599,1095.7373750807392,-178.96455192031283,785.0913107984773,7.499806904415678,Ruminal Bloat
39.70624218149586,91.59201674763993,2399.395877287783,3547.699452745699,4232.528212002348,-44.47887223920461,-15.464559602372788,68.38215001357209,788.4616821826244,7.59022255638078,Ruminal Bloat
39.588711526739,85.94326245343845,6937.255297698785,1968.4023850199126,10485.948835157333,487.29244946919994,202.126363444552,45.14397438907348,767.9122046324095,7.933133377780644,Ruminal Bloat
39.66678359583181,85.90719959985493,8693.243627574866,3680.8360598780414,3708.9063889007493,-293.34473530947224,698.2045761810737,76.2984170515856,812.3726904092582,7.245686403984478,Ruminal Bloat
39.71676696038806,81.5482548955357,2990.848562760508,2499.078737149938,14704.59604285442,401.30992207809726,455.9175082025891,-216.5802345862477,865.6893679068489,7.526058428404229,Ruminal Bloat
39.517657204561154,91.7087866028085,2498.544317653438,1614.465599749008,10572.855609900034,57.82256055727705,361.0435817435465,-228.6467807477262,848.9564616006365,7.683036535171981,Ruminal Bloat
39.57217501135965,99.5422427099423,11768.442833878624,4614.066051747695,9424.150959662342,-422.6910273772818,603.9292257834743,148.5096142400884,712.3018101961352,7.725874424506551,Ruminal Bloat
39.97054760666861,81.69230457530287,3505.088883181662,2570.312836651836,6878.370607268256,-252.64383162786024,1070.7908046531784,-162.7037250667027,829.0798961669926,7.529898895110872,Ruminal Bloat
39.70348988610204,100.16384559576083,11856.230444013683,2586.119170982232,9320.72461147103,-116.8408719289321,437.1035231615159,17.195492462755777,873.58468941485,7.706152629135583,Ruminal Bloat
39.45808288177455,103.03217309700598,11369.659497152617,3814.7561863818637,10598.2154859732,-108.02827133813568,235.16469378462028,184.42518549655966,805.1321003182388,7.658364882715496,Ruminal Bloat
39.6778944552345,92.85893676191799,8462.61443644546,4022.6140021659585,9150.155437858672,111.31536429652965,478.5274977069656,-34.238518450372055,736.2235051841571,7.7999396513888435,Ruminal Bloat
39.36138376956934,77.08476110438572,12450.358806361031,4600.719187098953,9772.72172942162,142.40650597369486,929.2834636233515,11.303243875943377,806.3542599139503,7.715454014228496,Ruminal Bloat
39.83866834987748,84.1190792747808,2268.861855030347,917.772760102748,13326.478737672125,-358.79150649744696,-198.76784647814702,-37.73334798308183,802.0152207852592,7.301125960537198,Ruminal Bloat
39.755069486321815,108.65203076648595,14910.155721594541,3342.7798341487796,5266.856432959937,-176.1839958445315,1137.1898756965759,-72.61778190802443,757.3068403315118,7.6973626777894495,Ruminal Bloat
39.89464954461234,97.09232050264512,8817.423560181365,3999.6859722033423,14362.356930046786,-298.2753979169193,1215.433092699592,-85.04292320195046,691.4396193121289,7.634204974898571,Ruminal Bloat
39.68448341392978,100.31289863590374,5129.720553492349,1724.9048364457021,13830.00106031305,340.47501537384073,1085.3507994039799,-219.8131858882655,808.7077479135748,7.596927344438388,Ruminal Bloat
39.58936818549738,88.4896373485091,14447.50594723061,2448.1693119735905,9585.727038611476,-197.30785327165412,493.4803336718519,-63.025523222849515,871.1679047046566,7.752232962328774,Ruminal Bloat
39.74698246615633,96.72038699467677,2123.7954150174173,3759.7476112274967,12239.3331327274,-410.31735190355425,12.53097472303375,36.58761189204347,768.2426775445844,7.708520736887317,Ruminal Bloat
39.63558869278881,80.07757873210842,3005.469724240569,-17.100821848370742,3557.7686510718913,-56.60683448750972,-114.81678535275353,140.14422861434684,763.671547587495,7.701913586227622,Ruminal Bloat
39.383190134105206,98.67022903792298,4094.0462093754004,4569.562244925121,12495.766531127856,-156.0940080469494,-38.751429212028256,209.84501859113936,823.2446407574923,7.611868214301298,Ruminal Bloat
39.3545316809985,102.99588917121157,6532.935314486298,4460.549340615451,3818.257313691376,-315.53788857635806,1227.5054545552266,116.5322218967658,738.1307576660297,7.3722536680865955,Ruminal Bloat
39.4828868318751,92.26803587442667,4037.8265950887735,21.055715296977723,7492.447775148716,-344.5997145082469,-139.84901222104145,-117.91025571309265,792.6247923883914,7.568863273678911,Ruminal Bloat
39.48342597608664,96.94004071447931,12937.089067721088,674.585031605083,3784.5065451721957,-190.93662794324166,112.62807702072541,-176.0147547663065,792.9296268966365,7.596974565591806,Ruminal Bloat
39.61205390018424,91.34642835993662,8373.390471528886,3280.374200444472,10995.528288521062,80.39263476175091,400.5082231496008,-73.45892451747078,871.6874839304851,7.75582192923302,Ruminal Bloat
39.43941244589558,90.06460099363544,2763.162689140867,495.77635278796424,8127.372809911665,9.91430088819532,998.3818877702328,120.42439321911951,806.6673684262585,8.01347215650127,Ruminal Bloat
39.60994928954125,98.52384276580355,8857.606456370351,2553.496365254797,10073.331868224566,-188.03954611931368,834.1950547317919,-104.39278232704332,839.4461170728791,7.613163303822419,Ruminal Bloat
39.45633673423972,82.14502743414161,3125.130902240391,3879.0518747045767,5588.620220990586,81.82049569996957,443.6111333322035,-237.04973378892518,714.8892817566732,7.807045185094894,Ruminal Bloat
39.505410882168135,93.16607203973119,11498.170859692604,2063.2093555286683,4278.280823660049,419.58649417937613,1037.4073003214285,216.96823145044885,773.681568935443,7.5246861822268345,Ruminal Bloat
39.23553875506612,95.81838367831936,5454.556838221693,1147.1496761547676,13962.638986178521,386.0266501444881,432.62301967824857,-95.38043891086501,858.7582891187818,8.005655473599562,Ruminal Bloat
39.75440661213187,92.92229626038406,6688.162715190583,2637.262127870513,9378.292903844502,-84.67232568061775,1238.6039950358531,-214.21936752938302,837.0654851619046,7.755046899547509,Ruminal Bloat
39.162371553501515,93.69679132497005,14549.480400021179,1392.8146054123629,13372.922015980741,-175.21540569380383,1061.4336906824637,153.96281828652883,787.417009483841,7.613971155736506,Ruminal Bloat
39.663231141747616,94.73854781122894,4023.4818700981923,3019.353110977765,12921.954659679592,-62.24344618419624,1200.0380678119398,-62.55298468927715,848.4467062203221,7.502915381611899,Ruminal Bloat
39.58489623302265,96.5945730411139,14294.576070142084,705.0465312750111,14304.70698676515,-32.34320531252521,344.31231786428464,117.06925508412948,774.0535086229181,7.597219773561702,Ruminal Bloat
39.215440411074646,89.68966505767426,4876.8178035758365,551.8477628144151,4739.9774102721,247.97472651959387,51.910538074977126,-182.97796282162028,852.2804269541869,7.486334364636694,Ruminal Bloat
39.38478219795559,95.79256762003962,14367.089949954323,1142.4205578464623,5504.77759182615,430.6420943178402,225.76870663988575,226.7537756843788,746.9726924951331,7.764863081978156,Ruminal Bloat
39.39573286294006,78.63154437094953,13409.792776964012,4406.120457452889,4039.1417912967427,462.23235248922975,408.75363723598315,50.82585222184292,787.8269843875418,7.419090404405013,Ruminal Bloat
39.58245811886322,81.31180078785312,2380.4324095527954,4471.588509710147,7167.855779669349,-143.54810079006836,18.960138278312797,-132.10768180492687,779.8335840069128,7.293481659320291,Ruminal Bloat
39.41146663305794,93.4288554377237,1831.9068795587027,2109.857495731658,7681.617958094566,-332.16651807723883,1340.4591668780774,-188.04785736368208,767.15809869863,7.434748571386412,Ruminal Bloat
39.914848497058465,99.62092107885401,1595.2735779936384,1241.3949566747344,3553.4407161721047,40.21976509381322,943.1729506781605,115.77987720513619,845.881010505092,7.3380186769472795,Ruminal Bloat
39.621268162501224,97.63059781969278,8924.747230776395,3699.912508746794,6205.396154839451,319.90136507916355,1292.699717558738,-90.08369650499654,838.0424312350881,7.701641571387655,Ruminal Bloat
39.730624516921786,114.87335432566745,15331.592705394722,5365.939102780541,5814.865978845894,-74.54248888882279,233.1755456911003,75.94313640407168,714.2225146650088,7.546774395346793,Ruminal Bloat
39.489487099143545,93.41659633409915,8668.79183924456,4608.997136316124,8953.728140919959,-301.71007776480263,-197.6604541214616,-54.226621193020335,771.3172593223802,7.409583520139337,Ruminal Bloat
39.72377630421865,88.46789837667897,6818.30213874957,4255.028093604962,8297.566889946072,126.26164224517512,624.1756786302647,24.59317024779566,868.1870976536543,7.5656173687361195,Ruminal Bloat
40.12726398640758,90.71826365586153,2794.5116732844963,1774.6966490173738,6192.936089393526,-340.4838540115982,1133.7200166882585,-42.64748939093977,846.3810524120081,7.802563974523224,Ruminal Bloat
40.15636024123615,95.82915131503125,12411.500612920841,1312.160034494293,3911.326877750891,-305.5029644279314,494.4495390900596,-154.56799802881176,759.940145594842,7.808693339325206,Ruminal Bloat
39.66344164949664,94.90705353372897,11592.061136463979,1245.8257480046884,14137.460728772276,188.75377216532885,-206.13138272839547,-226.87080725537857,758.7910604498395,7.797307543629222,Ruminal Bloat
39.53051910171811,100.11128793254082,14707.44937883782,3969.32847016828,3738.103382441702,35.453786076949456,228.04302895798617,-171.59566820441108,757.9268935901396,7.445663675511023,Ruminal Bloat
39.371023020075704,85.26546891400524,11657.679323110719,731.7933450341886,9218.239444113204,449.4754477204859,1190.839799885095,60.08123800452627,870.1038272616806,7.830461767516429,Ruminal Bloat
39.552789286139706,108.50173743245547,10583.129933730528,1326.1765830521354,14281.897183992713,-89.98262462038778,501.21899498831675,-211.68358778809252,664.1684064269542,7.359886843352029,Ruminal Bloat
39.36341885654577,89.57989957988342,1806.1108700288405,3356.4946817770337,6143.8290565614325,133.35719247674893,496.1333468450057,77.55515507914279,870.7050368874491,7.794173047642213,Ruminal Bloat
39.81940689003097,93.2594233811585,10236.45483334496,3132.8305751702774,7879.411379004807,-431.148035809671,945.594256404704,-156.84866860212747,852.9655694788969,7.422892945035133,Ruminal Bloat
39.83430352499405,94.86019344969844,3755.9406495053718,1816.7615664056727,4004.9027906020765,241.68511488333476,838.9701806377227,-108.89752686369161,731.680730456307,7.578065377807432,Ruminal Bloat
39.745485789507406,95.24373397402292,3399.4331972815125,558.644404460593,12984.390821849629,509.6761348996618,72.5438176178576,196.3845845847216,771.1090115910671,6.996345222308493,Ruminal Bloat
39.45043830226085,81.51173057363205,2791.132517728687,4127.5321803956585,12487.036228130295,-195.8798250954027,810.9278199522647,215.39048096931114,755.5786930978253,7.826108887439915,Ruminal Bloat
39.9484375602075,107.66359445489452,11411.92002029293,2251.3640016612712,12251.056206110312,200.79462043374318,1169.3268736906039,-238.90125696416612,848.044828727655,7.56417337734281,Ruminal Bloat
39.40370560219008,101.87260996074905,14742.07379837648,561.1982747695804,5109.045082178907,453.6750149168767,687.4009765866024,-202.53155363960553,782.2765189754092,7.63055368007074,Ruminal Bloat
39.685781035228445,64.09009627203228,6534.316690389913,2456.955651478348,14239.397742066065,-13.496928169046726,624.0133237189126,138.4372759221419,831.9989113930644,7.222333335448077,Ruminal Bloat
39.65537309074635,101.70591093524243,13184.865788190453,4212.3965480124425,11657.641526696263,68.56526877682614,-42.61986739774204,-66.47932276474658,872.789329209779,7.98033649370175,Ruminal Bloat
40.06315568670627,92.88211786375734,5968.784762156582,358.1655632109412,8286.649373040731,189.18506702313294,226.35001240129787,232.1639174486487,737.7989668025697,7.630325915365245,Ruminal Bloat
39.109682844909976,97.01859399295896,2899.3932640177627,127.19134931941471,3793.813227827516,48.69195098376149,563.7884727558123,106.84449699509767,539.3377337471165,7.373660216056475,Healthy
39.82677532098096,101.21563214832092,7577.690116943286,1902.717473375829,6212.165545961201,405.23713615754804,824.0296820132143,35.95117114285634,623.1647490864075,7.275708980290171,Ruminal Bloat
39.44136852502904,105.41448414543095,3480.714084010686,1850.4536254820418,12159.807120287735,200.3683928750245,909.5473474721671,-165.3426406112824,810.9201954577627,7.758125921236632,Ruminal Bloat
39.59315200499443,97.55071139756205,3657.125560650269,4552.902247799184,7021.385497006715,414.48114800797583,448.83312385840526,-42.42534610605004,869.9095195031028,7.508983484714436,Ruminal Bloat
39.776902930365644,103.9826966418937,11155.33299831059,1898.3727576963756,8340.177573493294,248.49685679991674,851.5070146186517,105.34849465262195,811.953026012565,7.317834207748684,Ruminal Bloat
39.6373320386979,98.73434865188824,13057.044051555888,2835.2602310163275,10743.405313497471,486.4620765207949,428.32213037038923,-134.50646236672313,855.8363441535782,7.098902232439182,Ruminal Bloat
39.80396938499302,94.64142204819994,11824.677871174494,2252.846839698423,6263.778468436758,-440.95905064379565,331.7738181806224,154.59790251737442,762.7633111634593,7.736588040021071,Ruminal Bloat
39.550559894684014,89.29267824929293,8737.957899206254,3825.985054168366,14768.738754265507,-284.18349355218555,527.9023036862382,-10.391863298827094,824.8077755870434,7.644302197622075,Ruminal Bloat
39.9706961993507,88.77575136702282,3442.274946926156,3656.4775005069855,10980.117534171444,216.7640131024617,247.59750407570965,220.7479104104189,826.2903252205094,7.4643110829324435,Ruminal Bloat
39.61120581162108,102.8023047974484,10661.38591207335,3117.609055541416,9266.428731268781,145.11150317898677,522.1983411335425,-11.259218724169788,774.8294577729528,7.662428762074359,Ruminal Bloat
39.46126766170806,101.35155181229953,9824.652981558611,665.8837114929115,12587.660481547635,294.2117768162995,708.2111467363789,115.3587337673402,726.8343700840285,7.550006084631621,Ruminal Bloat
39.24021022987657,94.59383553541028,12979.030134458015,374.4364583329382,14965.844054005654,-193.09929612886734,-123.89821640695823,-207.36724177776946,730.1950407026708,7.806953224721965,Ruminal Bloat
39.57551585881065,102.72865475376528,1868.0137674693378,995.8216510022669,12139.916658327193,369.44809578601286,162.10752619403308,59.663167818050056,754.6795059810779,7.12370191523739,Ruminal Bloat
39.24924913569834,103.8329777472988,8861.890772885537,130.47250368451068,3586.026261574544,300.87879692802693,797.0094484748633,159.75659089925125,835.7963556839559,7.616183932171616,Ruminal Bloat
39.41031812742161,92.0117740767862,1895.4508878810984,164.46348560441356,6063.117331124331,-429.6444564506388,492.14492574828483,-137.05211224478757,872.6365506924058,7.776939190926923,Ruminal Bloat
39.80836730198188,95.59459453140144,5662.489421857132,4426.838832467066,5195.891163935228,3.075479815145858,849.087448349076,-217.6970793558352,867.8646067647747,7.684239731478896,Ruminal Bloat
39.70446257461947,89.42248823711877,12880.064902571088,3556.7951483168226,10371.365133302344,-207.927247838545,746.3202488602059,-238.189812711897,776.1127516644087,7.583117822510621,Ruminal Bloat
39.41646733566707,94.05417121579386,5525.763646895752,1746.6664827845843,8072.796735082845,432.88932298592994,-168.77743361121168,132.76547317539334,789.3125101561676,7.34772797957587,Ruminal Bloat
39.80525937497118,95.2216343175499,6777.049417582169,314.25014143764156,14712.293068726427,-16.294580249012377,353.8388767156414,-120.21224927904579,763.8981768639987,7.569075121941917,Ruminal Bloat
39.58094976566911,87.92880607089609,7440.164486605661,2951.84258682868,10627.08249457732,-378.7996773679684,162.5618435719258,-226.81963343332853,740.5882611283944,7.555964994122441,Ruminal Bloat
39.62500993781325,93.51823089935053,9475.809238998685,3678.298416026925,8189.36564364942,-325.44192975494985,619.571408948783,-174.75725047687303,732.9815257216753,7.423625249895198,Ruminal Bloat
39.4484240434431,90.70746167546052,11461.522154897522,2686.7820146591084,13995.283225315841,99.18497852964353,150.11510743221322,14.208180245987734,805.4718849692993,7.075592908349435,Ruminal Bloat
39.51586141484671,84.85961057244785,3966.9079194425085,374.61085208276586,3315.7140081526277,23.553750621044763,1184.7313782088418,-103.53552287993264,802.1320763723688,7.691536305863237,Ruminal Bloat
39.882182206632685,87.15962445843948,11953.16709513788,933.3198792951848,3829.5399702280993,147.44826389152885,768.8670264161253,-131.212151199395,805.9345923316896,7.629226668866508,Ruminal Bloat
39.29930599137601,96.1440479140394,1933.1532244997634,2057.2896033716524,5067.519975895636,456.7557129384236,975.4904146085772,42.70150372230468,725.5030289147448,7.311056756549631,Ruminal Bloat
39.52931908399857,100.52982903667723,10657.864290425852,3910.932969708418,13504.440058446067,156.15911978083315,326.44930204154934,-247.6064327027225,846.5349867697586,7.777497943633408,Ruminal Bloat
39.63165437946452,106.91187729117526,13501.015236446281,3937.2344435156074,6429.871852987616,-399.93146161227503,743.107536590647,-166.9828332588212,871.3109882451571,7.932517827029423,Ruminal Bloat
39.43613038859319,101.51099323012832,8058.786793094663,3218.060702932268,6279.036448671673,454.3833967519923,376.8079555448463,175.82665244149734,777.6762871158295,7.314684094407962,Ruminal Bloat
39.758397501382575,95.16888063380398,3768.226671925393,3561.6856705678633,7325.056537315252,397.55411970156064,1054.472134373757,203.48564557563694,788.6368366635614,7.472278699501467,Ruminal Bloat
39.80503146811538,104.66930363399544,12320.387631091122,1530.9755690427924,8996.497034886484,-143.52945555675726,1046.705274820387,-237.51516031109858,814.884526936598,7.478730996920992,Ruminal Bloat
39.6708229315901,84.14045096624014,11830.8809818367,2774.198613448151,14214.88747838832,471.134889048831,1029.619967654663,179.67235412711602,868.117112503721,7.217602463838479,Ruminal Bloat
39.705242648512076,96.18711950609523,14055.796826858848,343.2502768134468,13299.71474959837,115.24686070047116,-78.11407950093496,150.89572162280234,734.7309738092214,7.375443526051008,Ruminal Bloat
40.00889870094233,97.31393845924251,8953.333944097642,4417.310874300233,6253.092536644388,399.14579632261143,164.17673098498437,-46.877837939552634,825.5463224298578,7.627055210863927,Ruminal Bloat
39.49883411411319,81.68865704177628,4726.281172057565,720.985838988443,6413.047901929721,42.51843474409335,54.499280884882864,-59.842787988604144,778.6853259004529,7.376951815686088,Ruminal Bloat
39.57615757448402,93.34623778899268,6899.697374508498,1294.012952297705,3340.980048069282,197.66375343817649,562.7909847885919,-22.22167541494515,784.8964104219034,7.4935366458753006,Ruminal Bloat
37.09323522827729,121.38059134441191,12373.085053274273,2864.7362095453736,14719.583170416654,363.8265266129853,743.9305038039811,82.36608200683723,745.4550763478569,7.960554266424272,Healthy
39.41504471298514,93.87639000946172,12413.78312821909,190.40712963646138,8153.463979980378,93.05958831706536,-79.41732216453909,60.32223380042457,831.2561642575254,7.744079760605747,Ruminal Bloat
39.78091988082571,104.40105349589643,1808.3342500162853,1261.2775332723354,6820.979781994978,-222.8192621255067,337.80210989007406,216.630578662253,731.0886984183326,7.443359493393212,Ruminal Bloat
39.52946215387738,95.38149015374609,14681.370119327992,4182.032639874222,11578.625616754398,320.82944818788684,1129.904770598695,35.00881818086029,710.2633475587294,7.754018567898455,Ruminal Bloat
39.72450676072362,97.08880259371368,2943.517432388873,4366.04278610487,3962.1529366467676,-46.27224816114022,1213.1485499442203,142.94051357025387,799.8433453337622,7.397270886731898,Ruminal Bloat
39.507667645625034,106.13331404512385,4571.739359389786,345.55691977180913,9407.848291780441,209.3457488615327,799.7387635439051,-24.681113418059873,727.3015154468978,7.787620807490346,Ruminal Bloat
39.60061319790191,98.5868675147023,2506.790525502908,4789.209486014378,4362.847940535874,243.46449429412414,1356.6933581706553,146.94362159944367,753.9950539196329,7.188004180064072,Ruminal Bloat
40.01817611873805,89.99536502267057,8417.944709059973,4378.959297002511,9417.56393394962,-394.53038541895006,-167.88082717228247,210.664657188852,712.6108406161377,7.3306643012266335,Ruminal Bloat
39.27548187907308,92.55675425021741,8244.383424392177,613.9323035428197,5746.485877422452,357.65266031248035,224.54346598980732,-194.3419972865327,685.0486435375874,7.58534557601011,Ruminal Bloat
40.13365729122999,100.44322972573353,10434.655837657878,2670.2717651709245,8778.893973904847,372.91401820362165,825.2521702097758,-71.6511834178313,788.3572294656642,7.184077176011625,Ruminal Bloat
40.00379355212769,100.89282778019573,4136.061319163156,243.8155948788003,6104.634347455632,492.535099731216,-159.03715320732488,3.4182756337349147,813.493766908759,7.593776981754581,Ruminal Bloat
39.957284255753834,100.18101083320721,5977.493166380598,2606.4642197078,4561.984867424731,357.619185777799,1186.5750024896665,-107.20130229829881,817.0439157271023,7.599124882330386,Ruminal Bloat
39.232827002657736,91.61044449222175,14186.18329122496,1120.5915365272613,7733.421124627887,-244.02270317008296,13.762745393601676,-105.2011974971078,842.7704927833577,7.225137098279691,Ruminal Bloat
39.86233797535057,97.37068556783436,5440.798475935228,4222.508717095909,14039.665525554483,149.77217726473822,898.4719426713935,-165.80082865296248,809.8773765943345,7.7013188923812415,Ruminal Bloat
39.82927556447684,92.92642580512148,2152.3552342734956,3361.512927317426,3538.1465044354245,63.724490598291126,1102.0793612138168,-106.16476244308691,794.7822187078878,7.625672139745905,Ruminal Bloat
39.817528074133634,94.06599624095749,2365.3989103285603,2234.196724474706,9449.918641436267,227.6066342026394,1290.9225546529767,-19.641735964060604,836.8267209031274,7.861256128072936,Ruminal Bloat
39.6311679787266,99.27511603191755,10935.80798368943,900.5116335863725,13329.165312973506,-102.10547251444206,-55.13506167794833,153.21209899026496,825.5211615112272,7.4752740502956145,Ruminal Bloat
39.40590184570494,90.3756875166747,12503.167299195171,3281.565069087753,4805.566246776401,56.55832194267146,407.88297031632044,-198.50776854291348,845.1216192467207,7.668216768314336,Ruminal Bloat
39.887541769699055,103.47692336086396,11237.394306371221,3474.2737260329877,11667.655975412272,402.6890780320057,932.164942064061,-135.4934212991323,766.4300972811249,7.729978343728252,Ruminal Bloat
39.5031195809294,92.99210695555392,7023.611815653538,2896.5869597322426,7403.921889971674,422.7389573847816,221.92872922534474,74.99217696530607,775.1145303001076,7.659911756265624,Ruminal Bloat
39.57152269093988,92.87742957044162,4305.490982597383,1235.7201377939125,13675.877125086663,-276.2389908961209,288.53058198906604,152.9365658498086,717.8371348777202,7.645614270661227,Ruminal Bloat
39.78875068990618,99.63325046531965,7689.950709260238,4554.802512609027,5851.840955127347,-78.00607925548869,397.240923717401,52.30696456080916,681.5995367133476,7.475681935786927,Ruminal Bloat
40.46090497041488,80.34373321067851,3571.181198523085,4813.591716364306,10464.631240840372,405.9663273028152,1227.5468913815546,-131.3459207469569,824.3840295726753,7.364005755932847,Ruminal Bloat
39.47162931123345,88.25880084729285,12690.74936355403,4470.0837888430015,9634.072964808467,423.9976215184793,1163.3230196903005,-154.69809963358315,758.6313206891424,7.597023728815126,Ruminal Bloat
40.003798510558276,93.59125718116385,13475.384292162551,777.9144974892017,13808.993055966912,156.42068187551394,506.36163514127895,111.68794791828446,779.8706661281012,7.565617100242015,Ruminal Bloat
39.352540884991086,90.15512397929047,7754.503460387343,4220.680638926081,8231.71001514775,28.591226776070485,-171.20035250794524,-128.80691814432748,768.1999805716839,7.615357029552262,Ruminal Bloat
39.08210080048243,100.89942322236212,4665.396397287489,2031.2155701124234,13983.431970992675,158.95667092162026,607.2114401943593,-28.09022503710785,823.5938780176099,7.804597282880187,Ruminal Bloat
39.00777581707042,107.05350388995868,3447.055319513476,2210.1768682643497,10682.148972916148,143.08019667500147,543.4304125325941,37.016140417109185,862.3870170932925,7.549015645323033,Ruminal Bloat
39.68448606246641,89.36717043892509,4187.218256815606,1131.3303987712757,3196.452234765745,-182.8875582049983,-60.56720390423459,111.86477400836289,828.4663480909721,7.753760580550579,Ruminal Bloat
39.75423218065149,90.15182234293076,10421.378271223086,4365.782965514163,9671.478559993833,-68.447878176854,1080.8792532826437,37.408847295777434,812.8690695820785,7.760937105493184,Ruminal Bloat
39.88391715998164,101.04559199581212,11016.87243757061,3249.562551110796,4056.7159883291024,-11.585021366935784,1163.4638768832187,66.09291263567232,704.6061279638316,7.549345970942972,Ruminal Bloat
39.73766465699254,80.83383128599407,14485.148961436862,3630.3369216649253,9417.472001986012,-342.1819778963048,1275.8316798959231,29.6454330114798,760.9960501264078,7.605432378990727,Ruminal Bloat
39.83592346292087,96.90969414635124,5473.208491206449,1594.0513035298675,4590.733260368928,-143.1773360227142,968.3677738345862,-175.46883719984146,776.9870987442571,7.537253483706904,Ruminal Bloat
39.59882891009702,85.02276257898541,6761.140326638361,605.872751367629,7585.251677426172,161.42850158706466,-204.5821696201623,177.47586580363782,808.4091974301862,7.27757296637275,Ruminal Bloat
39.88362794735615,88.59078525001091,14322.976007470355,4318.179792980944,7557.0667178237945,-324.55565369813934,1109.57259834224,3.552725678292312,767.5287562748333,7.799423156836776,Ruminal Bloat
39.248383838544775,90.82791776216177,12716.476825518886,1171.4791791657708,9871.296577917892,-157.96720952197828,228.12615530497152,131.62524505226884,824.4796570783226,7.802850709094553,Ruminal Bloat
39.60391872491841,93.12795041563571,4612.236251537169,4219.129755495909,4393.964954599078,142.5519863173151,872.7999287896987,-92.67532654953958,634.2961381548048,7.59082950867186,Ruminal Bloat
39.761051152164704,95.5697221028372,1928.327382806181,536.3418256591426,11675.244859510587,-384.8558577853299,37.593153157368306,145.38057221106843,798.166401410939,7.85763873949622,Ruminal Bloat
39.49918826225826,101.41703467592495,7423.129016225533,2533.4245632028415,7844.394519437239,193.57836755806332,795.2165646828608,-186.11955469830318,830.5302404520344,7.450811146557187,Ruminal Bloat
38.77402471330684,111.64663656006468,8293.257089464714,817.9256851232244,13610.894956873468,393.18231504671473,658.8830561126285,14.482671856322732,693.6741727065792,7.660202564607086,Ruminal Bloat
39.622119434325235,83.17003621944615,13294.65184032669,822.17984490655,11404.72555443805,433.693924163648,-210.18972268587265,-60.056646056665244,794.4559548086038,7.532571516602511,Ruminal Bloat
39.664203926005285,103.45334502390536,5163.074084382995,1659.482410563488,14163.111796773024,-173.61431046595024,1298.627777052101,74.2717884510779,868.7734113486371,7.281611968557723,Ruminal Bloat
39.606384305024456,90.53866767716757,14135.261024744143,1033.6507675626915,14520.071293890593,-350.38135733698084,1335.9843421422806,88.88212119524894,870.2152272888438,7.33743613205099,Ruminal Bloat
39.41871474625284,108.78938759514227,3396.9024035887105,3316.81372970541,14327.09073435589,-23.40823183413776,916.2589506642618,-64.23483874322494,868.2055629864419,7.288891264382299,Ruminal Bloat
39.45249843654279,103.80033442412908,2374.4752040640333,943.7646850106698,8206.773923120567,429.50706949946937,1144.1390302516193,-160.21078245919097,816.0308151002548,7.384283649561033,Ruminal Bloat
39.30502695238728,89.24390240637285,13177.441793444897,2659.3668866176113,4461.022764052351,-105.55136739900507,-44.227368439480415,-60.68676498158031,777.1699667443486,7.5779336806793065,Ruminal Bloat
39.287582033681645,112.90336714935174,8313.535771324936,2429.988664415038,6909.1070300920965,-182.52533238079693,650.5096793873267,-89.86755888456749,738.3049710517904,7.666681466552727,Ruminal Bloat
39.88588087366703,83.95403639031778,12501.778946133429,3643.15925629282,6684.109888283905,406.2264218043795,382.0329332258052,71.65871054694614,871.7751962063556,7.640126562230455,Ruminal Bloat
39.54643545679093,101.80412011292513,5815.2676071125625,299.61808923968965,11135.35150473076,-193.2366783837738,675.2764126655355,-118.75444772294435,851.4814452305085,7.610640438784937,Ruminal Bloat
39.377106109064364,94.12534577513101,9356.424864403536,49.28263809177861,5313.351725572492,216.30726783985727,1017.8539333610678,235.70931305297694,873.7392298416536,7.842769275344667,Ruminal Bloat
39.73710703924848,88.62358262816426,1692.5226071385423,3992.2690278602886,4181.042573865569,412.58336991107836,-10.490789693042984,-138.28815496155607,813.6941287325254,7.714072367730569,Ruminal Bloat
39.558575383707684,92.15840275909297,6053.714458361724,1582.002732289504,10019.421499344306,35.63730766909842,1205.0182046382447,113.24192958253428,819.9956421083067,7.7157293161531,Ruminal Bloat
40.521736980770655,83.88059134441191,7736.136361513891,4307.356939824512,5388.501874574154,-164.81329686072172,123.98292906831796,42.18337819582307,701.0026122907769,7.916850692429268,Healthy
39.49075359938467,89.09188504206656,9105.67604693995,614.9367321444854,14109.192941510893,-230.3812102030207,773.4826710712814,145.61944594814554,799.6833702278993,7.476405856435396,Ruminal Bloat
39.72779494689293,96.00334276076615,11352.505244760028,3297.1942140040182,11160.856435212943,-20.697046892602692,-200.89789663200077,-223.69320653689027,872.5573021512866,7.902547958325561,Ruminal Bloat
39.670295633484514,105.28495080984608,5594.993490807776,2793.1421583460883,12431.818982747776,332.51005232899996,1090.5770184611588,-106.7914412492564,773.6537783847209,7.788868100997959,Ruminal Bloat
39.20540685317845,74.4682822844379,10385.937208936297,967.6093314066316,4431.870279621248,18.587002673092407,-183.77182580149508,-223.4894095803536,834.0127176613435,7.796763744934856,Ruminal Bloat
39.50191707631169,99.02893409325958,8620.924389558322,1385.3066125575122,9200.87227034359,-116.28105758692092,587.8517151920304,-51.25257735872465,808.9350248798263,7.656596751581128,Ruminal Bloat
39.77450400699906,96.75931775323289,13621.503050223873,944.0617761620806,10482.953482994119,-237.50971783104896,872.5411403494247,-55.26413631825838,799.9589820086128,7.8169321909313165,Ruminal Bloat
